-- MySQL dump 10.13  Distrib 8.0.21, for Win64 (x86_64)
--
-- Host: localhost    Database: forge_dev
-- ------------------------------------------------------
-- Server version	8.0.19

/*!40101 SET @OLD_CHARACTER_SET_CLIENT=@@CHARACTER_SET_CLIENT */;
/*!40101 SET @OLD_CHARACTER_SET_RESULTS=@@CHARACTER_SET_RESULTS */;
/*!40101 SET @OLD_COLLATION_CONNECTION=@@COLLATION_CONNECTION */;
/*!50503 SET NAMES utf8 */;
/*!40103 SET @OLD_TIME_ZONE=@@TIME_ZONE */;
/*!40103 SET TIME_ZONE='+00:00' */;
/*!40014 SET @OLD_UNIQUE_CHECKS=@@UNIQUE_CHECKS, UNIQUE_CHECKS=0 */;
/*!40014 SET @OLD_FOREIGN_KEY_CHECKS=@@FOREIGN_KEY_CHECKS, FOREIGN_KEY_CHECKS=0 */;
/*!40101 SET @OLD_SQL_MODE=@@SQL_MODE, SQL_MODE='NO_AUTO_VALUE_ON_ZERO' */;
/*!40111 SET @OLD_SQL_NOTES=@@SQL_NOTES, SQL_NOTES=0 */;

--
-- Table structure for table `activities`
--

DROP TABLE IF EXISTS `activities`;
/*!40101 SET @saved_cs_client     = @@character_set_client */;
/*!50503 SET character_set_client = utf8mb4 */;
CREATE TABLE `activities` (
  `id` int NOT NULL AUTO_INCREMENT,
  `user_name` varchar(191) DEFAULT NULL,
  `ip_address` varchar(191) DEFAULT NULL,
  `created_at` timestamp NULL DEFAULT NULL,
  `updated_at` timestamp NULL DEFAULT NULL,
  PRIMARY KEY (`id`)
) ENGINE=InnoDB AUTO_INCREMENT=58 DEFAULT CHARSET=latin1;
/*!40101 SET character_set_client = @saved_cs_client */;

--
-- Dumping data for table `activities`
--

LOCK TABLES `activities` WRITE;
/*!40000 ALTER TABLE `activities` DISABLE KEYS */;
INSERT INTO `activities` VALUES (3,'mr. david','72.255.57.57','2020-07-28 10:50:12','2020-07-28 10:50:12'),(4,'mr. david','72.255.57.57','2020-07-28 12:12:09','2020-07-28 12:12:09'),(5,'mr. david','72.255.57.57','2020-07-29 04:50:50','2020-07-29 04:50:50'),(6,'mr. david','72.255.57.57','2020-07-29 06:26:40','2020-07-29 06:26:40'),(7,'mr. david','72.255.57.57','2020-07-29 06:39:00','2020-07-29 06:39:00'),(8,'mr. david','72.255.57.57','2020-07-29 06:53:22','2020-07-29 06:53:22'),(9,'mr. david','72.255.57.57','2020-07-29 09:44:38','2020-07-29 09:44:38'),(10,'mr. david','72.255.57.57','2020-07-29 09:49:51','2020-07-29 09:49:51'),(11,'mr. david','72.255.57.57','2020-07-29 10:03:29','2020-07-29 10:03:29'),(12,'mr. david','72.255.57.57','2020-07-29 10:45:38','2020-07-29 10:45:38'),(13,'mr. david','72.255.57.57','2020-07-29 14:50:17','2020-07-29 14:50:17'),(14,'mr. david','72.255.57.57','2020-07-29 14:52:04','2020-07-29 14:52:04'),(15,'mr. david','72.255.57.57','2020-07-29 15:11:09','2020-07-29 15:11:09'),(16,'mr. david','72.255.57.57','2020-07-30 04:59:12','2020-07-30 04:59:12'),(17,'mr. david','72.255.57.57','2020-08-06 04:39:04','2020-08-06 04:39:04'),(18,'mr. david','72.255.57.57','2020-08-06 05:27:42','2020-08-06 05:27:42'),(19,'mr. david','72.255.57.57','2020-08-07 11:05:56','2020-08-07 11:05:56'),(20,'mr. david','72.255.57.57','2020-08-10 05:39:55','2020-08-10 05:39:55'),(21,'mr. david','72.255.57.57','2020-08-11 04:44:08','2020-08-11 04:44:08'),(22,'mr. david','72.255.57.57','2020-08-11 11:11:08','2020-08-11 11:11:08'),(23,'mr. david','72.255.57.57','2020-08-11 11:20:54','2020-08-11 11:20:54'),(24,'mr. david','72.255.57.57','2020-08-12 04:39:35','2020-08-12 04:39:35'),(25,'mr. david','72.255.57.57','2020-08-12 07:36:31','2020-08-12 07:36:31'),(26,'mr. david','72.255.57.57','2020-08-12 09:09:15','2020-08-12 09:09:15'),(27,'mr. david','72.255.57.57','2020-08-12 11:46:32','2020-08-12 11:46:32'),(28,'mr. david','72.255.57.57','2020-08-12 13:41:49','2020-08-12 13:41:49'),(29,'mr. david','72.255.57.57','2020-08-13 04:43:41','2020-08-13 04:43:41'),(30,'mr. david','72.255.57.57','2020-08-18 15:09:19','2020-08-18 15:09:19'),(31,'mr. david','72.255.57.57','2020-08-18 15:15:08','2020-08-18 15:15:08'),(32,'mr. david','72.255.57.57','2020-08-19 04:59:30','2020-08-19 04:59:30'),(33,'mr. david','72.255.57.57','2020-08-19 07:21:16','2020-08-19 07:21:16'),(34,'mr. david','72.255.57.57','2020-08-19 09:39:01','2020-08-19 09:39:01'),(35,'mr. david','72.255.57.57','2020-08-19 09:48:17','2020-08-19 09:48:17'),(36,'mr. david','72.255.57.57','2020-08-19 09:49:00','2020-08-19 09:49:00'),(37,'mr. david','72.255.57.57','2020-08-19 13:56:41','2020-08-19 13:56:41'),(38,'mr. david','72.255.57.57','2020-08-20 04:46:20','2020-08-20 04:46:20'),(39,'mr. david','72.255.57.57','2020-08-20 06:58:01','2020-08-20 06:58:01'),(40,'mr. david','72.255.57.57','2020-08-20 07:04:55','2020-08-20 07:04:55'),(41,'mr. david','72.255.57.57','2020-08-20 07:55:11','2020-08-20 07:55:11'),(42,'mr. david','72.255.57.57','2020-08-20 07:56:03','2020-08-20 07:56:03'),(43,'mr. david','72.255.57.57','2020-08-20 11:13:13','2020-08-20 11:13:13'),(44,'mr. david','72.255.57.57','2020-08-20 11:41:37','2020-08-20 11:41:37'),(45,'mr. david','72.255.57.57','2020-08-20 12:00:56','2020-08-20 12:00:56'),(46,'mr. david','72.255.57.57','2020-08-20 12:44:03','2020-08-20 12:44:03'),(47,'mr. david','72.255.57.57','2020-08-21 05:00:05','2020-08-21 05:00:05'),(48,'mr. david','72.255.57.57','2020-08-21 07:29:38','2020-08-21 07:29:38'),(49,'mr. david','72.255.57.57','2020-08-21 07:30:13','2020-08-21 07:30:13'),(50,'mr. david','72.255.57.57','2020-08-21 10:03:41','2020-08-21 10:03:41'),(51,'mr. david','72.255.57.57','2020-08-21 10:43:02','2020-08-21 10:43:02'),(52,'mr. david','72.255.57.57','2020-08-21 10:52:18','2020-08-21 10:52:18'),(53,'mr. david','72.255.57.57','2020-08-21 12:36:20','2020-08-21 12:36:20'),(54,'mr. david','72.255.57.57','2020-08-24 04:29:34','2020-08-24 04:29:34'),(55,'mr. david','72.255.57.57','2020-08-24 08:34:44','2020-08-24 08:34:44'),(56,'mr. david','72.255.57.57','2020-08-24 10:37:40','2020-08-24 10:37:40'),(57,'mr. david','72.255.57.57','2020-08-24 10:54:12','2020-08-24 10:54:12');
/*!40000 ALTER TABLE `activities` ENABLE KEYS */;
UNLOCK TABLES;

--
-- Table structure for table `affair_details`
--

DROP TABLE IF EXISTS `affair_details`;
/*!40101 SET @saved_cs_client     = @@character_set_client */;
/*!50503 SET character_set_client = utf8mb4 */;
CREATE TABLE `affair_details` (
  `id` int NOT NULL AUTO_INCREMENT,
  `affairs_id` int DEFAULT NULL,
  `name` varchar(250) DEFAULT NULL,
  `type` varchar(50) DEFAULT NULL,
  `status` varchar(50) DEFAULT NULL,
  `url` varchar(50) DEFAULT NULL,
  `description` text,
  `image` varchar(50) DEFAULT NULL,
  `created_at` timestamp NULL DEFAULT NULL,
  `updated_at` timestamp NULL DEFAULT NULL,
  PRIMARY KEY (`id`)
) ENGINE=InnoDB AUTO_INCREMENT=26 DEFAULT CHARSET=latin1;
/*!40101 SET character_set_client = @saved_cs_client */;

--
-- Dumping data for table `affair_details`
--

LOCK TABLES `affair_details` WRITE;
/*!40000 ALTER TABLE `affair_details` DISABLE KEYS */;
INSERT INTO `affair_details` VALUES (19,12,'WHAT YOUR BREASTS SAY ABOUT YOUR HEALTH','artical','1','www','<p>Every part of our body has a story to tell. From our eyes and teeth to our skin and body hair, each gives off telltale signs on the internal state of affairs, and our breasts do much the same. However, most either ignore these changes, or read too much into them. So here is a&nbsp;<a href=\"https://oladoc.com/pakistan/rawalpindi/gynecologist\">doctor&rsquo;s</a>&nbsp;guide on what breast signs about physical health mean.</p>\r\n\r\n<p><strong><strong>1- Size</strong></strong></p>\r\n\r\n<p><strong><strong>Normal:</strong></strong>&nbsp;Since breasts are chiefly composed of fat cells and glandular tissue, weight fluctuations can affect breast size, i.e. they grow larger and smaller with weight gain and loss, respectively.</p>\r\n\r\n<p>Similarly, starting or suddenly stopping birth control medication can increase and reduce breast size due to estrogen fluctuations, as can the menstrual cycle in some women.</p>\r\n\r\n<p>Moreover, a larger breast size may also indicate pregnancy, when the body begins preparing the milk ducts for breastfeeding, while a smaller size might forecast impending menopause.</p>\r\n\r\n<p><strong><strong>Not Normal:</strong>&nbsp;</strong>Shrinkage occurring simultaneously with sudden acne, hair loss, and facial hair could be a sign of Polycystic Ovarian Syndrome (PCOS), while unexplained weight loss and breast size reduction might signal hyperthyroidism.</p>\r\n\r\n<p>Also, while it is normal to have one breast bigger than the other, you have to look out for anything out of the usual for you. If you see any swellings or extraordinary change in the size of either breast, get it looked at by a doctor.&nbsp;</p>\r\n\r\n<p><strong><strong>2- Shape</strong></strong></p>\r\n\r\n<p><strong><strong>Normal:</strong>&nbsp;</strong>The combined effect of gravity and breastfeeding loosens and stretches the ligaments and connective tissues in the breasts over time, making multiple shape changes and the &lsquo;droop&rsquo; inevitable. Hence, the only solutions are to wear good supportive bras and doing pectoral exercises to ensure shapelier breasts later in life.</p>\r\n\r\n<p><strong><strong>Not Normal:&nbsp;</strong></strong>While minor variations in shape and size are completely normal, one breast being significantly larger or different than the other might indicate a cancerous tumor.</p>\r\n\r\n<p><strong><strong>3- Lumps and Bumps</strong></strong></p>\r\n\r\n<p><strong><strong>Normal:</strong>&nbsp;</strong>If you&rsquo;re menstruating, mid-to-large bumps underneath the skin are usually benign cysts that fill with fluid, particularly pre-period, hence the pain. Similarly, small pimple-like bumps on the areolas (the brown areas encircling the nipples) are simply the ends of milk ducts that protrude during menstruation.</p>\r\n\r\n<p><strong><strong>Not Normal:</strong>&nbsp;</strong>One large bump on an areola, or breasts that suddenly feel rough like orange peels along with a hardened nipple and areola might indicate breast cancer.</p>\r\n\r\n<p>Also, some breast are lumpier than others. It&rsquo;s normal for them to acquire new lumps which are not problematic. However, there is always the possibility of a new lump being cancerous. Hence, it is better to get them checked&nbsp; by a healthcare professional at the earliest.&nbsp;</p>\r\n\r\n<p><strong><strong>4- Pain</strong></strong></p>\r\n\r\n<p><strong><strong>Normal:</strong>&nbsp;</strong>Pain in both breasts is often due to excess caffeine intake, mild trauma to the chest due to strenuous exercise or bumping into something, iron and thyroid hormone deficiency, or PMS-induced hormonal changes.</p>\r\n\r\n<p><strong><strong>Not Normal:</strong></strong>While regularly carrying heavy bags on one side can aggravate a breast, pain on one side may also indicate a cancerous tumor. Any other pain that does not die down or stays throughout your menstrual cycle should be check by a doctor.&nbsp;</p>\r\n\r\n<p><strong><strong>5- Nipple Discharge and Breast Hair</strong></strong></p>\r\n\r\n<p><strong><strong>Normal:</strong>&nbsp;</strong>The breasts continue to discharge milk up to 2 years after breastfeeding. Moreover, such discharge from both nipples also sometimes follows sexual stimulation, may be a result of taking certain antidepressants, or may indicate pregnancy. Similarly, exposure to testosterone cream or gel can increase hair growth over the breasts, among other areas.</p>\r\n\r\n<p><strong><strong>Not Normal:</strong></strong>&nbsp;A bloody discharge presents two possibilities: a benign tumour (Papilloma) or a cancerous tumour, while a milky discharge may sometimes indicate hypothyroidism. Similarly, a sudden increase in breast hair may also indicate PCOS.</p>\r\n\r\n<p>Also, breast discharge that takes place only in one breast and has a stench or has blood in it, is a cause of concern which needs to be checked by a doctor.&nbsp;</p>\r\n\r\n<p><strong><strong>6- Nipple Itches and Inversions</strong></strong></p>\r\n\r\n<p><strong><strong>Normal:</strong>&nbsp;</strong>Itchy nipples may either be a period forewarning, a result of allergies to certain clothing components such as viscose, or due to leftover shampoo or soap residue.</p>\r\n\r\n<p><strong><strong>Not Normal:</strong>&nbsp;</strong>If coupled with a flattened, flaky, and/or crusty nipple and areola, or yellow or bloody discharge, nipple itches may indicate Nipple Carcinoma, or&nbsp;<a href=\"https://www.breastcancer.org/symptoms/types/pagets\" target=\"_blank\">Paget Disease</a>; a rare form of breast cancer. Similarly, while some women have naturally inverted nipples, a sudden inversion that does not revert back may be cause for concern.</p>\r\n\r\n<p>One other thing you should look out for is dimpling on the breasts. These will be like an &lsquo;orange peel&rsquo; in appearance and might be an indication of breast cancer. This is one of the important breast signs of physical health that can mean cancerous growths.&nbsp;</p>','download.jpg','2020-06-22 11:40:30','2020-06-24 04:58:20'),(20,12,'CHRONIC PAIN','artical','1','www','<p>When you get sick or injured, your body responds with pain. This is your body going: &ldquo;Hey! There&rsquo;s something wrong&rdquo;. Normally, the pain stops as you recover. In some cases, the pain continues for a long period of time. This is what is known as chronic pain. This can also convert into chronic pain syndrome, when patients experience mental strains along with the pain. Below, we&rsquo;ll go over chronic pain in detail.</p>\r\n\r\n<p><strong>What is chronic pain?</strong></p>\r\n\r\n<p>Pain is an unpleasant sensation. It is generally divided into two major categories:</p>\r\n\r\n<p><strong>Acute Pain</strong></p>\r\n\r\n<p>Is a type of pain that is associated with injury, illness or surgery. It is mostly due to changes in injured tissues or nerves. It is short-lasting and resolves once the injury has healed.</p>\r\n\r\n<p><strong>Chronic Pain</strong></p>\r\n\r\n<p>Is a type of pain that is associated with changes in the brain. Pain condition may last for months, or longer.&nbsp;<a href=\"https://oladoc.com/pakistan/islamabad/Pain-Management-Specialist\">Chronic pain</a>&nbsp;is considered a health condition in itself.</p>\r\n\r\n<p><strong>What are common signs and symptoms?</strong></p>\r\n\r\n<p>Chronic pain may affect any part of the body. It may feel sharp, throbbing or dull in nature. It may cause burning or aching sensation in the affected area. Pain may come or go without any reason, or worsen with day-to-day activity. It can be steady or varying in intensity. It is often associated with fatigue and irritability, and may result in sleep issues.</p>\r\n\r\n<p><strong>Are there different kinds of chronic pain?</strong></p>\r\n\r\n<p>Chronic pain can occur in any part of body. The most common areas of pain are head, neck and back. It is unclear why these areas are affected the most. Some of the common chronic pain conditions include: headaches, arthritis pain, low back pain, neuropathic pain (pain related to nerves), and myofascial pain (pain originating from muscles).</p>\r\n\r\n<p><strong>What causes chronic pain?</strong></p>\r\n\r\n<p>The exact cause of chronic pain is not well understood. It may present without any prior warning and last for a long period of time. However, in some cases, this pain may occur either as a consequence of an injury, such as neck or back sprain, or may be a result of another underlying general or mental health condition, such as slipped disc, compression of a nerve, migraine disorder, temporomandibular disorder, or fibromyalgia.</p>\r\n\r\n<p><strong>What are the consequences?</strong></p>\r\n\r\n<p>Chronic pain is a serious health condition that may result in multiple additional general and mental health problems. Studies have suggested that severe or long-term pain conditions can result in depression, stress, sleep issues, as well as physical disability. This can result in difficulty in management of regular day to day affairs, such as work, studies, or attend social gatherings, and impact quality of life.</p>\r\n\r\n<p><strong>Is there a cure for this pain?</strong></p>\r\n\r\n<p>There is no cure for chronic pain. However, there are multiple treatment options available that can help manage these conditions. The goal of the treatment should be to manage and reduce pain and accompanying symptoms. Treatment options include but are not limited to medications, injections, physical therapy, behavioral therapy, and minor surgical procedures. Unfortunately what may work for one person may not offer any relief for the other. This is why it is critical to work in partnership with your doctor to identify treatments that work for you and allow you to live a fulfilling life without interruption from pain.</p>\r\n\r\n<p><strong>Whom should I see for management of chronic pain?</strong></p>\r\n\r\n<p><a href=\"https://oladoc.com/pakistan/lahore/Pain-Management-Specialist\">Doctors</a>&nbsp;that specialize in the practice of&nbsp;<em>pain medicine</em>&nbsp;can help in management of your chronic pain condition. These particular doctors can help diagnose, and formulate a treatment plan for your chronic pain condition. Sometimes as part of your treatment plan, they may refer you to other health care specialist, such as physical therapist, orthopedic surgeon, neurologist, or psychiatrist.</p>\r\n\r\n<p>What does a diagnosis look like?&nbsp;</p>\r\n\r\n<p>When you visit your doctor, he will first take your medical history. He will jot down all the prior injuries and diseases you have gone through. This will help him understand what could have caused the pain.</p>\r\n\r\n<p>Other type of questions can relate to the time of the start of the pain, the specific area that hurts, how much does it hurt on a relative scale, what exacerbates it, what type of pain is it, have you tried any treatment that has lowered the intensity of the pain etc.</p>\r\n\r\n<p>Furthermore, your doctor can suggest going for some tests that can help&nbsp; him get a better sense of the issue.</p>','psychiatry.jpg','2020-06-22 11:41:24','2020-06-24 04:52:48'),(21,12,'ABOUT YOUR HEALTH','artical','1','333','<p>When you get sick or injured, your body responds with pain. This is your body going: &ldquo;Hey! There&rsquo;s something wrong&rdquo;. Normally, the pain stops as you recover. In some cases, the pain continues for a long period of time. This is what is known as chronic pain. This can also convert into chronic pain syndrome, when patients experience mental strains along with the pain. Below, we&rsquo;ll go over chronic pain in detail.</p>\r\n\r\n<p><strong>What is chronic pain?</strong></p>\r\n\r\n<p>Pain is an unpleasant sensation. It is generally divided into two major categories:</p>\r\n\r\n<p><strong>Acute Pain</strong></p>\r\n\r\n<p>Is a type of pain that is associated with injury, illness or surgery. It is mostly due to changes in injured tissues or nerves. It is short-lasting and resolves once the injury has healed.</p>\r\n\r\n<p><strong>Chronic Pain</strong></p>\r\n\r\n<p>Is a type of pain that is associated with changes in the brain. Pain condition may last for months, or longer.&nbsp;<a href=\"https://oladoc.com/pakistan/islamabad/Pain-Management-Specialist\">Chronic pain</a>&nbsp;is considered a health condition in itself.</p>','psychiatry.jpg','2020-06-24 04:59:29','2020-06-24 05:01:56'),(22,12,'WHAT YOUR BREASTS SAY ABOUT','artical','1','www','<p>When you get sick or injured, your body responds with pain. This is your body going: &ldquo;Hey! There&rsquo;s something wrong&rdquo;. Normally, the pain stops as you recover. In some cases, the pain continues for a long period of time. This is what is known as chronic pain. This can also convert into chronic pain syndrome, when patients experience mental strains along with the pain. Below, we&rsquo;ll go over chronic pain in detail.</p>\r\n\r\n<p><strong>What is chronic pain?</strong></p>\r\n\r\n<p>Pain is an unpleasant sensation. It is generally divided into two major categories:</p>\r\n\r\n<p><strong>Acute Pain</strong></p>\r\n\r\n<p>Is a type of pain that is associated with injury, illness or surgery. It is mostly due to changes in injured tissues or nerves. It is short-lasting and resolves once the injury has healed.</p>\r\n\r\n<p><strong>Chronic Pain</strong></p>\r\n\r\n<p>Is a type of pain that is associated with changes in the brain. Pain condition may last for months, or longer.&nbsp;<a href=\"https://oladoc.com/pakistan/islamabad/Pain-Management-Specialist\">Chronic pain</a>&nbsp;is considered a health condition in itself.</p>','download.jpg','2020-06-24 05:00:06','2020-06-24 05:01:22'),(23,12,'testing','artical','0','www','<p>hello</p>','obstetrics-and-gynecology.jpg','2020-06-24 05:02:32','2020-06-24 05:05:13');
/*!40000 ALTER TABLE `affair_details` ENABLE KEYS */;
UNLOCK TABLES;

--
-- Table structure for table `affairs`
--

DROP TABLE IF EXISTS `affairs`;
/*!40101 SET @saved_cs_client     = @@character_set_client */;
/*!50503 SET character_set_client = utf8mb4 */;
CREATE TABLE `affairs` (
  `id` int NOT NULL AUTO_INCREMENT,
  `name` varchar(250) DEFAULT NULL,
  `status` varchar(50) DEFAULT NULL,
  `priority` varchar(50) DEFAULT NULL,
  `created_at` timestamp NULL DEFAULT NULL,
  `updated_at` timestamp NULL DEFAULT NULL,
  PRIMARY KEY (`id`)
) ENGINE=InnoDB AUTO_INCREMENT=15 DEFAULT CHARSET=latin1;
/*!40101 SET character_set_client = @saved_cs_client */;

--
-- Dumping data for table `affairs`
--

LOCK TABLES `affairs` WRITE;
/*!40000 ALTER TABLE `affairs` DISABLE KEYS */;
INSERT INTO `affairs` VALUES (11,'TWIN SIGNALS','0','1','2020-06-22 11:38:30','2020-07-14 10:01:53'),(12,'CHRONIC PAIN','0','1','2020-06-22 11:38:42','2020-07-14 10:01:08');
/*!40000 ALTER TABLE `affairs` ENABLE KEYS */;
UNLOCK TABLES;

--
-- Table structure for table `appointments`
--

DROP TABLE IF EXISTS `appointments`;
/*!40101 SET @saved_cs_client     = @@character_set_client */;
/*!50503 SET character_set_client = utf8mb4 */;
CREATE TABLE `appointments` (
  `id` bigint unsigned NOT NULL AUTO_INCREMENT,
  `user_id` int NOT NULL,
  `hospital_id` int NOT NULL,
  `patient_id` int NOT NULL,
  `patient_name` varchar(191) CHARACTER SET utf8mb4 COLLATE utf8mb4_unicode_ci DEFAULT NULL,
  `relation` enum('father','mother','sister','brother','friend') CHARACTER SET utf8mb4 COLLATE utf8mb4_unicode_ci DEFAULT NULL,
  `services` text CHARACTER SET utf8mb4 COLLATE utf8mb4_unicode_ci,
  `comments` text CHARACTER SET utf8mb4 COLLATE utf8mb4_unicode_ci,
  `appointment_time` varchar(191) CHARACTER SET utf8mb4 COLLATE utf8mb4_unicode_ci NOT NULL,
  `appointment_date` varchar(191) CHARACTER SET utf8mb4 COLLATE utf8mb4_unicode_ci NOT NULL,
  `charges` int NOT NULL,
  `status` varchar(191) CHARACTER SET utf8mb4 COLLATE utf8mb4_unicode_ci NOT NULL,
  `created_at` timestamp NULL DEFAULT NULL,
  `updated_at` timestamp NULL DEFAULT NULL,
  `type` varchar(191) COLLATE utf8mb4_unicode_ci DEFAULT NULL,
  `follow_up` varchar(45) COLLATE utf8mb4_unicode_ci DEFAULT NULL,
  `booked` varchar(45) COLLATE utf8mb4_unicode_ci DEFAULT NULL,
  `direct_booking` varchar(45) COLLATE utf8mb4_unicode_ci DEFAULT NULL,
  `notes` varchar(45) COLLATE utf8mb4_unicode_ci DEFAULT NULL,
  PRIMARY KEY (`id`)
) ENGINE=InnoDB AUTO_INCREMENT=93 DEFAULT CHARSET=utf8mb4 COLLATE=utf8mb4_unicode_ci;
/*!40101 SET character_set_client = @saved_cs_client */;

--
-- Dumping data for table `appointments`
--

LOCK TABLES `appointments` WRITE;
/*!40000 ALTER TABLE `appointments` DISABLE KEYS */;
INSERT INTO `appointments` VALUES (75,240,284,322,NULL,NULL,NULL,NULL,'07:09 am','2020-07-18',0,'accepted','2020-07-17 14:09:43','2020-07-27 12:42:17','visit',NULL,NULL,NULL,NULL),(76,240,267,322,NULL,NULL,NULL,NULL,'1:49 pm','2020-07-21',0,'pending','2020-07-21 07:24:36','2020-09-18 08:00:02','visit',NULL,NULL,NULL,NULL),(79,240,284,325,NULL,NULL,NULL,NULL,'07:09 am','2020-07-24',0,'accepted','2020-07-23 12:02:41','2020-07-27 12:10:57','visit',NULL,NULL,NULL,NULL),(80,240,284,326,NULL,NULL,NULL,NULL,'07:09 am','2020-07-24',0,'accepted','2020-07-23 12:05:09','2020-07-27 12:11:38','visit',NULL,NULL,NULL,NULL),(81,240,284,326,NULL,NULL,NULL,NULL,'09:19 am','2020-07-24',0,'pending','2020-07-23 12:54:49','2020-09-18 08:00:00','visit',NULL,NULL,NULL,NULL),(82,240,284,327,NULL,NULL,NULL,NULL,'09:19 am','2020-07-24',0,'accepted','2020-07-23 13:00:52','2020-07-27 12:11:40','visit',NULL,NULL,NULL,NULL),(83,222,282,329,NULL,NULL,NULL,NULL,'08:23 am','2020-07-24',0,'pending','2020-07-23 13:44:25','2020-09-18 07:59:54','visit',NULL,NULL,NULL,NULL),(84,240,284,326,NULL,NULL,NULL,NULL,'1:49 pm','2020-07-24',0,'accepted','2020-07-23 14:03:50','2020-07-27 12:11:06','visit',NULL,NULL,NULL,NULL),(87,240,284,327,NULL,NULL,NULL,NULL,'03:59 pm','2020-08-11',0,'pending','2020-08-11 07:23:06','2020-09-18 07:59:57','visit',NULL,NULL,NULL,NULL),(88,224,278,327,NULL,NULL,NULL,NULL,'11:57 am','2020-08-12',0,'pending','2020-08-11 11:15:28','2020-09-18 07:59:54','visit',NULL,NULL,NULL,NULL),(89,240,284,327,NULL,NULL,NULL,NULL,'05:59 pm','2020-08-11',0,'accepted','2020-08-11 11:20:40','2020-08-18 15:16:42','visit',NULL,NULL,NULL,NULL),(90,240,284,327,NULL,NULL,NULL,NULL,'05:59 pm','2020-08-11',0,'accepted','2020-08-11 11:31:37','2020-08-18 15:16:44','visit',NULL,NULL,NULL,NULL),(91,237,275,328,NULL,NULL,NULL,NULL,'02:37 pm','2020-09-19',0,'pending','2020-09-18 05:17:20','2020-09-18 05:17:20','visit',NULL,NULL,NULL,NULL),(92,222,267,329,NULL,NULL,NULL,NULL,'03:46 pm','2020-09-22',0,'pending','2020-09-21 07:10:07','2020-09-21 07:10:07','visit',NULL,NULL,NULL,NULL);
/*!40000 ALTER TABLE `appointments` ENABLE KEYS */;
UNLOCK TABLES;

--
-- Table structure for table `areas`
--

DROP TABLE IF EXISTS `areas`;
/*!40101 SET @saved_cs_client     = @@character_set_client */;
/*!50503 SET character_set_client = utf8mb4 */;
CREATE TABLE `areas` (
  `id` bigint unsigned NOT NULL AUTO_INCREMENT,
  `title` varchar(191) CHARACTER SET utf8mb4 COLLATE utf8mb4_unicode_ci NOT NULL,
  `location_id` int NOT NULL,
  `created_at` timestamp NULL DEFAULT NULL,
  `updated_at` timestamp NULL DEFAULT NULL,
  PRIMARY KEY (`id`)
) ENGINE=InnoDB AUTO_INCREMENT=211 DEFAULT CHARSET=utf8mb4 COLLATE=utf8mb4_unicode_ci;
/*!40101 SET character_set_client = @saved_cs_client */;

--
-- Dumping data for table `areas`
--

LOCK TABLES `areas` WRITE;
/*!40000 ALTER TABLE `areas` DISABLE KEYS */;
INSERT INTO `areas` VALUES (1,'Sukh Chain Society',1,NULL,NULL),(2,'PASCO Housing Society',1,NULL,NULL),(3,'Fransisi Town',1,NULL,NULL),(4,'Sarshar Town',1,NULL,NULL),(5,'Allama Iqbal Town',1,NULL,NULL),(6,'Samanabad',1,NULL,NULL),(7,'Gulshan E Ravi',1,NULL,NULL),(8,'Sanda Khurd',1,NULL,NULL),(9,'Sanat Nagar',1,NULL,NULL),(10,'Karim Park',1,NULL,NULL),(11,'Shad Bagh',1,NULL,NULL),(12,'Faruque Ganj',1,NULL,NULL),(13,'Baghban Pura',1,NULL,NULL),(14,'Shalimar Town',1,NULL,NULL),(15,'Herbuns Pura',1,NULL,NULL),(16,'Ram Garh',1,NULL,NULL),(17,'Ittehad Colony',1,NULL,NULL),(18,'Ali Park',1,NULL,NULL),(19,'Officers Colony',1,NULL,NULL),(20,'Burj Colony',1,NULL,NULL),(21,'Suparco Colony',1,NULL,NULL),(22,'PCSIR Housing Scheme',1,NULL,NULL),(23,'Punjab University',1,NULL,NULL),(24,'Punjab University Hostel',1,NULL,NULL),(25,'Shadman Colony',1,NULL,NULL),(26,'Johar Town',1,NULL,NULL),(27,'Airline Society',1,NULL,NULL),(28,'Faisal Town',1,NULL,NULL),(29,'Wafaqi Colony',1,NULL,NULL),(30,'Bostan Colony',1,NULL,NULL),(31,'Hamdard Chowk',1,NULL,NULL),(32,'Bagrian',1,NULL,NULL),(33,'Lake City',1,NULL,NULL),(34,'Shabir Town',1,NULL,NULL),(35,'Opf Housing Scheme',1,NULL,NULL),(36,'NFC Town',1,NULL,NULL),(37,'Nespak Society',1,NULL,NULL),(38,'Aitchison Society',1,NULL,NULL),(39,'Railway Housing Society',1,NULL,NULL),(40,'Gawal Mandi',1,NULL,NULL),(41,'Qila Gujarsing',1,NULL,NULL),(42,'Mazang',1,NULL,NULL),(43,'Gor',1,NULL,NULL),(44,'Gulberg 3',1,NULL,NULL),(45,'Gulbahar Colony',1,NULL,NULL),(46,'Ghazi Road',1,NULL,NULL),(47,'Nishtar Colony',1,NULL,NULL),(48,'Bedian Road',1,NULL,NULL),(49,'Cavalry Ground',1,NULL,NULL),(50,'Punjab Society Near Dha',1,NULL,NULL),(51,'DHA 1',1,NULL,NULL),(52,'DHA 4',1,NULL,NULL),(53,'DHA 7',1,NULL,NULL),(54,'Chachowali',1,NULL,NULL),(55,'Cantt',1,NULL,NULL),(56,'Askrai Villa 3',1,NULL,NULL),(57,'Askrai Villa 6',1,NULL,NULL),(58,'Askrai Villa 9',1,NULL,NULL),(59,'Army Housing Society',1,NULL,NULL),(60,'Barki Road',1,NULL,NULL),(61,'Rang Mehal',1,NULL,NULL),(62,'Gor I',1,NULL,NULL),(63,'Gor IV',1,NULL,NULL),(64,'Aurangzeb Block',1,NULL,NULL),(65,'Tipu Block',1,NULL,NULL),(66,'Usman Block',1,NULL,NULL),(67,'Abu Bakar Block',1,NULL,NULL),(68,'Gulberg 5',1,NULL,NULL),(69,'CMA Colony',1,NULL,NULL),(70,'Main Mir Colony',1,NULL,NULL),(71,'Quaid e Azam Industrial Estate',1,NULL,NULL),(72,'Salamatpura',1,NULL,NULL),(73,'Taj Para',1,NULL,NULL),(74,'Shaikh Zayed Hospital',1,NULL,NULL),(75,'UCP',1,NULL,NULL),(76,'Canal Garden',1,NULL,NULL),(77,'Izmir Town',1,NULL,NULL),(78,'Canal Park Society',1,NULL,NULL),(79,'M M Alam Road',1,NULL,NULL),(80,'Badar Block',1,NULL,NULL),(81,'Education Town',1,NULL,NULL),(82,'Jehanzeb Block',1,NULL,NULL),(83,'Khyber Block',1,NULL,NULL),(84,'Mehran Block',1,NULL,NULL),(85,'Neelam Block',1,NULL,NULL),(86,'Ravi Block',1,NULL,NULL),(87,'Sutlej Block',1,NULL,NULL),(88,'Zeenat Block',1,NULL,NULL),(89,'Fort Villas',1,NULL,NULL),(90,'Infantry Road',1,NULL,NULL),(91,'Tufail Road',1,NULL,NULL),(92,'Munir Road',1,NULL,NULL),(93,'Zaman Colony',1,NULL,NULL),(94,'Valencia Town Block A1',1,NULL,NULL),(95,'Valencia Town Block C',1,NULL,NULL),(96,'Valencia Town Block H',1,NULL,NULL),(97,'Valencia Town Block K1',1,NULL,NULL),(98,'Bahria Town',1,NULL,NULL),(99,'Eden Canal Villas',1,NULL,NULL),(100,'Doctors Society',1,NULL,NULL),(101,'Awan Town',1,NULL,NULL),(102,'Saidpur',1,NULL,NULL),(103,'Ichhra',1,NULL,NULL),(104,'Riwaz Garden',1,NULL,NULL),(105,'Sanda Kalan',1,NULL,NULL),(106,'Bilal Gang',1,NULL,NULL),(107,'Ravi Road',1,NULL,NULL),(108,'Usman Ganj',1,NULL,NULL),(109,'Badami Bagh',1,NULL,NULL),(110,'Star Town',1,NULL,NULL),(111,'Khudad Town',1,NULL,NULL),(112,'Shalimar Link Road',1,NULL,NULL),(113,'Mughal Pura',1,NULL,NULL),(114,'Samia Town',1,NULL,NULL),(115,'Guldasit Colony',1,NULL,NULL),(116,'Mustafa Bad',1,NULL,NULL),(117,'Canal Road',1,NULL,NULL),(118,'Engineer Cooperative Society',1,NULL,NULL),(119,'PCSIR Housing Society',1,NULL,NULL),(120,'Jinnah Hospital',1,NULL,NULL),(121,'New Garden Town',1,NULL,NULL),(122,'Fc College',1,NULL,NULL),(123,'PIA Society',1,NULL,NULL),(124,'Shama Colony',1,NULL,NULL),(125,'Model Town',1,NULL,NULL),(126,'Township',1,NULL,NULL),(127,'Baba Farid Colony',1,NULL,NULL),(128,'Green Town',1,NULL,NULL),(129,'Punjab Govt Employs Coparative Society',1,NULL,NULL),(130,'Lalzar Colony',1,NULL,NULL),(131,'Main Khayaban Road',1,NULL,NULL),(132,'Nasheman Iqbal Housing Scheme',1,NULL,NULL),(133,'Wapda Town',1,NULL,NULL),(134,'Anar Kali',1,NULL,NULL),(135,'Davis Road',1,NULL,NULL),(136,'Dharampura',1,NULL,NULL),(137,'Lakshmi Chowk',1,NULL,NULL),(138,'Wapda House',1,NULL,NULL),(139,'Ganga Ram Hospital',1,NULL,NULL),(140,'Gulberg 1',1,NULL,NULL),(141,'Firozpur Road',1,NULL,NULL),(142,'Madina Colony',1,NULL,NULL),(143,'Chungi Amer Sadhu',1,NULL,NULL),(144,'Youhna Bad',1,NULL,NULL),(145,'Alfalah Town',1,NULL,NULL),(146,'Super Town',1,NULL,NULL),(147,'Sui Gas Society',1,NULL,NULL),(148,'DHA 2',1,NULL,NULL),(149,'DHA 5',1,NULL,NULL),(150,'DHA 8',1,NULL,NULL),(151,'Gohawa',1,NULL,NULL),(152,'Askrai Villa 1',1,NULL,NULL),(153,'Askrai Villa 4',1,NULL,NULL),(154,'Askrai Villa 7',1,NULL,NULL),(155,'Askrai Villa 10',1,NULL,NULL),(156,'Eden Avenue',1,NULL,NULL),(157,'Paragon City',1,NULL,NULL),(158,'Architects Engineers Society',1,NULL,NULL),(159,'Gor II',1,NULL,NULL),(160,'Gor V',1,NULL,NULL),(161,'Aibak Block',1,NULL,NULL),(162,'Shersha Block',1,NULL,NULL),(163,'Ali Block',1,NULL,NULL),(164,'Ahmed Block',1,NULL,NULL),(165,'Gulberg 4',1,NULL,NULL),(166,'Saint John Park',1,NULL,NULL),(167,'Upper Mall Scheme',1,NULL,NULL),(168,'Kainchi',1,NULL,NULL),(169,'Sarwar Road',1,NULL,NULL),(170,'Moon Market',1,NULL,NULL),(171,'Gulshan Block',1,NULL,NULL),(172,'Muhafiz Town',1,NULL,NULL),(173,'Tricon Valley',1,NULL,NULL),(174,'Iqbal Avenue',1,NULL,NULL),(175,'Main Gulberg Boulevard',1,NULL,NULL),(176,'Asif Block',1,NULL,NULL),(177,'Chenab Block',1,NULL,NULL),(178,'Huma Block',1,NULL,NULL),(179,'Kamran Block',1,NULL,NULL),(180,'Mamdoot Block',1,NULL,NULL),(181,'Mustafa Town',1,NULL,NULL),(182,'Nishtar Block',1,NULL,NULL),(183,'Rachna Block',1,NULL,NULL),(184,'Sikandar Block',1,NULL,NULL),(185,'Makkah Colony',1,NULL,NULL),(186,'Bridge Colony',1,NULL,NULL),(187,'Khursheed Alam Road',1,NULL,NULL),(188,'Lawrence Road',1,NULL,NULL),(189,'R A Bazaar',1,NULL,NULL),(190,'LDA Colony',1,NULL,NULL),(191,'Valencia Town Block A2',1,NULL,NULL),(192,'Valencia Town Block F',1,NULL,NULL),(193,'Valencia Town Block H1',1,NULL,NULL),(194,'Valencia Town Block L',1,NULL,NULL),(195,'Karim Block',1,NULL,NULL),(196,'Maraghzar Colony',1,NULL,NULL),(197,'Nargis Block',1,NULL,NULL),(198,'Pak Block',1,NULL,NULL),(199,'Raza Block',1,NULL,NULL),(200,'Umer Block',1,NULL,NULL),(201,'Khuda Buksh Colony',1,NULL,NULL),(202,'Lahore Gym Khana',1,NULL,NULL),(203,'Nisar Colony',1,NULL,NULL),(204,'Nasheman Colony',1,NULL,NULL),(205,'Shahtaj Colony',1,NULL,NULL),(206,'University of Lahore',1,NULL,NULL),(207,'Valencia Town Block A3',1,NULL,NULL),(208,'Valencia Town Block G',1,NULL,NULL),(209,'Valencia Town Block J',1,NULL,NULL),(210,'Valencia Town Block P1',1,NULL,NULL);
/*!40000 ALTER TABLE `areas` ENABLE KEYS */;
UNLOCK TABLES;

--
-- Table structure for table `article_category`
--

DROP TABLE IF EXISTS `article_category`;
/*!40101 SET @saved_cs_client     = @@character_set_client */;
/*!50503 SET character_set_client = utf8mb4 */;
CREATE TABLE `article_category` (
  `id` bigint unsigned NOT NULL AUTO_INCREMENT,
  `article_id` int NOT NULL,
  `category_id` int NOT NULL,
  PRIMARY KEY (`id`)
) ENGINE=InnoDB AUTO_INCREMENT=269 DEFAULT CHARSET=utf8mb4 COLLATE=utf8mb4_unicode_ci;
/*!40101 SET character_set_client = @saved_cs_client */;

--
-- Dumping data for table `article_category`
--

LOCK TABLES `article_category` WRITE;
/*!40000 ALTER TABLE `article_category` DISABLE KEYS */;
INSERT INTO `article_category` VALUES (22,14,1),(23,14,5),(68,8,2),(69,8,5),(92,10,1),(93,10,13),(94,10,12),(96,10,2),(97,10,3),(98,10,4),(99,10,5),(100,4,4),(103,2,2),(105,3,3),(156,5,1),(157,5,5),(158,5,2),(159,5,1),(160,5,2),(166,7,3),(167,7,13),(168,7,1),(181,11,2),(182,11,2),(203,23,13),(205,23,1),(206,23,3),(207,23,4),(208,23,5),(210,1,1),(225,6,2),(226,6,4),(227,6,1),(228,6,13),(229,6,12),(230,6,3),(231,6,5),(240,25,5),(262,27,3),(263,27,2),(264,27,4),(265,27,1),(266,27,5),(267,27,12),(268,27,13);
/*!40000 ALTER TABLE `article_category` ENABLE KEYS */;
UNLOCK TABLES;

--
-- Table structure for table `articles`
--

DROP TABLE IF EXISTS `articles`;
/*!40101 SET @saved_cs_client     = @@character_set_client */;
/*!50503 SET character_set_client = utf8mb4 */;
CREATE TABLE `articles` (
  `id` bigint unsigned NOT NULL AUTO_INCREMENT,
  `slug` varchar(191) CHARACTER SET utf8mb4 COLLATE utf8mb4_unicode_ci NOT NULL,
  `author_id` int NOT NULL,
  `tags` text CHARACTER SET utf8mb4 COLLATE utf8mb4_unicode_ci,
  `views` int DEFAULT NULL,
  `likes` int DEFAULT NULL,
  `title` varchar(191) CHARACTER SET utf8mb4 COLLATE utf8mb4_unicode_ci NOT NULL,
  `description` text CHARACTER SET utf8mb4 COLLATE utf8mb4_unicode_ci NOT NULL,
  `image` varchar(191) CHARACTER SET utf8mb4 COLLATE utf8mb4_unicode_ci DEFAULT NULL,
  `excerpt` varchar(191) CHARACTER SET utf8mb4 COLLATE utf8mb4_unicode_ci NOT NULL,
  `is_featured` tinyint(1) NOT NULL DEFAULT '0',
  `created_at` timestamp NULL DEFAULT NULL,
  `updated_at` timestamp NULL DEFAULT NULL,
  PRIMARY KEY (`id`)
) ENGINE=InnoDB AUTO_INCREMENT=28 DEFAULT CHARSET=utf8mb4 COLLATE=utf8mb4_unicode_ci;
/*!40101 SET character_set_client = @saved_cs_client */;

--
-- Dumping data for table `articles`
--

LOCK TABLES `articles` WRITE;
/*!40000 ALTER TABLE `articles` DISABLE KEYS */;
INSERT INTO `articles` VALUES (1,'alcohol-may-be-less-harmful-for-people-over-50',1,NULL,8,1,'Alcohol may be less harmful for people over 50','<div class=\" dc-para99\">\n<div>\n<p class=\"dc-para\">Excepteur sint occaecat cupidatat non proident, sunt in culpa qui officia deserunt mollit anim id est laborum. Sed utem peiatis undesieu omnis iste natus error sit voluptatem accusantium doloremque laudantium, totam rem aiam eaqueiu ipsaquae abes illo inventore veritatisetm quasitea architecto beatae vitae dictaed quia consequuntur magni dolores eos quist ratione ceatem sequei nesciunt. Neque porro quam est qui dolorem ipsum quia dolor sitem amet consectetur adipisci velit sed quianon quam eius modi tempora incidunt ut labore etneise dolore magnam aliquam quaerat.</p>\n<div class=\"d-flex justify-content-around mx-auto dc-99-section flex-column flex-sm-row\">\n<div class=\"align-self-center\">&nbsp;</div>\n<div class=\"dc-99-content align-self-center pt-sm-0\"><em>&rdquo; Adipisicing elit, sed dote eiusmod tempor olak magna aliqua okaeine mikaru itniesce lokate ibsiam.&rdquo;</em></div>\n</div>\n<div class=\"dc-para-content\">\n<p class=\"dc-para\">ncididunt ut labore et dolore magna aliqua. Ut enim ad minim veniam, quis nostrud exercitation ullamco laboris nisi ut aliquip commodo consequat. Duis aute irure dolor in reprehenderit in voluptate velit esse cillum dolore eu fugiate nulla pariatur teur sint occaecat cupidatat ainon proident sunt in culpa qui.</p>\n</div>\n</div>\n</div>\n<div class=\" dc-section dc-py-15\">\n<figure class=\"m-0 dc-water-woman\"><img src=\"http://amentotech.com/projects/doctreat/wp-content/uploads/2019/09/img-02-1.jpg\" alt=\"Image Description\" /></figure>\n<div class=\"dc-section-content text-center\"><em>As per current survey perspiciatis unde omnis iste natus error sit voluptatem.</em></div>\n</div>\n<div class=\"dc-content\">\n<div>\n<p class=\"dc-para dc-para2\">Excepteur sint occaecat cupidatat non proident, sunt in culpa qui officia deserunt mollit anim id est laborum. Sed perspiciatis unde omnis iste natus error sit voluptatem accusantium doloremque laudantium, totam rem aiam eaque ipsa quae ab illoam inventore veritatis et quasi architecto beatae vitae dicta sunt explicabo. Nemo enim ipsam voluptatem quia voluptas sit asper aut odit aut fugit occaecat cupidatat non proident, sunt in culpa qui.</p>\n</div>\n<ul>\n<li>Nemo enim ipsam voluptatem quia</li>\n<li>Adipisci velit, sed quia non numquam eius modi tempora</li>\n<li>Eaque ipsa quae ab illo inventore veritatis et quasi architecto</li>\n<li>Qui dolorem ipsum quia dolor sit amet</li>\n</ul>\n<div class=\"dc-para-padding\">\n<p class=\"dc-para m-0\">Sed quia consequuntur magni dolores eos qui ratione voluptatem sequi nesciunt. Neque porro quisquam est, qui dolorem ipsum quia dolor sit amet, consectetur, adipisci velit, sed quia non numquam eius modi quaerat voluptatem.</p>\n</div>\n</div>\n<div class=\"d-flex dc-py-15 flex-column flex-xl-row\">\n<div class=\"dc-section\">\n<figure class=\"m-0\"><img src=\"http://amentotech.com/projects/doctreat/wp-content/uploads/2019/09/img-03.jpg\" alt=\"Image Description\" /></figure>\n<div class=\"dc-section-content text-center\"><em class=\"d-block\">As per current survey perspiciatis.</em></div>\n</div>\n<div class=\"dc-content align-self-center dc-p-flex dc-flex \">\n<div class=\"\">\n<p class=\"dc-para\">Excepteur sint occaecat cupidatat non proident, sunt in culpa qui officia deserunt voluptatem accusantium doloremque laudantium, totam rem aiam eaque ipsaae ab illoam inventore veritatis et quasi architecto beatae vitae dicta sunt explicabo Nemo enim ipsam voluptatem quia voluptas sit asper aut odit aut fugit occaecat cupidatat non proident, sunt in culpa qui.</p>\n</div>\n<ul>\n<li>Nemo enim ipsam voluptatem quia</li>\n<li>Adipisci velit, sed quia non numquam eius modi tempora</li>\n<li>Eaque ipsa quae ab illo inventore veritatis et quasi architecto</li>\n<li>Qui dolorem ipsum quia dolor sit amet</li>\n</ul>\n<div class=\"dc-pt-21\">\n<p class=\"dc-para mb-0\">Sed quia consequuntur magni dolores eos qui ratione voluptatem sequi nesciunt. Neque porro quisquam est, qui dolorem ipsum quia dolor sit amet, consecteture adipisci velit, sed quia non numquam eius modi.</p>\n</div>\n</div>\n</div>\n<div class=\"dc-py-para\">\n<p class=\"dc-para m-0\">Excepteur sint eccaecat cupidatat non proident, sunt in culpa qui officia deserunt mollit anim id est laborum. Sed ut pspiciatis unde omnis iste natus error sit voluptatem accusantium doloremque laudantium, totam rem aiam eaque ipsa quae ab illo inventore veritatis et qaenuasi architecto beatae vitae dicta sunt explicabo.</p>\n</div>\n<div class=\"d-flex dc-py-15 flex-column flex-xl-row \">\n<div class=\"dc-content align-self-center order-last order-xl-first dc-flex dc-p-flex2\">\n<div>\n<p class=\"dc-para\">Excepteur sint occaecat cupidatat non proident, sunt in culpa qui officia deserunt voluptatem accusantium doloremque laudantium, totam rem aiam eaque ipsaae ab illoam inventore veritatis et quasi architecto beatae vitae dicta sunt explicabo Nemo enim ipsam voluptatem quia voluptas sit asper aut odit aut fugit occaecat cupidatat non proident, sunt in culpa qui.</p>\n</div>\n<ul>\n<li>Nemo enim ipsam voluptatem quia</li>\n<li>Adipisci velit, sed quia non numquam eius modi tempora</li>\n<li>Eaque ipsa quae ab illo inventore veritatis et quasi architecto</li>\n<li>Qui dolorem ipsum quia dolor sit amet</li>\n</ul>\n<div class=\"dc-pt-21\">\n<p class=\"dc-para mb-0\">Sed quia consequuntur magni dolores eos qui ratione voluptatem sequi nesciunt. Neque porro quisquam est, qui dolorem ipsum quia dolor sit amet, consecteture adipisci velit, sed quia non numquam eius modi.</p>\n</div>\n</div>\n<div class=\"dc-section\">\n<figure class=\"m-0\"><img src=\"http://amentotech.com/projects/doctreat/wp-content/uploads/2019/09/img-04.jpg\" alt=\"Image Description\" /></figure>\n<div class=\"dc-section-content text-center\"><em class=\"d-block\">As per current survey perspiciatis.</em></div>\n</div>\n</div>\n<div class=\"dc-py-para\">\n<p class=\"dc-para m-0\">Excepteur sint eccaecat cupidatat non proident, sunt in culpa qui officia deserunt mollit anim id est laborum. Sed ut pspiciatis unde omnis iste natus error sit voluptatem accusantium doloremque laudantium, totam rem aiam eaque ipsa quae ab illo inventore veritatis et qaenuasi architecto beatae vitae dicta sunt explicabo.</p>\n</div>\n<div class=\"dc-video dc-py-15\">\n<figure class=\"m-0\"><img src=\"http://amentotech.com/projects/doctreat/wp-content/uploads/2019/09/img-01-1.jpg\" alt=\"image description\" /></figure>\n</div>\n<div class=\"dc-content dc-my2\">\n<div>\n<p class=\"dc-para\">Excepteur sint occaecat cupidatat non proident, sunt in culpa qui officia deserunt mollit anim id est laborum. Sed perspiciatis unde omnis iste natus error sit voluptatem accusantium doloremque laudantium, totam rem aiam eaque ipsa quae ab illoam inventore veritatis et quasi architecto beatae vitae dicta sunt explicabo. Nemo enim ipsam voluptatem quia voluptas sit asper aut odit aut fugit occaecat cupidatat non proident, sunt in culpa qui.</p>\n</div>\n<ul>\n<li>Nemo enim ipsam voluptatem quia</li>\n<li>Adipisci velit, sed quia non numquam eius modi tempora</li>\n<li>Eaque ipsa quae ab illo inventore veritatis et quasi architecto</li>\n<li>Qui dolorem ipsum quia dolor sit amet</li>\n</ul>\n<div class=\"dc-para-padding\">\n<p class=\"dc-para m-0\">Sed quia consequuntur magni dolores eos qui ratione voluptatem sequi nesciunt. Neque porro quisquam est, qui dolorem ipsum quia dolor sit amet, consectetur, adipisci velit, sed quia non numquam eius modi quaerat voluptatem.</p>\n</div>\n</div>','1591194616-alcohol1.jpg','\n\nExcepteur sint occaecat cupidatat non proident, su...',1,'2020-01-15 13:15:54','2020-09-16 09:18:42'),(2,'these-common-drugs-may-increase-dementia-risk',1,NULL,NULL,1,'These common drugs may increase dementia risk','<div class=\" dc-para99\">\n<div>\n<p class=\"dc-para\">Excepteur sint occaecat cupidatat non proident, sunt in culpa qui officia deserunt mollit anim id est laborum. Sed utem peiatis undesieu omnis iste natus error sit voluptatem accusantium doloremque laudantium, totam rem aiam eaqueiu ipsaquae abes illo inventore veritatisetm quasitea architecto beatae vitae dictaed quia consequuntur magni dolores eos quist ratione ceatem sequei nesciunt. Neque porro quam est qui dolorem ipsum quia dolor sitem amet consectetur adipisci velit sed quianon quam eius modi tempora incidunt ut labore etneise dolore magnam aliquam quaerat.</p>\n<div class=\"d-flex justify-content-around mx-auto dc-99-section flex-column flex-sm-row\">\n<div class=\"align-self-center\">&nbsp;</div>\n<div class=\"dc-99-content align-self-center pt-sm-0\"><em>&rdquo; Adipisicing elit, sed dote eiusmod tempor olak magna aliqua okaeine mikaru itniesce lokate ibsiam.&rdquo;</em></div>\n</div>\n<div class=\"dc-para-content\">\n<p class=\"dc-para\">ncididunt ut labore et dolore magna aliqua. Ut enim ad minim veniam, quis nostrud exercitation ullamco laboris nisi ut aliquip commodo consequat. Duis aute irure dolor in reprehenderit in voluptate velit esse cillum dolore eu fugiate nulla pariatur teur sint occaecat cupidatat ainon proident sunt in culpa qui.</p>\n</div>\n</div>\n</div>\n<div class=\" dc-section dc-py-15\">\n<figure class=\"m-0 dc-water-woman\"><img src=\"http://amentotech.com/projects/doctreat/wp-content/uploads/2019/09/img-02-1.jpg\" alt=\"Image Description\" /></figure>\n<div class=\"dc-section-content text-center\"><em>As per current survey perspiciatis unde omnis iste natus error sit voluptatem.</em></div>\n</div>\n<div class=\"dc-content\">\n<div>\n<p class=\"dc-para dc-para2\">Excepteur sint occaecat cupidatat non proident, sunt in culpa qui officia deserunt mollit anim id est laborum. Sed perspiciatis unde omnis iste natus error sit voluptatem accusantium doloremque laudantium, totam rem aiam eaque ipsa quae ab illoam inventore veritatis et quasi architecto beatae vitae dicta sunt explicabo. Nemo enim ipsam voluptatem quia voluptas sit asper aut odit aut fugit occaecat cupidatat non proident, sunt in culpa qui.</p>\n</div>\n<ul>\n<li>Nemo enim ipsam voluptatem quia</li>\n<li>Adipisci velit, sed quia non numquam eius modi tempora</li>\n<li>Eaque ipsa quae ab illo inventore veritatis et quasi architecto</li>\n<li>Qui dolorem ipsum quia dolor sit amet</li>\n</ul>\n<div class=\"dc-para-padding\">\n<p class=\"dc-para m-0\">Sed quia consequuntur magni dolores eos qui ratione voluptatem sequi nesciunt. Neque porro quisquam est, qui dolorem ipsum quia dolor sit amet, consectetur, adipisci velit, sed quia non numquam eius modi quaerat voluptatem.</p>\n</div>\n</div>\n<div class=\"d-flex dc-py-15 flex-column flex-xl-row\">\n<div class=\"dc-section\">\n<figure class=\"m-0\"><img src=\"http://amentotech.com/projects/doctreat/wp-content/uploads/2019/09/img-03.jpg\" alt=\"Image Description\" /></figure>\n<div class=\"dc-section-content text-center\"><em class=\"d-block\">As per current survey perspiciatis.</em></div>\n</div>\n<div class=\"dc-content align-self-center dc-p-flex dc-flex \">\n<div class=\"\">\n<p class=\"dc-para\">Excepteur sint occaecat cupidatat non proident, sunt in culpa qui officia deserunt voluptatem accusantium doloremque laudantium, totam rem aiam eaque ipsaae ab illoam inventore veritatis et quasi architecto beatae vitae dicta sunt explicabo Nemo enim ipsam voluptatem quia voluptas sit asper aut odit aut fugit occaecat cupidatat non proident, sunt in culpa qui.</p>\n</div>\n<ul>\n<li>Nemo enim ipsam voluptatem quia</li>\n<li>Adipisci velit, sed quia non numquam eius modi tempora</li>\n<li>Eaque ipsa quae ab illo inventore veritatis et quasi architecto</li>\n<li>Qui dolorem ipsum quia dolor sit amet</li>\n</ul>\n<div class=\"dc-pt-21\">\n<p class=\"dc-para mb-0\">Sed quia consequuntur magni dolores eos qui ratione voluptatem sequi nesciunt. Neque porro quisquam est, qui dolorem ipsum quia dolor sit amet, consecteture adipisci velit, sed quia non numquam eius modi.</p>\n</div>\n</div>\n</div>\n<div class=\"dc-py-para\">\n<p class=\"dc-para m-0\">Excepteur sint eccaecat cupidatat non proident, sunt in culpa qui officia deserunt mollit anim id est laborum. Sed ut pspiciatis unde omnis iste natus error sit voluptatem accusantium doloremque laudantium, totam rem aiam eaque ipsa quae ab illo inventore veritatis et qaenuasi architecto beatae vitae dicta sunt explicabo.</p>\n</div>\n<div class=\"d-flex dc-py-15 flex-column flex-xl-row \">\n<div class=\"dc-content align-self-center order-last order-xl-first dc-flex dc-p-flex2\">\n<div>\n<p class=\"dc-para\">Excepteur sint occaecat cupidatat non proident, sunt in culpa qui officia deserunt voluptatem accusantium doloremque laudantium, totam rem aiam eaque ipsaae ab illoam inventore veritatis et quasi architecto beatae vitae dicta sunt explicabo Nemo enim ipsam voluptatem quia voluptas sit asper aut odit aut fugit occaecat cupidatat non proident, sunt in culpa qui.</p>\n</div>\n<ul>\n<li>Nemo enim ipsam voluptatem quia</li>\n<li>Adipisci velit, sed quia non numquam eius modi tempora</li>\n<li>Eaque ipsa quae ab illo inventore veritatis et quasi architecto</li>\n<li>Qui dolorem ipsum quia dolor sit amet</li>\n</ul>\n<div class=\"dc-pt-21\">\n<p class=\"dc-para mb-0\">Sed quia consequuntur magni dolores eos qui ratione voluptatem sequi nesciunt. Neque porro quisquam est, qui dolorem ipsum quia dolor sit amet, consecteture adipisci velit, sed quia non numquam eius modi.</p>\n</div>\n</div>\n<div class=\"dc-section\">\n<figure class=\"m-0\"><img src=\"http://amentotech.com/projects/doctreat/wp-content/uploads/2019/09/img-04.jpg\" alt=\"Image Description\" /></figure>\n<div class=\"dc-section-content text-center\"><em class=\"d-block\">As per current survey perspiciatis.</em></div>\n</div>\n</div>\n<div class=\"dc-py-para\">\n<p class=\"dc-para m-0\">Excepteur sint eccaecat cupidatat non proident, sunt in culpa qui officia deserunt mollit anim id est laborum. Sed ut pspiciatis unde omnis iste natus error sit voluptatem accusantium doloremque laudantium, totam rem aiam eaque ipsa quae ab illo inventore veritatis et qaenuasi architecto beatae vitae dicta sunt explicabo.</p>\n</div>\n<div class=\"dc-video dc-py-15\">\n<figure class=\"m-0\"><img src=\"http://amentotech.com/projects/doctreat/wp-content/uploads/2019/09/img-01-1.jpg\" alt=\"image description\" /></figure>\n</div>\n<div class=\"dc-content dc-my2\">\n<div>\n<p class=\"dc-para\">Excepteur sint occaecat cupidatat non proident, sunt in culpa qui officia deserunt mollit anim id est laborum. Sed perspiciatis unde omnis iste natus error sit voluptatem accusantium doloremque laudantium, totam rem aiam eaque ipsa quae ab illoam inventore veritatis et quasi architecto beatae vitae dicta sunt explicabo. Nemo enim ipsam voluptatem quia voluptas sit asper aut odit aut fugit occaecat cupidatat non proident, sunt in culpa qui.</p>\n</div>\n<ul>\n<li>Nemo enim ipsam voluptatem quia</li>\n<li>Adipisci velit, sed quia non numquam eius modi tempora</li>\n<li>Eaque ipsa quae ab illo inventore veritatis et quasi architecto</li>\n<li>Qui dolorem ipsum quia dolor sit amet</li>\n</ul>\n<div class=\"dc-para-padding\">\n<p class=\"dc-para m-0\">Sed quia consequuntur magni dolores eos qui ratione voluptatem sequi nesciunt. Neque porro quisquam est, qui dolorem ipsum quia dolor sit amet, consectetur, adipisci velit, sed quia non numquam eius modi quaerat voluptatem.</p>\n</div>\n</div>','1591190375-drug.jpg','\n\nExcepteur sint occaecat cupidatat non proident, su...',1,'2020-01-15 13:15:54','2020-09-16 09:18:40'),(3,'6-innovations-from-future-healthcare-2019',1,NULL,NULL,1,'6 innovations from Future Healthcare 2019','<div class=\" dc-para99\">\n<div>\n<p class=\"dc-para\">Excepteur sint occaecat cupidatat non proident, sunt in culpa qui officia deserunt mollit anim id est laborum. Sed utem peiatis undesieu omnis iste natus error sit voluptatem accusantium doloremque laudantium, totam rem aiam eaqueiu ipsaquae abes illo inventore veritatisetm quasitea architecto beatae vitae dictaed quia consequuntur magni dolores eos quist ratione ceatem sequei nesciunt. Neque porro quam est qui dolorem ipsum quia dolor sitem amet consectetur adipisci velit sed quianon quam eius modi tempora incidunt ut labore etneise dolore magnam aliquam quaerat.</p>\n<div class=\"d-flex justify-content-around mx-auto dc-99-section flex-column flex-sm-row\">\n<div class=\"align-self-center\">&nbsp;</div>\n<div class=\"dc-99-content align-self-center pt-sm-0\"><em>&rdquo; Adipisicing elit, sed dote eiusmod tempor olak magna aliqua okaeine mikaru itniesce lokate ibsiam.&rdquo;</em></div>\n</div>\n<div class=\"dc-para-content\">\n<p class=\"dc-para\">ncididunt ut labore et dolore magna aliqua. Ut enim ad minim veniam, quis nostrud exercitation ullamco laboris nisi ut aliquip commodo consequat. Duis aute irure dolor in reprehenderit in voluptate velit esse cillum dolore eu fugiate nulla pariatur teur sint occaecat cupidatat ainon proident sunt in culpa qui.</p>\n</div>\n</div>\n</div>\n<div class=\" dc-section dc-py-15\">\n<figure class=\"m-0 dc-water-woman\"><img src=\"http://amentotech.com/projects/doctreat/wp-content/uploads/2019/09/img-02-1.jpg\" alt=\"Image Description\" /></figure>\n<div class=\"dc-section-content text-center\"><em>As per current survey perspiciatis unde omnis iste natus error sit voluptatem.</em></div>\n</div>\n<div class=\"dc-content\">\n<div>\n<p class=\"dc-para dc-para2\">Excepteur sint occaecat cupidatat non proident, sunt in culpa qui officia deserunt mollit anim id est laborum. Sed perspiciatis unde omnis iste natus error sit voluptatem accusantium doloremque laudantium, totam rem aiam eaque ipsa quae ab illoam inventore veritatis et quasi architecto beatae vitae dicta sunt explicabo. Nemo enim ipsam voluptatem quia voluptas sit asper aut odit aut fugit occaecat cupidatat non proident, sunt in culpa qui.</p>\n</div>\n<ul>\n<li>Nemo enim ipsam voluptatem quia</li>\n<li>Adipisci velit, sed quia non numquam eius modi tempora</li>\n<li>Eaque ipsa quae ab illo inventore veritatis et quasi architecto</li>\n<li>Qui dolorem ipsum quia dolor sit amet</li>\n</ul>\n<div class=\"dc-para-padding\">\n<p class=\"dc-para m-0\">Sed quia consequuntur magni dolores eos qui ratione voluptatem sequi nesciunt. Neque porro quisquam est, qui dolorem ipsum quia dolor sit amet, consectetur, adipisci velit, sed quia non numquam eius modi quaerat voluptatem.</p>\n</div>\n</div>\n<div class=\"d-flex dc-py-15 flex-column flex-xl-row\">\n<div class=\"dc-section\">\n<figure class=\"m-0\"><img src=\"http://amentotech.com/projects/doctreat/wp-content/uploads/2019/09/img-03.jpg\" alt=\"Image Description\" /></figure>\n<div class=\"dc-section-content text-center\"><em class=\"d-block\">As per current survey perspiciatis.</em></div>\n</div>\n<div class=\"dc-content align-self-center dc-p-flex dc-flex \">\n<div class=\"\">\n<p class=\"dc-para\">Excepteur sint occaecat cupidatat non proident, sunt in culpa qui officia deserunt voluptatem accusantium doloremque laudantium, totam rem aiam eaque ipsaae ab illoam inventore veritatis et quasi architecto beatae vitae dicta sunt explicabo Nemo enim ipsam voluptatem quia voluptas sit asper aut odit aut fugit occaecat cupidatat non proident, sunt in culpa qui.</p>\n</div>\n<ul>\n<li>Nemo enim ipsam voluptatem quia</li>\n<li>Adipisci velit, sed quia non numquam eius modi tempora</li>\n<li>Eaque ipsa quae ab illo inventore veritatis et quasi architecto</li>\n<li>Qui dolorem ipsum quia dolor sit amet</li>\n</ul>\n<div class=\"dc-pt-21\">\n<p class=\"dc-para mb-0\">Sed quia consequuntur magni dolores eos qui ratione voluptatem sequi nesciunt. Neque porro quisquam est, qui dolorem ipsum quia dolor sit amet, consecteture adipisci velit, sed quia non numquam eius modi.</p>\n</div>\n</div>\n</div>\n<div class=\"dc-py-para\">\n<p class=\"dc-para m-0\">Excepteur sint eccaecat cupidatat non proident, sunt in culpa qui officia deserunt mollit anim id est laborum. Sed ut pspiciatis unde omnis iste natus error sit voluptatem accusantium doloremque laudantium, totam rem aiam eaque ipsa quae ab illo inventore veritatis et qaenuasi architecto beatae vitae dicta sunt explicabo.</p>\n</div>\n<div class=\"d-flex dc-py-15 flex-column flex-xl-row \">\n<div class=\"dc-content align-self-center order-last order-xl-first dc-flex dc-p-flex2\">\n<div>\n<p class=\"dc-para\">Excepteur sint occaecat cupidatat non proident, sunt in culpa qui officia deserunt voluptatem accusantium doloremque laudantium, totam rem aiam eaque ipsaae ab illoam inventore veritatis et quasi architecto beatae vitae dicta sunt explicabo Nemo enim ipsam voluptatem quia voluptas sit asper aut odit aut fugit occaecat cupidatat non proident, sunt in culpa qui.</p>\n</div>\n<ul>\n<li>Nemo enim ipsam voluptatem quia</li>\n<li>Adipisci velit, sed quia non numquam eius modi tempora</li>\n<li>Eaque ipsa quae ab illo inventore veritatis et quasi architecto</li>\n<li>Qui dolorem ipsum quia dolor sit amet</li>\n</ul>\n<div class=\"dc-pt-21\">\n<p class=\"dc-para mb-0\">Sed quia consequuntur magni dolores eos qui ratione voluptatem sequi nesciunt. Neque porro quisquam est, qui dolorem ipsum quia dolor sit amet, consecteture adipisci velit, sed quia non numquam eius modi.</p>\n</div>\n</div>\n<div class=\"dc-section\">\n<figure class=\"m-0\"><img src=\"http://amentotech.com/projects/doctreat/wp-content/uploads/2019/09/img-04.jpg\" alt=\"Image Description\" /></figure>\n<div class=\"dc-section-content text-center\"><em class=\"d-block\">As per current survey perspiciatis.</em></div>\n</div>\n</div>\n<div class=\"dc-py-para\">\n<p class=\"dc-para m-0\">Excepteur sint eccaecat cupidatat non proident, sunt in culpa qui officia deserunt mollit anim id est laborum. Sed ut pspiciatis unde omnis iste natus error sit voluptatem accusantium doloremque laudantium, totam rem aiam eaque ipsa quae ab illo inventore veritatis et qaenuasi architecto beatae vitae dicta sunt explicabo.</p>\n</div>\n<div class=\"dc-video dc-py-15\">\n<figure class=\"m-0\"><img src=\"http://amentotech.com/projects/doctreat/wp-content/uploads/2019/09/img-01-1.jpg\" alt=\"image description\" /></figure>\n</div>\n<div class=\"dc-content dc-my2\">\n<div>\n<p class=\"dc-para\">Excepteur sint occaecat cupidatat non proident, sunt in culpa qui officia deserunt mollit anim id est laborum. Sed perspiciatis unde omnis iste natus error sit voluptatem accusantium doloremque laudantium, totam rem aiam eaque ipsa quae ab illoam inventore veritatis et quasi architecto beatae vitae dicta sunt explicabo. Nemo enim ipsam voluptatem quia voluptas sit asper aut odit aut fugit occaecat cupidatat non proident, sunt in culpa qui.</p>\n</div>\n<ul>\n<li>Nemo enim ipsam voluptatem quia</li>\n<li>Adipisci velit, sed quia non numquam eius modi tempora</li>\n<li>Eaque ipsa quae ab illo inventore veritatis et quasi architecto</li>\n<li>Qui dolorem ipsum quia dolor sit amet</li>\n</ul>\n<div class=\"dc-para-padding\">\n<p class=\"dc-para m-0\">Sed quia consequuntur magni dolores eos qui ratione voluptatem sequi nesciunt. Neque porro quisquam est, qui dolorem ipsum quia dolor sit amet, consectetur, adipisci velit, sed quia non numquam eius modi quaerat voluptatem.</p>\n</div>\n</div>','1591191459-health.jpg','\n\nExcepteur sint occaecat cupidatat non proident, su...',1,'2020-01-15 13:15:54','2020-09-16 09:18:39'),(4,'is-high-blood-pressure-always-bad',1,NULL,3,NULL,'Is high blood pressure always bad?','<div class=\" dc-para99\">\n<div>\n<p class=\"dc-para\">Excepteur sint occaecat cupidatat non proident, sunt in culpa qui officia deserunt mollit anim id est laborum. Sed utem peiatis undesieu omnis iste natus error sit voluptatem accusantium doloremque laudantium, totam rem aiam eaqueiu ipsaquae abes illo inventore veritatisetm quasitea architecto beatae vitae dictaed quia consequuntur magni dolores eos quist ratione ceatem sequei nesciunt. Neque porro quam est qui dolorem ipsum quia dolor sitem amet consectetur adipisci velit sed quianon quam eius modi tempora incidunt ut labore etneise dolore magnam aliquam quaerat.</p>\n<div class=\"d-flex justify-content-around mx-auto dc-99-section flex-column flex-sm-row\">\n<div class=\"align-self-center\">&nbsp;</div>\n<div class=\"dc-99-content align-self-center pt-sm-0\"><em>&rdquo; Adipisicing elit, sed dote eiusmod tempor olak magna aliqua okaeine mikaru itniesce lokate ibsiam.&rdquo;</em></div>\n</div>\n<div class=\"dc-para-content\">\n<p class=\"dc-para\">ncididunt ut labore et dolore magna aliqua. Ut enim ad minim veniam, quis nostrud exercitation ullamco laboris nisi ut aliquip commodo consequat. Duis aute irure dolor in reprehenderit in voluptate velit esse cillum dolore eu fugiate nulla pariatur teur sint occaecat cupidatat ainon proident sunt in culpa qui.</p>\n</div>\n</div>\n</div>\n<div class=\" dc-section dc-py-15\">\n<figure class=\"m-0 dc-water-woman\"><img src=\"http://amentotech.com/projects/doctreat/wp-content/uploads/2019/09/img-02-1.jpg\" alt=\"Image Description\" /></figure>\n<div class=\"dc-section-content text-center\"><em>As per current survey perspiciatis unde omnis iste natus error sit voluptatem.</em></div>\n</div>\n<div class=\"dc-content\">\n<div>\n<p class=\"dc-para dc-para2\">Excepteur sint occaecat cupidatat non proident, sunt in culpa qui officia deserunt mollit anim id est laborum. Sed perspiciatis unde omnis iste natus error sit voluptatem accusantium doloremque laudantium, totam rem aiam eaque ipsa quae ab illoam inventore veritatis et quasi architecto beatae vitae dicta sunt explicabo. Nemo enim ipsam voluptatem quia voluptas sit asper aut odit aut fugit occaecat cupidatat non proident, sunt in culpa qui.</p>\n</div>\n<ul>\n<li>Nemo enim ipsam voluptatem quia</li>\n<li>Adipisci velit, sed quia non numquam eius modi tempora</li>\n<li>Eaque ipsa quae ab illo inventore veritatis et quasi architecto</li>\n<li>Qui dolorem ipsum quia dolor sit amet</li>\n</ul>\n<div class=\"dc-para-padding\">\n<p class=\"dc-para m-0\">Sed quia consequuntur magni dolores eos qui ratione voluptatem sequi nesciunt. Neque porro quisquam est, qui dolorem ipsum quia dolor sit amet, consectetur, adipisci velit, sed quia non numquam eius modi quaerat voluptatem.</p>\n</div>\n</div>\n<div class=\"d-flex dc-py-15 flex-column flex-xl-row\">\n<div class=\"dc-section\">\n<figure class=\"m-0\"><img src=\"http://amentotech.com/projects/doctreat/wp-content/uploads/2019/09/img-03.jpg\" alt=\"Image Description\" /></figure>\n<div class=\"dc-section-content text-center\"><em class=\"d-block\">As per current survey perspiciatis.</em></div>\n</div>\n<div class=\"dc-content align-self-center dc-p-flex dc-flex \">\n<div class=\"\">\n<p class=\"dc-para\">Excepteur sint occaecat cupidatat non proident, sunt in culpa qui officia deserunt voluptatem accusantium doloremque laudantium, totam rem aiam eaque ipsaae ab illoam inventore veritatis et quasi architecto beatae vitae dicta sunt explicabo Nemo enim ipsam voluptatem quia voluptas sit asper aut odit aut fugit occaecat cupidatat non proident, sunt in culpa qui.</p>\n</div>\n<ul>\n<li>Nemo enim ipsam voluptatem quia</li>\n<li>Adipisci velit, sed quia non numquam eius modi tempora</li>\n<li>Eaque ipsa quae ab illo inventore veritatis et quasi architecto</li>\n<li>Qui dolorem ipsum quia dolor sit amet</li>\n</ul>\n<div class=\"dc-pt-21\">\n<p class=\"dc-para mb-0\">Sed quia consequuntur magni dolores eos qui ratione voluptatem sequi nesciunt. Neque porro quisquam est, qui dolorem ipsum quia dolor sit amet, consecteture adipisci velit, sed quia non numquam eius modi.</p>\n</div>\n</div>\n</div>\n<div class=\"dc-py-para\">\n<p class=\"dc-para m-0\">Excepteur sint eccaecat cupidatat non proident, sunt in culpa qui officia deserunt mollit anim id est laborum. Sed ut pspiciatis unde omnis iste natus error sit voluptatem accusantium doloremque laudantium, totam rem aiam eaque ipsa quae ab illo inventore veritatis et qaenuasi architecto beatae vitae dicta sunt explicabo.</p>\n</div>\n<div class=\"d-flex dc-py-15 flex-column flex-xl-row \">\n<div class=\"dc-content align-self-center order-last order-xl-first dc-flex dc-p-flex2\">\n<div>\n<p class=\"dc-para\">Excepteur sint occaecat cupidatat non proident, sunt in culpa qui officia deserunt voluptatem accusantium doloremque laudantium, totam rem aiam eaque ipsaae ab illoam inventore veritatis et quasi architecto beatae vitae dicta sunt explicabo Nemo enim ipsam voluptatem quia voluptas sit asper aut odit aut fugit occaecat cupidatat non proident, sunt in culpa qui.</p>\n</div>\n<ul>\n<li>Nemo enim ipsam voluptatem quia</li>\n<li>Adipisci velit, sed quia non numquam eius modi tempora</li>\n<li>Eaque ipsa quae ab illo inventore veritatis et quasi architecto</li>\n<li>Qui dolorem ipsum quia dolor sit amet</li>\n</ul>\n<div class=\"dc-pt-21\">\n<p class=\"dc-para mb-0\">Sed quia consequuntur magni dolores eos qui ratione voluptatem sequi nesciunt. Neque porro quisquam est, qui dolorem ipsum quia dolor sit amet, consecteture adipisci velit, sed quia non numquam eius modi.</p>\n</div>\n</div>\n<div class=\"dc-section\">\n<figure class=\"m-0\"><img src=\"http://amentotech.com/projects/doctreat/wp-content/uploads/2019/09/img-04.jpg\" alt=\"Image Description\" /></figure>\n<div class=\"dc-section-content text-center\"><em class=\"d-block\">As per current survey perspiciatis.</em></div>\n</div>\n</div>\n<div class=\"dc-py-para\">\n<p class=\"dc-para m-0\">Excepteur sint eccaecat cupidatat non proident, sunt in culpa qui officia deserunt mollit anim id est laborum. Sed ut pspiciatis unde omnis iste natus error sit voluptatem accusantium doloremque laudantium, totam rem aiam eaque ipsa quae ab illo inventore veritatis et qaenuasi architecto beatae vitae dicta sunt explicabo.</p>\n</div>\n<div class=\"dc-video dc-py-15\">\n<figure class=\"m-0\"><img src=\"http://amentotech.com/projects/doctreat/wp-content/uploads/2019/09/img-01-1.jpg\" alt=\"image description\" /></figure>\n</div>\n<div class=\"dc-content dc-my2\">\n<div>\n<p class=\"dc-para\">Excepteur sint occaecat cupidatat non proident, sunt in culpa qui officia deserunt mollit anim id est laborum. Sed perspiciatis unde omnis iste natus error sit voluptatem accusantium doloremque laudantium, totam rem aiam eaque ipsa quae ab illoam inventore veritatis et quasi architecto beatae vitae dicta sunt explicabo. Nemo enim ipsam voluptatem quia voluptas sit asper aut odit aut fugit occaecat cupidatat non proident, sunt in culpa qui.</p>\n</div>\n<ul>\n<li>Nemo enim ipsam voluptatem quia</li>\n<li>Adipisci velit, sed quia non numquam eius modi tempora</li>\n<li>Eaque ipsa quae ab illo inventore veritatis et quasi architecto</li>\n<li>Qui dolorem ipsum quia dolor sit amet</li>\n</ul>\n<div class=\"dc-para-padding\">\n<p class=\"dc-para m-0\">Sed quia consequuntur magni dolores eos qui ratione voluptatem sequi nesciunt. Neque porro quisquam est, qui dolorem ipsum quia dolor sit amet, consectetur, adipisci velit, sed quia non numquam eius modi quaerat voluptatem.</p>\n</div>\n</div>','1591189975-high-blood.jpg','\n\nExcepteur sint occaecat cupidatat non proident, su...',1,'2020-01-15 13:15:54','2020-06-03 13:12:55'),(5,'hypertension-treatment-may-slow-down-alzheimer39s-progression',1,NULL,NULL,NULL,'Hypertension treatment may slow down Alzheimer&#39;s progression','<div class=\" dc-para99\">\n<div>\n<p class=\"dc-para\">Excepteur sint occaecat cupidatat non proident, sunt in culpa qui officia deserunt mollit anim id est laborum. Sed utem peiatis undesieu omnis iste natus error sit voluptatem accusantium doloremque laudantium, totam rem aiam eaqueiu ipsaquae abes illo inventore veritatisetm quasitea architecto beatae vitae dictaed quia consequuntur magni dolores eos quist ratione ceatem sequei nesciunt. Neque porro quam est qui dolorem ipsum quia dolor sitem amet consectetur adipisci velit sed quianon quam eius modi tempora incidunt ut labore etneise dolore magnam aliquam quaerat.</p>\n<div class=\"d-flex justify-content-around mx-auto dc-99-section flex-column flex-sm-row\">\n<div class=\"align-self-center\">&nbsp;</div>\n<div class=\"dc-99-content align-self-center pt-sm-0\"><em>&rdquo; Adipisicing elit, sed dote eiusmod tempor olak magna aliqua okaeine mikaru itniesce lokate ibsiam.&rdquo;</em></div>\n</div>\n<div class=\"dc-para-content\">\n<p class=\"dc-para\">ncididunt ut labore et dolore magna aliqua. Ut enim ad minim veniam, quis nostrud exercitation ullamco laboris nisi ut aliquip commodo consequat. Duis aute irure dolor in reprehenderit in voluptate velit esse cillum dolore eu fugiate nulla pariatur teur sint occaecat cupidatat ainon proident sunt in culpa qui.</p>\n</div>\n</div>\n</div>\n<div class=\" dc-section dc-py-15\">\n<figure class=\"m-0 dc-water-woman\"><img src=\"http://amentotech.com/projects/doctreat/wp-content/uploads/2019/09/img-02-1.jpg\" alt=\"Image Description\" /></figure>\n<div class=\"dc-section-content text-center\"><em>As per current survey perspiciatis unde omnis iste natus error sit voluptatem.</em></div>\n</div>\n<div class=\"dc-content\">\n<div>\n<p class=\"dc-para dc-para2\">Excepteur sint occaecat cupidatat non proident, sunt in culpa qui officia deserunt mollit anim id est laborum. Sed perspiciatis unde omnis iste natus error sit voluptatem accusantium doloremque laudantium, totam rem aiam eaque ipsa quae ab illoam inventore veritatis et quasi architecto beatae vitae dicta sunt explicabo. Nemo enim ipsam voluptatem quia voluptas sit asper aut odit aut fugit occaecat cupidatat non proident, sunt in culpa qui.</p>\n</div>\n<ul>\n<li>Nemo enim ipsam voluptatem quia</li>\n<li>Adipisci velit, sed quia non numquam eius modi tempora</li>\n<li>Eaque ipsa quae ab illo inventore veritatis et quasi architecto</li>\n<li>Qui dolorem ipsum quia dolor sit amet</li>\n</ul>\n<div class=\"dc-para-padding\">\n<p class=\"dc-para m-0\">Sed quia consequuntur magni dolores eos qui ratione voluptatem sequi nesciunt. Neque porro quisquam est, qui dolorem ipsum quia dolor sit amet, consectetur, adipisci velit, sed quia non numquam eius modi quaerat voluptatem.</p>\n</div>\n</div>\n<div class=\"d-flex dc-py-15 flex-column flex-xl-row\">\n<div class=\"dc-section\">\n<figure class=\"m-0\"><img src=\"http://amentotech.com/projects/doctreat/wp-content/uploads/2019/09/img-03.jpg\" alt=\"Image Description\" /></figure>\n<div class=\"dc-section-content text-center\"><em class=\"d-block\">As per current survey perspiciatis.</em></div>\n</div>\n<div class=\"dc-content align-self-center dc-p-flex dc-flex \">\n<div class=\"\">\n<p class=\"dc-para\">Excepteur sint occaecat cupidatat non proident, sunt in culpa qui officia deserunt voluptatem accusantium doloremque laudantium, totam rem aiam eaque ipsaae ab illoam inventore veritatis et quasi architecto beatae vitae dicta sunt explicabo Nemo enim ipsam voluptatem quia voluptas sit asper aut odit aut fugit occaecat cupidatat non proident, sunt in culpa qui.</p>\n</div>\n<ul>\n<li>Nemo enim ipsam voluptatem quia</li>\n<li>Adipisci velit, sed quia non numquam eius modi tempora</li>\n<li>Eaque ipsa quae ab illo inventore veritatis et quasi architecto</li>\n<li>Qui dolorem ipsum quia dolor sit amet</li>\n</ul>\n<div class=\"dc-pt-21\">\n<p class=\"dc-para mb-0\">Sed quia consequuntur magni dolores eos qui ratione voluptatem sequi nesciunt. Neque porro quisquam est, qui dolorem ipsum quia dolor sit amet, consecteture adipisci velit, sed quia non numquam eius modi.</p>\n</div>\n</div>\n</div>\n<div class=\"dc-py-para\">\n<p class=\"dc-para m-0\">Excepteur sint eccaecat cupidatat non proident, sunt in culpa qui officia deserunt mollit anim id est laborum. Sed ut pspiciatis unde omnis iste natus error sit voluptatem accusantium doloremque laudantium, totam rem aiam eaque ipsa quae ab illo inventore veritatis et qaenuasi architecto beatae vitae dicta sunt explicabo.</p>\n</div>\n<div class=\"d-flex dc-py-15 flex-column flex-xl-row \">\n<div class=\"dc-content align-self-center order-last order-xl-first dc-flex dc-p-flex2\">\n<div>\n<p class=\"dc-para\">Excepteur sint occaecat cupidatat non proident, sunt in culpa qui officia deserunt voluptatem accusantium doloremque laudantium, totam rem aiam eaque ipsaae ab illoam inventore veritatis et quasi architecto beatae vitae dicta sunt explicabo Nemo enim ipsam voluptatem quia voluptas sit asper aut odit aut fugit occaecat cupidatat non proident, sunt in culpa qui.</p>\n</div>\n<ul>\n<li>Nemo enim ipsam voluptatem quia</li>\n<li>Adipisci velit, sed quia non numquam eius modi tempora</li>\n<li>Eaque ipsa quae ab illo inventore veritatis et quasi architecto</li>\n<li>Qui dolorem ipsum quia dolor sit amet</li>\n</ul>\n<div class=\"dc-pt-21\">\n<p class=\"dc-para mb-0\">Sed quia consequuntur magni dolores eos qui ratione voluptatem sequi nesciunt. Neque porro quisquam est, qui dolorem ipsum quia dolor sit amet, consecteture adipisci velit, sed quia non numquam eius modi.</p>\n</div>\n</div>\n<div class=\"dc-section\">\n<figure class=\"m-0\"><img src=\"http://amentotech.com/projects/doctreat/wp-content/uploads/2019/09/img-04.jpg\" alt=\"Image Description\" /></figure>\n<div class=\"dc-section-content text-center\"><em class=\"d-block\">As per current survey perspiciatis.</em></div>\n</div>\n</div>\n<div class=\"dc-py-para\">\n<p class=\"dc-para m-0\">Excepteur sint eccaecat cupidatat non proident, sunt in culpa qui officia deserunt mollit anim id est laborum. Sed ut pspiciatis unde omnis iste natus error sit voluptatem accusantium doloremque laudantium, totam rem aiam eaque ipsa quae ab illo inventore veritatis et qaenuasi architecto beatae vitae dicta sunt explicabo.</p>\n</div>\n<div class=\"dc-video dc-py-15\">\n<figure class=\"m-0\"><img src=\"http://amentotech.com/projects/doctreat/wp-content/uploads/2019/09/img-01-1.jpg\" alt=\"image description\" /></figure>\n</div>\n<div class=\"dc-content dc-my2\">\n<div>\n<p class=\"dc-para\">Excepteur sint occaecat cupidatat non proident, sunt in culpa qui officia deserunt mollit anim id est laborum. Sed perspiciatis unde omnis iste natus error sit voluptatem accusantium doloremque laudantium, totam rem aiam eaque ipsa quae ab illoam inventore veritatis et quasi architecto beatae vitae dicta sunt explicabo. Nemo enim ipsam voluptatem quia voluptas sit asper aut odit aut fugit occaecat cupidatat non proident, sunt in culpa qui.</p>\n</div>\n<ul>\n<li>Nemo enim ipsam voluptatem quia</li>\n<li>Adipisci velit, sed quia non numquam eius modi tempora</li>\n<li>Eaque ipsa quae ab illo inventore veritatis et quasi architecto</li>\n<li>Qui dolorem ipsum quia dolor sit amet</li>\n</ul>\n<div class=\"dc-para-padding\">\n<p class=\"dc-para m-0\">Sed quia consequuntur magni dolores eos qui ratione voluptatem sequi nesciunt. Neque porro quisquam est, qui dolorem ipsum quia dolor sit amet, consectetur, adipisci velit, sed quia non numquam eius modi quaerat voluptatem.</p>\n</div>\n</div>','1591191792-hyper.jpg','\n\nExcepteur sint occaecat cupidatat non proident, su...',0,'2020-01-15 13:15:54','2020-06-03 13:43:12'),(6,'intermittent-fasting-boosts-health-by-strengthening-daily-rhythms',1,NULL,1,NULL,'Intermittent fasting boosts health by strengthening daily rhythms','<div class=\" dc-para99\">\n<div>\n<p class=\"dc-para\">Excepteur sint occaecat cupidatat non proident, sunt in culpa qui officia deserunt mollit anim id est laborum. Sed utem peiatis undesieu omnis iste natus error sit voluptatem accusantium doloremque laudantium, totam rem aiam eaqueiu ipsaquae abes illo inventore veritatisetm quasitea architecto beatae vitae dictaed quia consequuntur magni dolores eos quist ratione ceatem sequei nesciunt.<strong> Neque porro quam est qui dolorem ipsum quia dolor sitem amet consectetur adipisci velit sed quianon quam eius modi tempora incidunt ut labore etneise dolore magnam aliquam quaerat.</strong></p>\n<div class=\"d-flex justify-content-around mx-auto dc-99-section flex-column flex-sm-row\">\n<div class=\"align-self-center\">&nbsp;</div>\n<div class=\"dc-99-content align-self-center pt-sm-0\"><em>&rdquo; Adipisicing elit, sed dote eiusmod tempor olak magna aliqua okaeine mikaru itniesce lokate ibsiam.&rdquo;</em></div>\n</div>\n<div class=\"dc-para-content\">\n<p class=\"dc-para\">ncididunt ut labore et dolore magna aliqua. Ut enim ad minim veniam, quis nostrud exercitation ullamco laboris nisi ut aliquip commodo consequat. Duis aute irure dolor in reprehenderit in voluptate velit esse cillum dolore eu fugiate nulla pariatur teur sint occaecat cupidatat ainon proident sunt in culpa qui.</p>\n</div>\n</div>\n</div>\n<div class=\" dc-section dc-py-15\">\n<figure class=\"m-0 dc-water-woman\"><img src=\"http://amentotech.com/projects/doctreat/wp-content/uploads/2019/09/img-02-1.jpg\" alt=\"Image Description\" /></figure>\n<div class=\"dc-section-content text-center\"><em>As per current survey perspiciatis unde omnis iste natus error sit voluptatem.</em></div>\n</div>\n<div class=\"dc-content\">\n<div>\n<p class=\"dc-para dc-para2\">Excepteur sint occaecat cupidatat non proident, sunt in culpa qui officia deserunt mollit anim id est laborum. Sed perspiciatis unde omnis iste natus error sit voluptatem accusantium doloremque laudantium, totam rem aiam eaque ipsa quae ab illoam inventore veritatis et quasi architecto beatae vitae dicta sunt explicabo. Nemo enim ipsam voluptatem quia voluptas sit asper aut odit aut fugit occaecat cupidatat non proident, sunt in culpa qui.</p>\n</div>\n<ul>\n<li>Nemo enim ipsam voluptatem quia</li>\n<li>Adipisci velit, sed quia non numquam eius modi tempora</li>\n<li>Eaque ipsa quae ab illo inventore veritatis et quasi architecto</li>\n<li>Qui dolorem ipsum quia dolor sit amet</li>\n</ul>\n<div class=\"dc-para-padding\">\n<p class=\"dc-para m-0\">Sed quia consequuntur magni dolores eos qui ratione voluptatem sequi nesciunt. Neque porro quisquam est, qui dolorem ipsum quia dolor sit amet, consectetur, adipisci velit, sed quia non numquam eius modi quaerat voluptatem.</p>\n</div>\n</div>\n<div class=\"d-flex dc-py-15 flex-column flex-xl-row\">\n<div class=\"dc-section\">\n<figure class=\"m-0\"><img src=\"http://amentotech.com/projects/doctreat/wp-content/uploads/2019/09/img-03.jpg\" alt=\"Image Description\" /></figure>\n<div class=\"dc-section-content text-center\"><em class=\"d-block\">As per current survey perspiciatis.</em></div>\n</div>\n<div class=\"dc-content align-self-center dc-p-flex dc-flex \">\n<div class=\"\">\n<p class=\"dc-para\">Excepteur sint occaecat cupidatat non proident, sunt in culpa qui officia deserunt voluptatem accusantium doloremque laudantium, totam rem aiam eaque ipsaae ab illoam inventore veritatis et quasi architecto beatae vitae dicta sunt explicabo Nemo enim ipsam voluptatem quia voluptas sit asper aut odit aut fugit occaecat cupidatat non proident, sunt in culpa qui.</p>\n</div>\n<ul>\n<li>Nemo enim ipsam voluptatem quia</li>\n<li>Adipisci velit, sed quia non numquam eius modi tempora</li>\n<li>Eaque ipsa quae ab illo inventore veritatis et quasi architecto</li>\n<li>Qui dolorem ipsum quia dolor sit amet</li>\n</ul>\n<div class=\"dc-pt-21\">\n<p class=\"dc-para mb-0\">Sed quia consequuntur magni dolores eos qui ratione voluptatem sequi nesciunt. Neque porro quisquam est, qui dolorem ipsum quia dolor sit amet, consecteture adipisci velit, sed quia non numquam eius modi.</p>\n</div>\n</div>\n</div>\n<div class=\"dc-py-para\">\n<p class=\"dc-para m-0\">Excepteur sint eccaecat cupidatat non proident, sunt in culpa qui officia deserunt mollit anim id est laborum. Sed ut pspiciatis unde omnis iste natus error sit voluptatem accusantium doloremque laudantium, totam rem aiam eaque ipsa quae ab illo inventore veritatis et qaenuasi architecto beatae vitae dicta sunt explicabo.</p>\n</div>\n<div class=\"d-flex dc-py-15 flex-column flex-xl-row \">\n<div class=\"dc-content align-self-center order-last order-xl-first dc-flex dc-p-flex2\">\n<div>\n<p class=\"dc-para\">Excepteur sint occaecat cupidatat non proident, sunt in culpa qui officia deserunt voluptatem accusantium doloremque laudantium, totam rem aiam eaque ipsaae ab illoam inventore veritatis et quasi architecto beatae vitae dicta sunt explicabo Nemo enim ipsam voluptatem quia voluptas sit asper aut odit aut fugit occaecat cupidatat non proident, sunt in culpa qui.</p>\n</div>\n<ul>\n<li>Nemo enim ipsam voluptatem quia</li>\n<li>Adipisci velit, sed quia non numquam eius modi tempora</li>\n<li>Eaque ipsa quae ab illo inventore veritatis et quasi architecto</li>\n<li>Qui dolorem ipsum quia dolor sit amet</li>\n</ul>\n<div class=\"dc-pt-21\">\n<p class=\"dc-para mb-0\">Sed quia consequuntur magni dolores eos qui ratione voluptatem sequi nesciunt. Neque porro quisquam est, qui dolorem ipsum quia dolor sit amet, consecteture adipisci velit, sed quia non numquam eius modi.</p>\n</div>\n</div>\n<div class=\"dc-section\">\n<figure class=\"m-0\"><img src=\"http://amentotech.com/projects/doctreat/wp-content/uploads/2019/09/img-04.jpg\" alt=\"Image Description\" /></figure>\n<div class=\"dc-section-content text-center\"><em class=\"d-block\">As per current survey perspiciatis.</em></div>\n</div>\n</div>\n<div class=\"dc-py-para\">\n<p class=\"dc-para m-0\">Excepteur sint eccaecat cupidatat non proident, sunt in culpa qui officia deserunt mollit anim id est laborum. Sed ut pspiciatis unde omnis iste natus error sit voluptatem accusantium doloremque laudantium, totam rem aiam eaque ipsa quae ab illo inventore veritatis et qaenuasi architecto beatae vitae dicta sunt explicabo.</p>\n</div>\n<div class=\"dc-video dc-py-15\">\n<figure class=\"m-0\"><img src=\"http://amentotech.com/projects/doctreat/wp-content/uploads/2019/09/img-01-1.jpg\" alt=\"image description\" /></figure>\n</div>\n<div class=\"dc-content dc-my2\">\n<div>\n<p class=\"dc-para\">Excepteur sint occaecat cupidatat non proident, sunt in culpa qui officia deserunt mollit anim id est laborum. Sed perspiciatis unde omnis iste natus error sit voluptatem accusantium doloremque laudantium, totam rem aiam eaque ipsa quae ab illoam inventore veritatis et quasi architecto beatae vitae dicta sunt explicabo. Nemo enim ipsam voluptatem quia voluptas sit asper aut odit aut fugit occaecat cupidatat non proident, sunt in culpa qui.</p>\n</div>\n<ul>\n<li>Nemo enim ipsam voluptatem quia</li>\n<li>Adipisci velit, sed quia non numquam eius modi tempora</li>\n<li>Eaque ipsa quae ab illo inventore veritatis et quasi architecto</li>\n<li>Qui dolorem ipsum quia dolor sit amet</li>\n</ul>\n<div class=\"dc-para-padding\">\n<p class=\"dc-para m-0\">Sed quia consequuntur magni dolores eos qui ratione voluptatem sequi nesciunt. Neque porro quisquam est, qui dolorem ipsum quia dolor sit amet, consectetur, adipisci velit, sed quia non numquam eius modi quaerat voluptatem.</p>\n</div>\n</div>','1591191924-fasting.jpg','\n\nExcepteur sint occaecat cupidatat non proident, su...',1,'2020-01-15 13:15:54','2020-07-03 07:43:12'),(7,'processed-foods-lead-to-weight-gain-but-it39s-about-more-than-calories',1,NULL,NULL,NULL,'Processed foods lead to weight gain, but it&#39;s about more than calories','<div class=\" dc-para99\">\n<div>\n<p class=\"dc-para\">Excepteur sint occaecat cupidatat non proident, sunt in culpa qui officia deserunt mollit anim id est laborum. Sed utem peiatis undesieu omnis iste natus error sit voluptatem accusantium doloremque laudantium, totam rem aiam eaqueiu ipsaquae abes illo inventore veritatisetm quasitea architecto beatae vitae dictaed quia consequuntur magni dolores eos quist ratione ceatem sequei nesciunt. Neque porro quam est qui dolorem ipsum quia dolor sitem amet consectetur adipisci velit sed quianon quam eius modi tempora incidunt ut labore etneise dolore magnam aliquam quaerat.</p>\n<div class=\"d-flex justify-content-around mx-auto dc-99-section flex-column flex-sm-row\">\n<div class=\"align-self-center\">&nbsp;</div>\n<div class=\"dc-99-content align-self-center pt-sm-0\"><em>&rdquo; Adipisicing elit, sed dote eiusmod tempor olak magna aliqua okaeine mikaru itniesce lokate ibsiam.&rdquo;</em></div>\n</div>\n<div class=\"dc-para-content\">\n<p class=\"dc-para\">ncididunt ut labore et dolore magna aliqua. Ut enim ad minim veniam, quis nostrud exercitation ullamco laboris nisi ut aliquip commodo consequat. Duis aute irure dolor in reprehenderit in voluptate velit esse cillum dolore eu fugiate nulla pariatur teur sint occaecat cupidatat ainon proident sunt in culpa qui.</p>\n</div>\n</div>\n</div>\n<div class=\" dc-section dc-py-15\">\n<figure class=\"m-0 dc-water-woman\"><img src=\"http://amentotech.com/projects/doctreat/wp-content/uploads/2019/09/img-02-1.jpg\" alt=\"Image Description\" /></figure>\n<div class=\"dc-section-content text-center\"><em>As per current survey perspiciatis unde omnis iste natus error sit voluptatem.</em></div>\n</div>\n<div class=\"dc-content\">\n<div>\n<p class=\"dc-para dc-para2\">Excepteur sint occaecat cupidatat non proident, sunt in culpa qui officia deserunt mollit anim id est laborum. Sed perspiciatis unde omnis iste natus error sit voluptatem accusantium doloremque laudantium, totam rem aiam eaque ipsa quae ab illoam inventore veritatis et quasi architecto beatae vitae dicta sunt explicabo. Nemo enim ipsam voluptatem quia voluptas sit asper aut odit aut fugit occaecat cupidatat non proident, sunt in culpa qui.</p>\n</div>\n<ul>\n<li>Nemo enim ipsam voluptatem quia</li>\n<li>Adipisci velit, sed quia non numquam eius modi tempora</li>\n<li>Eaque ipsa quae ab illo inventore veritatis et quasi architecto</li>\n<li>Qui dolorem ipsum quia dolor sit amet</li>\n</ul>\n<div class=\"dc-para-padding\">\n<p class=\"dc-para m-0\">Sed quia consequuntur magni dolores eos qui ratione voluptatem sequi nesciunt. Neque porro quisquam est, qui dolorem ipsum quia dolor sit amet, consectetur, adipisci velit, sed quia non numquam eius modi quaerat voluptatem.</p>\n</div>\n</div>\n<div class=\"d-flex dc-py-15 flex-column flex-xl-row\">\n<div class=\"dc-section\">\n<figure class=\"m-0\"><img src=\"http://amentotech.com/projects/doctreat/wp-content/uploads/2019/09/img-03.jpg\" alt=\"Image Description\" /></figure>\n<div class=\"dc-section-content text-center\"><em class=\"d-block\">As per current survey perspiciatis.</em></div>\n</div>\n<div class=\"dc-content align-self-center dc-p-flex dc-flex \">\n<div class=\"\">\n<p class=\"dc-para\">Excepteur sint occaecat cupidatat non proident, sunt in culpa qui officia deserunt voluptatem accusantium doloremque laudantium, totam rem aiam eaque ipsaae ab illoam inventore veritatis et quasi architecto beatae vitae dicta sunt explicabo Nemo enim ipsam voluptatem quia voluptas sit asper aut odit aut fugit occaecat cupidatat non proident, sunt in culpa qui.</p>\n</div>\n<ul>\n<li>Nemo enim ipsam voluptatem quia</li>\n<li>Adipisci velit, sed quia non numquam eius modi tempora</li>\n<li>Eaque ipsa quae ab illo inventore veritatis et quasi architecto</li>\n<li>Qui dolorem ipsum quia dolor sit amet</li>\n</ul>\n<div class=\"dc-pt-21\">\n<p class=\"dc-para mb-0\">Sed quia consequuntur magni dolores eos qui ratione voluptatem sequi nesciunt. Neque porro quisquam est, qui dolorem ipsum quia dolor sit amet, consecteture adipisci velit, sed quia non numquam eius modi.</p>\n</div>\n</div>\n</div>\n<div class=\"dc-py-para\">\n<p class=\"dc-para m-0\">Excepteur sint eccaecat cupidatat non proident, sunt in culpa qui officia deserunt mollit anim id est laborum. Sed ut pspiciatis unde omnis iste natus error sit voluptatem accusantium doloremque laudantium, totam rem aiam eaque ipsa quae ab illo inventore veritatis et qaenuasi architecto beatae vitae dicta sunt explicabo.</p>\n</div>\n<div class=\"d-flex dc-py-15 flex-column flex-xl-row \">\n<div class=\"dc-content align-self-center order-last order-xl-first dc-flex dc-p-flex2\">\n<div>\n<p class=\"dc-para\">Excepteur sint occaecat cupidatat non proident, sunt in culpa qui officia deserunt voluptatem accusantium doloremque laudantium, totam rem aiam eaque ipsaae ab illoam inventore veritatis et quasi architecto beatae vitae dicta sunt explicabo Nemo enim ipsam voluptatem quia voluptas sit asper aut odit aut fugit occaecat cupidatat non proident, sunt in culpa qui.</p>\n</div>\n<ul>\n<li>Nemo enim ipsam voluptatem quia</li>\n<li>Adipisci velit, sed quia non numquam eius modi tempora</li>\n<li>Eaque ipsa quae ab illo inventore veritatis et quasi architecto</li>\n<li>Qui dolorem ipsum quia dolor sit amet</li>\n</ul>\n<div class=\"dc-pt-21\">\n<p class=\"dc-para mb-0\">Sed quia consequuntur magni dolores eos qui ratione voluptatem sequi nesciunt. Neque porro quisquam est, qui dolorem ipsum quia dolor sit amet, consecteture adipisci velit, sed quia non numquam eius modi.</p>\n</div>\n</div>\n<div class=\"dc-section\">\n<figure class=\"m-0\"><img src=\"http://amentotech.com/projects/doctreat/wp-content/uploads/2019/09/img-04.jpg\" alt=\"Image Description\" /></figure>\n<div class=\"dc-section-content text-center\"><em class=\"d-block\">As per current survey perspiciatis.</em></div>\n</div>\n</div>\n<div class=\"dc-py-para\">\n<p class=\"dc-para m-0\">Excepteur sint eccaecat cupidatat non proident, sunt in culpa qui officia deserunt mollit anim id est laborum. Sed ut pspiciatis unde omnis iste natus error sit voluptatem accusantium doloremque laudantium, totam rem aiam eaque ipsa quae ab illo inventore veritatis et qaenuasi architecto beatae vitae dicta sunt explicabo.</p>\n</div>\n<div class=\"dc-video dc-py-15\">\n<figure class=\"m-0\"><img src=\"http://amentotech.com/projects/doctreat/wp-content/uploads/2019/09/img-01-1.jpg\" alt=\"image description\" /></figure>\n</div>\n<div class=\"dc-content dc-my2\">\n<div>\n<p class=\"dc-para\">Excepteur sint occaecat cupidatat non proident, sunt in culpa qui officia deserunt mollit anim id est laborum. Sed perspiciatis unde omnis iste natus error sit voluptatem accusantium doloremque laudantium, totam rem aiam eaque ipsa quae ab illoam inventore veritatis et quasi architecto beatae vitae dicta sunt explicabo. Nemo enim ipsam voluptatem quia voluptas sit asper aut odit aut fugit occaecat cupidatat non proident, sunt in culpa qui.</p>\n</div>\n<ul>\n<li>Nemo enim ipsam voluptatem quia</li>\n<li>Adipisci velit, sed quia non numquam eius modi tempora</li>\n<li>Eaque ipsa quae ab illo inventore veritatis et quasi architecto</li>\n<li>Qui dolorem ipsum quia dolor sit amet</li>\n</ul>\n<div class=\"dc-para-padding\">\n<p class=\"dc-para m-0\">Sed quia consequuntur magni dolores eos qui ratione voluptatem sequi nesciunt. Neque porro quisquam est, qui dolorem ipsum quia dolor sit amet, consectetur, adipisci velit, sed quia non numquam eius modi quaerat voluptatem.</p>\n</div>\n</div>','1591192090-process-food.jpg','\n\nExcepteur sint occaecat cupidatat non proident, su...',0,'2020-01-15 13:15:54','2020-06-03 13:48:10'),(8,'study-reveals-how-much-fiber-we-should-eat-to-prevent-disease',1,NULL,NULL,NULL,'Study reveals fiber we should eat to prevent disease','<div class=\" dc-para99\">\n<div>\n<p class=\"dc-para\">Excepteur sint occaecat cupidatat non proident, sunt in culpa qui officia deserunt mollit anim id est laborum. Sed utem peiatis undesieu omnis iste natus error sit voluptatem accusantium doloremque laudantium, totam rem aiam eaqueiu ipsaquae abes illo inventore veritatisetm quasitea architecto beatae vitae dictaed quia consequuntur magni dolores eos quist ratione ceatem sequei nesciunt. Neque porro quam est qui dolorem ipsum quia dolor sitem amet consectetur adipisci velit sed quianon quam eius modi tempora incidunt ut labore etneise dolore magnam aliquam quaerat.</p>\n<div class=\"d-flex justify-content-around mx-auto dc-99-section flex-column flex-sm-row\">\n<div class=\"align-self-center\">&nbsp;</div>\n<div class=\"dc-99-content align-self-center pt-sm-0\"><em>&rdquo; Adipisicing elit, sed dote eiusmod tempor olak magna aliqua okaeine mikaru itniesce lokate ibsiam.&rdquo;</em></div>\n</div>\n<div class=\"dc-para-content\">\n<p class=\"dc-para\">ncididunt ut labore et dolore magna aliqua. Ut enim ad minim veniam, quis nostrud exercitation ullamco laboris nisi ut aliquip commodo consequat. Duis aute irure dolor in reprehenderit in voluptate velit esse cillum dolore eu fugiate nulla pariatur teur sint occaecat cupidatat ainon proident sunt in culpa qui.</p>\n</div>\n</div>\n</div>\n<div class=\" dc-section dc-py-15\">\n<figure class=\"m-0 dc-water-woman\"><img src=\"http://amentotech.com/projects/doctreat/wp-content/uploads/2019/09/img-02-1.jpg\" alt=\"Image Description\" /></figure>\n<div class=\"dc-section-content text-center\"><em>As per current survey perspiciatis unde omnis iste natus error sit voluptatem.</em></div>\n</div>\n<div class=\"dc-content\">\n<div>\n<p class=\"dc-para dc-para2\">Excepteur sint occaecat cupidatat non proident, sunt in culpa qui officia deserunt mollit anim id est laborum. Sed perspiciatis unde omnis iste natus error sit voluptatem accusantium doloremque laudantium, totam rem aiam eaque ipsa quae ab illoam inventore veritatis et quasi architecto beatae vitae dicta sunt explicabo. Nemo enim ipsam voluptatem quia voluptas sit asper aut odit aut fugit occaecat cupidatat non proident, sunt in culpa qui.</p>\n</div>\n<ul>\n<li>Nemo enim ipsam voluptatem quia</li>\n<li>Adipisci velit, sed quia non numquam eius modi tempora</li>\n<li>Eaque ipsa quae ab illo inventore veritatis et quasi architecto</li>\n<li>Qui dolorem ipsum quia dolor sit amet</li>\n</ul>\n<div class=\"dc-para-padding\">\n<p class=\"dc-para m-0\">Sed quia consequuntur magni dolores eos qui ratione voluptatem sequi nesciunt. Neque porro quisquam est, qui dolorem ipsum quia dolor sit amet, consectetur, adipisci velit, sed quia non numquam eius modi quaerat voluptatem.</p>\n</div>\n</div>\n<div class=\"d-flex dc-py-15 flex-column flex-xl-row\">\n<div class=\"dc-section\">\n<figure class=\"m-0\"><img src=\"http://amentotech.com/projects/doctreat/wp-content/uploads/2019/09/img-03.jpg\" alt=\"Image Description\" /></figure>\n<div class=\"dc-section-content text-center\"><em class=\"d-block\">As per current survey perspiciatis.</em></div>\n</div>\n<div class=\"dc-content align-self-center dc-p-flex dc-flex \">\n<div class=\"\">\n<p class=\"dc-para\">Excepteur sint occaecat cupidatat non proident, sunt in culpa qui officia deserunt voluptatem accusantium doloremque laudantium, totam rem aiam eaque ipsaae ab illoam inventore veritatis et quasi architecto beatae vitae dicta sunt explicabo Nemo enim ipsam voluptatem quia voluptas sit asper aut odit aut fugit occaecat cupidatat non proident, sunt in culpa qui.</p>\n</div>\n<ul>\n<li>Nemo enim ipsam voluptatem quia</li>\n<li>Adipisci velit, sed quia non numquam eius modi tempora</li>\n<li>Eaque ipsa quae ab illo inventore veritatis et quasi architecto</li>\n<li>Qui dolorem ipsum quia dolor sit amet</li>\n</ul>\n<div class=\"dc-pt-21\">\n<p class=\"dc-para mb-0\">Sed quia consequuntur magni dolores eos qui ratione voluptatem sequi nesciunt. Neque porro quisquam est, qui dolorem ipsum quia dolor sit amet, consecteture adipisci velit, sed quia non numquam eius modi.</p>\n</div>\n</div>\n</div>\n<div class=\"dc-py-para\">\n<p class=\"dc-para m-0\">Excepteur sint eccaecat cupidatat non proident, sunt in culpa qui officia deserunt mollit anim id est laborum. Sed ut pspiciatis unde omnis iste natus error sit voluptatem accusantium doloremque laudantium, totam rem aiam eaque ipsa quae ab illo inventore veritatis et qaenuasi architecto beatae vitae dicta sunt explicabo.</p>\n</div>\n<div class=\"d-flex dc-py-15 flex-column flex-xl-row \">\n<div class=\"dc-content align-self-center order-last order-xl-first dc-flex dc-p-flex2\">\n<div>\n<p class=\"dc-para\">Excepteur sint occaecat cupidatat non proident, sunt in culpa qui officia deserunt voluptatem accusantium doloremque laudantium, totam rem aiam eaque ipsaae ab illoam inventore veritatis et quasi architecto beatae vitae dicta sunt explicabo Nemo enim ipsam voluptatem quia voluptas sit asper aut odit aut fugit occaecat cupidatat non proident, sunt in culpa qui.</p>\n</div>\n<ul>\n<li>Nemo enim ipsam voluptatem quia</li>\n<li>Adipisci velit, sed quia non numquam eius modi tempora</li>\n<li>Eaque ipsa quae ab illo inventore veritatis et quasi architecto</li>\n<li>Qui dolorem ipsum quia dolor sit amet</li>\n</ul>\n<div class=\"dc-pt-21\">\n<p class=\"dc-para mb-0\">Sed quia consequuntur magni dolores eos qui ratione voluptatem sequi nesciunt. Neque porro quisquam est, qui dolorem ipsum quia dolor sit amet, consecteture adipisci velit, sed quia non numquam eius modi.</p>\n</div>\n</div>\n<div class=\"dc-section\">\n<figure class=\"m-0\"><img src=\"http://amentotech.com/projects/doctreat/wp-content/uploads/2019/09/img-04.jpg\" alt=\"Image Description\" /></figure>\n<div class=\"dc-section-content text-center\"><em class=\"d-block\">As per current survey perspiciatis.</em></div>\n</div>\n</div>\n<div class=\"dc-py-para\">\n<p class=\"dc-para m-0\">Excepteur sint eccaecat cupidatat non proident, sunt in culpa qui officia deserunt mollit anim id est laborum. Sed ut pspiciatis unde omnis iste natus error sit voluptatem accusantium doloremque laudantium, totam rem aiam eaque ipsa quae ab illo inventore veritatis et qaenuasi architecto beatae vitae dicta sunt explicabo.</p>\n</div>\n<div class=\"dc-video dc-py-15\">\n<figure class=\"m-0\"><img src=\"http://amentotech.com/projects/doctreat/wp-content/uploads/2019/09/img-01-1.jpg\" alt=\"image description\" /></figure>\n</div>\n<div class=\"dc-content dc-my2\">\n<div>\n<p class=\"dc-para\">Excepteur sint occaecat cupidatat non proident, sunt in culpa qui officia deserunt mollit anim id est laborum. Sed perspiciatis unde omnis iste natus error sit voluptatem accusantium doloremque laudantium, totam rem aiam eaque ipsa quae ab illoam inventore veritatis et quasi architecto beatae vitae dicta sunt explicabo. Nemo enim ipsam voluptatem quia voluptas sit asper aut odit aut fugit occaecat cupidatat non proident, sunt in culpa qui.</p>\n</div>\n<ul>\n<li>Nemo enim ipsam voluptatem quia</li>\n<li>Adipisci velit, sed quia non numquam eius modi tempora</li>\n<li>Eaque ipsa quae ab illo inventore veritatis et quasi architecto</li>\n<li>Qui dolorem ipsum quia dolor sit amet</li>\n</ul>\n<div class=\"dc-para-padding\">\n<p class=\"dc-para m-0\">Sed quia consequuntur magni dolores eos qui ratione voluptatem sequi nesciunt. Neque porro quisquam est, qui dolorem ipsum quia dolor sit amet, consectetur, adipisci velit, sed quia non numquam eius modi quaerat voluptatem.</p>\n</div>\n</div>','1591189414-2.jpg','\n\nExcepteur sint occaecat cupidatat non proident, su...',0,'2020-01-15 13:15:54','2020-06-03 13:03:34'),(10,'common-food-additive-may-impact-gut-bacteria-increase-anxiety',1,NULL,153,NULL,'Common food additive may impact gut bacteria, increase anxiety','<div class=\" dc-para99\">\n<div>\n<p class=\"dc-para\">Excepteur sint occaecat cupidatat non proident, sunt in culpa qui officia deserunt mollit anim id est laborum. Sed utem peiatis undesieu omnis iste natus error sit voluptatem accusantium doloremque laudantium, totam rem aiam eaqueiu ipsaquae abes illo inventore veritatisetm quasitea architecto beatae vitae dictaed quia consequuntur magni dolores eos quist ratione ceatem sequei nesciunt. Neque porro quam est qui dolorem ipsum quia dolor sitem amet consectetur adipisci velit sed quianon quam eius modi tempora incidunt ut labore etneise dolore magnam aliquam quaerat.</p>\n<div class=\"d-flex justify-content-around mx-auto dc-99-section flex-column flex-sm-row\">\n<div class=\"align-self-center\">&nbsp;</div>\n<div class=\"dc-99-content align-self-center pt-sm-0\"><em>&rdquo; Adipisicing elit, sed dote eiusmod tempor olak magna aliqua okaeine mikaru itniesce lokate ibsiam.&rdquo;</em></div>\n</div>\n<div class=\"dc-para-content\">\n<p class=\"dc-para\">ncididunt ut labore et dolore magna aliqua. Ut enim ad minim veniam, quis nostrud exercitation ullamco laboris nisi ut aliquip commodo consequat. Duis aute irure dolor in reprehenderit in voluptate velit esse cillum dolore eu fugiate nulla pariatur teur sint occaecat cupidatat ainon proident sunt in culpa qui.</p>\n</div>\n</div>\n</div>\n<div class=\" dc-section dc-py-15\">\n<figure class=\"m-0 dc-water-woman\"><img src=\"http://amentotech.com/projects/doctreat/wp-content/uploads/2019/09/img-02-1.jpg\" alt=\"Image Description\" /></figure>\n<div class=\"dc-section-content text-center\"><em>As per current survey perspiciatis unde omnis iste natus error sit voluptatem.</em></div>\n</div>\n<div class=\"dc-content\">\n<div>\n<p class=\"dc-para dc-para2\">Excepteur sint occaecat cupidatat non proident, sunt in culpa qui officia deserunt mollit anim id est laborum. Sed perspiciatis unde omnis iste natus error sit voluptatem accusantium doloremque laudantium, totam rem aiam eaque ipsa quae ab illoam inventore veritatis et quasi architecto beatae vitae dicta sunt explicabo. Nemo enim ipsam voluptatem quia voluptas sit asper aut odit aut fugit occaecat cupidatat non proident, sunt in culpa qui.</p>\n</div>\n<ul>\n<li>Nemo enim ipsam voluptatem quia</li>\n<li>Adipisci velit, sed quia non numquam eius modi tempora</li>\n<li>Eaque ipsa quae ab illo inventore veritatis et quasi architecto</li>\n<li>Qui dolorem ipsum quia dolor sit amet</li>\n</ul>\n<div class=\"dc-para-padding\">\n<p class=\"dc-para m-0\">Sed quia consequuntur magni dolores eos qui ratione voluptatem sequi nesciunt. Neque porro quisquam est, qui dolorem ipsum quia dolor sit amet, consectetur, adipisci velit, sed quia non numquam eius modi quaerat voluptatem.</p>\n</div>\n</div>\n<div class=\"d-flex dc-py-15 flex-column flex-xl-row\">\n<div class=\"dc-section\">\n<figure class=\"m-0\"><img src=\"http://amentotech.com/projects/doctreat/wp-content/uploads/2019/09/img-03.jpg\" alt=\"Image Description\" /></figure>\n<div class=\"dc-section-content text-center\"><em class=\"d-block\">As per current survey perspiciatis.</em></div>\n</div>\n<div class=\"dc-content align-self-center dc-p-flex dc-flex \">\n<div class=\"\">\n<p class=\"dc-para\">Excepteur sint occaecat cupidatat non proident, sunt in culpa qui officia deserunt voluptatem accusantium doloremque laudantium, totam rem aiam eaque ipsaae ab illoam inventore veritatis et quasi architecto beatae vitae dicta sunt explicabo Nemo enim ipsam voluptatem quia voluptas sit asper aut odit aut fugit occaecat cupidatat non proident, sunt in culpa qui.</p>\n</div>\n<ul>\n<li>Nemo enim ipsam voluptatem quia</li>\n<li>Adipisci velit, sed quia non numquam eius modi tempora</li>\n<li>Eaque ipsa quae ab illo inventore veritatis et quasi architecto</li>\n<li>Qui dolorem ipsum quia dolor sit amet</li>\n</ul>\n<div class=\"dc-pt-21\">\n<p class=\"dc-para mb-0\">Sed quia consequuntur magni dolores eos qui ratione voluptatem sequi nesciunt. Neque porro quisquam est, qui dolorem ipsum quia dolor sit amet, consecteture adipisci velit, sed quia non numquam eius modi.</p>\n</div>\n</div>\n</div>\n<div class=\"dc-py-para\">\n<p class=\"dc-para m-0\">Excepteur sint eccaecat cupidatat non proident, sunt in culpa qui officia deserunt mollit anim id est laborum. Sed ut pspiciatis unde omnis iste natus error sit voluptatem accusantium doloremque laudantium, totam rem aiam eaque ipsa quae ab illo inventore veritatis et qaenuasi architecto beatae vitae dicta sunt explicabo.</p>\n</div>\n<div class=\"d-flex dc-py-15 flex-column flex-xl-row \">\n<div class=\"dc-content align-self-center order-last order-xl-first dc-flex dc-p-flex2\">\n<div>\n<p class=\"dc-para\">Excepteur sint occaecat cupidatat non proident, sunt in culpa qui officia deserunt voluptatem accusantium doloremque laudantium, totam rem aiam eaque ipsaae ab illoam inventore veritatis et quasi architecto beatae vitae dicta sunt explicabo Nemo enim ipsam voluptatem quia voluptas sit asper aut odit aut fugit occaecat cupidatat non proident, sunt in culpa qui.</p>\n</div>\n<ul>\n<li>Nemo enim ipsam voluptatem quia</li>\n<li>Adipisci velit, sed quia non numquam eius modi tempora</li>\n<li>Eaque ipsa quae ab illo inventore veritatis et quasi architecto</li>\n<li>Qui dolorem ipsum quia dolor sit amet</li>\n</ul>\n<div class=\"dc-pt-21\">\n<p class=\"dc-para mb-0\">Sed quia consequuntur magni dolores eos qui ratione voluptatem sequi nesciunt. Neque porro quisquam est, qui dolorem ipsum quia dolor sit amet, consecteture adipisci velit, sed quia non numquam eius modi.</p>\n</div>\n</div>\n<div class=\"dc-section\">\n<figure class=\"m-0\"><img src=\"http://amentotech.com/projects/doctreat/wp-content/uploads/2019/09/img-04.jpg\" alt=\"Image Description\" /></figure>\n<div class=\"dc-section-content text-center\"><em class=\"d-block\">As per current survey perspiciatis.</em></div>\n</div>\n</div>\n<div class=\"dc-py-para\">\n<p class=\"dc-para m-0\">Excepteur sint eccaecat cupidatat non proident, sunt in culpa qui officia deserunt mollit anim id est laborum. Sed ut pspiciatis unde omnis iste natus error sit voluptatem accusantium doloremque laudantium, totam rem aiam eaque ipsa quae ab illo inventore veritatis et qaenuasi architecto beatae vitae dicta sunt explicabo.</p>\n</div>\n<div class=\"dc-video dc-py-15\">\n<figure class=\"m-0\"><img src=\"http://amentotech.com/projects/doctreat/wp-content/uploads/2019/09/img-01-1.jpg\" alt=\"image description\" /></figure>\n</div>\n<div class=\"dc-content dc-my2\">\n<div>\n<p class=\"dc-para\">Excepteur sint occaecat cupidatat non proident, sunt in culpa qui officia deserunt mollit anim id est laborum. Sed perspiciatis unde omnis iste natus error sit voluptatem accusantium doloremque laudantium, totam rem aiam eaque ipsa quae ab illoam inventore veritatis et quasi architecto beatae vitae dicta sunt explicabo. Nemo enim ipsam voluptatem quia voluptas sit asper aut odit aut fugit occaecat cupidatat non proident, sunt in culpa qui.</p>\n</div>\n<ul>\n<li>Nemo enim ipsam voluptatem quia</li>\n<li>Adipisci velit, sed quia non numquam eius modi tempora</li>\n<li>Eaque ipsa quae ab illo inventore veritatis et quasi architecto</li>\n<li>Qui dolorem ipsum quia dolor sit amet</li>\n</ul>\n<div class=\"dc-para-padding\">\n<p class=\"dc-para m-0\">Sed quia consequuntur magni dolores eos qui ratione voluptatem sequi nesciunt. Neque porro quisquam est, qui dolorem ipsum quia dolor sit amet, consectetur, adipisci velit, sed quia non numquam eius modi quaerat voluptatem.</p>\n</div>\n</div>','1591189925-4.jpg','\n\nExcepteur sint occaecat cupidatat non proident, su...',1,'2020-01-15 13:15:54','2020-06-03 13:12:05'),(11,'plant-based-diet-may-reduce-cardiovascular-death-risk-by-32',1,NULL,1,NULL,'Plant based diet may reduce cardiovascular death risk by 32%','<div class=\" dc-para99\">\n<div>\n<p class=\"dc-para\">Excepteur sint occaecat cupidatat non proident, sunt in culpa qui officia deserunt mollit anim id est laborum. Sed utem peiatis undesieu omnis iste natus error sit voluptatem accusantium doloremque laudantium, totam rem aiam eaqueiu ipsaquae abes illo inventore veritatisetm quasitea architecto beatae vitae dictaed quia consequuntur magni dolores eos quist ratione ceatem sequei nesciunt. Neque porro quam est qui dolorem ipsum quia dolor sitem amet consectetur adipisci velit sed quianon quam eius modi tempora incidunt ut labore etneise dolore magnam aliquam quaerat.</p>\n<div class=\"d-flex justify-content-around mx-auto dc-99-section flex-column flex-sm-row\">\n<div class=\"align-self-center\">&nbsp;</div>\n<div class=\"dc-99-content align-self-center pt-sm-0\"><em>&rdquo; Adipisicing elit, sed dote eiusmod tempor olak magna aliqua okaeine mikaru itniesce lokate ibsiam.&rdquo;</em></div>\n</div>\n<div class=\"dc-para-content\">\n<p class=\"dc-para\">ncididunt ut labore et dolore magna aliqua. Ut enim ad minim veniam, quis nostrud exercitation ullamco laboris nisi ut aliquip commodo consequat. Duis aute irure dolor in reprehenderit in voluptate velit esse cillum dolore eu fugiate nulla pariatur teur sint occaecat cupidatat ainon proident sunt in culpa qui.</p>\n</div>\n</div>\n</div>\n<div class=\" dc-section dc-py-15\">\n<figure class=\"m-0 dc-water-woman\"><img src=\"http://amentotech.com/projects/doctreat/wp-content/uploads/2019/09/img-02-1.jpg\" alt=\"Image Description\" /></figure>\n<div class=\"dc-section-content text-center\"><em>As per current survey perspiciatis unde omnis iste natus error sit voluptatem.</em></div>\n</div>\n<div class=\"dc-content\">\n<div>\n<p class=\"dc-para dc-para2\">Excepteur sint occaecat cupidatat non proident, sunt in culpa qui officia deserunt mollit anim id est laborum. Sed perspiciatis unde omnis iste natus error sit voluptatem accusantium doloremque laudantium, totam rem aiam eaque ipsa quae ab illoam inventore veritatis et quasi architecto beatae vitae dicta sunt explicabo. Nemo enim ipsam voluptatem quia voluptas sit asper aut odit aut fugit occaecat cupidatat non proident, sunt in culpa qui.</p>\n</div>\n<ul>\n<li>Nemo enim ipsam voluptatem quia</li>\n<li>Adipisci velit, sed quia non numquam eius modi tempora</li>\n<li>Eaque ipsa quae ab illo inventore veritatis et quasi architecto</li>\n<li>Qui dolorem ipsum quia dolor sit amet</li>\n</ul>\n<div class=\"dc-para-padding\">\n<p class=\"dc-para m-0\">Sed quia consequuntur magni dolores eos qui ratione voluptatem sequi nesciunt. Neque porro quisquam est, qui dolorem ipsum quia dolor sit amet, consectetur, adipisci velit, sed quia non numquam eius modi quaerat voluptatem.</p>\n</div>\n</div>\n<div class=\"d-flex dc-py-15 flex-column flex-xl-row\">\n<div class=\"dc-section\">\n<figure class=\"m-0\"><img src=\"http://amentotech.com/projects/doctreat/wp-content/uploads/2019/09/img-03.jpg\" alt=\"Image Description\" /></figure>\n<div class=\"dc-section-content text-center\"><em class=\"d-block\">As per current survey perspiciatis.</em></div>\n</div>\n<div class=\"dc-content align-self-center dc-p-flex dc-flex \">\n<div class=\"\">\n<p class=\"dc-para\">Excepteur sint occaecat cupidatat non proident, sunt in culpa qui officia deserunt voluptatem accusantium doloremque laudantium, totam rem aiam eaque ipsaae ab illoam inventore veritatis et quasi architecto beatae vitae dicta sunt explicabo Nemo enim ipsam voluptatem quia voluptas sit asper aut odit aut fugit occaecat cupidatat non proident, sunt in culpa qui.</p>\n</div>\n<ul>\n<li>Nemo enim ipsam voluptatem quia</li>\n<li>Adipisci velit, sed quia non numquam eius modi tempora</li>\n<li>Eaque ipsa quae ab illo inventore veritatis et quasi architecto</li>\n<li>Qui dolorem ipsum quia dolor sit amet</li>\n</ul>\n<div class=\"dc-pt-21\">\n<p class=\"dc-para mb-0\">Sed quia consequuntur magni dolores eos qui ratione voluptatem sequi nesciunt. Neque porro quisquam est, qui dolorem ipsum quia dolor sit amet, consecteture adipisci velit, sed quia non numquam eius modi.</p>\n</div>\n</div>\n</div>\n<div class=\"dc-py-para\">\n<p class=\"dc-para m-0\">Excepteur sint eccaecat cupidatat non proident, sunt in culpa qui officia deserunt mollit anim id est laborum. Sed ut pspiciatis unde omnis iste natus error sit voluptatem accusantium doloremque laudantium, totam rem aiam eaque ipsa quae ab illo inventore veritatis et qaenuasi architecto beatae vitae dicta sunt explicabo.</p>\n</div>\n<div class=\"d-flex dc-py-15 flex-column flex-xl-row \">\n<div class=\"dc-content align-self-center order-last order-xl-first dc-flex dc-p-flex2\">\n<div>\n<p class=\"dc-para\">Excepteur sint occaecat cupidatat non proident, sunt in culpa qui officia deserunt voluptatem accusantium doloremque laudantium, totam rem aiam eaque ipsaae ab illoam inventore veritatis et quasi architecto beatae vitae dicta sunt explicabo Nemo enim ipsam voluptatem quia voluptas sit asper aut odit aut fugit occaecat cupidatat non proident, sunt in culpa qui.</p>\n</div>\n<ul>\n<li>Nemo enim ipsam voluptatem quia</li>\n<li>Adipisci velit, sed quia non numquam eius modi tempora</li>\n<li>Eaque ipsa quae ab illo inventore veritatis et quasi architecto</li>\n<li>Qui dolorem ipsum quia dolor sit amet</li>\n</ul>\n<div class=\"dc-pt-21\">\n<p class=\"dc-para mb-0\">Sed quia consequuntur magni dolores eos qui ratione voluptatem sequi nesciunt. Neque porro quisquam est, qui dolorem ipsum quia dolor sit amet, consecteture adipisci velit, sed quia non numquam eius modi.</p>\n</div>\n</div>\n<div class=\"dc-section\">\n<figure class=\"m-0\"><img src=\"http://amentotech.com/projects/doctreat/wp-content/uploads/2019/09/img-04.jpg\" alt=\"Image Description\" /></figure>\n<div class=\"dc-section-content text-center\"><em class=\"d-block\">As per current survey perspiciatis.</em></div>\n</div>\n</div>\n<div class=\"dc-py-para\">\n<p class=\"dc-para m-0\">Excepteur sint eccaecat cupidatat non proident, sunt in culpa qui officia deserunt mollit anim id est laborum. Sed ut pspiciatis unde omnis iste natus error sit voluptatem accusantium doloremque laudantium, totam rem aiam eaque ipsa quae ab illo inventore veritatis et qaenuasi architecto beatae vitae dicta sunt explicabo.</p>\n</div>\n<div class=\"dc-video dc-py-15\">\n<figure class=\"m-0\"><img src=\"http://amentotech.com/projects/doctreat/wp-content/uploads/2019/09/img-01-1.jpg\" alt=\"image description\" /></figure>\n</div>\n<div class=\"dc-content dc-my2\">\n<div>\n<p class=\"dc-para\">Excepteur sint occaecat cupidatat non proident, sunt in culpa qui officia deserunt mollit anim id est laborum. Sed perspiciatis unde omnis iste natus error sit voluptatem accusantium doloremque laudantium, totam rem aiam eaque ipsa quae ab illoam inventore veritatis et quasi architecto beatae vitae dicta sunt explicabo. Nemo enim ipsam voluptatem quia voluptas sit asper aut odit aut fugit occaecat cupidatat non proident, sunt in culpa qui.</p>\n</div>\n<ul>\n<li>Nemo enim ipsam voluptatem quia</li>\n<li>Adipisci velit, sed quia non numquam eius modi tempora</li>\n<li>Eaque ipsa quae ab illo inventore veritatis et quasi architecto</li>\n<li>Qui dolorem ipsum quia dolor sit amet</li>\n</ul>\n<div class=\"dc-para-padding\">\n<p class=\"dc-para m-0\">Sed quia consequuntur magni dolores eos qui ratione voluptatem sequi nesciunt. Neque porro quisquam est, qui dolorem ipsum quia dolor sit amet, consectetur, adipisci velit, sed quia non numquam eius modi quaerat voluptatem.</p>\n</div>\n</div>','1591193655-vegan.jpg','\n\nExcepteur sint occaecat cupidatat non proident, su...',0,'2020-01-15 13:15:54','2020-06-03 14:14:15'),(14,'testing-testing',1,NULL,1,NULL,'New Testing testing','<p>testing testing testing ....!</p>','1583751320-cough.jpg','testing testing testing ....!',0,'2020-03-09 10:55:20','2020-05-19 05:29:32'),(23,'psychology',1,NULL,17,NULL,'Psychology','<p><strong style=\"color: #222222; font-family: arial, sans-serif; font-size: 16px;\">Psychology</strong><span style=\"color: #222222; font-family: arial, sans-serif; font-size: 16px;\">&nbsp;is the scientific study of the mind and behavior, according to the American&nbsp;</span><strong style=\"color: #222222; font-family: arial, sans-serif; font-size: 16px;\">Psychological</strong><span style=\"color: #222222; font-family: arial, sans-serif; font-size: 16px;\">&nbsp;Association.&nbsp;</span><strong style=\"color: #222222; font-family: arial, sans-serif; font-size: 16px;\">Psychology</strong><span style=\"color: #222222; font-family: arial, sans-serif; font-size: 16px;\">&nbsp;is a multifaceted discipline and includes many sub-fields of study such areas as human development, sports, health, clinical, social behavior and cognitive processes.</span></p>','1591194328-download.jpg','Psychology',1,'2020-04-14 13:00:16','2020-06-12 15:22:17'),(25,'behavioral-psychology-1',1,NULL,11,1,'Behavioral Psychology','<h2 style=\"box-sizing: border-box; min-height: 0px; min-width: 0px; font-size: 1.6rem; overflow-wrap: break-word; line-height: 1.5em; margin: 50px 0px 10px; font-family: Lato, Helvetica, Arial, sans-serif; hyphens: none; color: #323232;\">What is Behavioral Psychology?</h2>\n<p>(Feature article)</p>\n<p style=\"box-sizing: border-box; min-height: 0px; min-width: 0px; margin: 0px 0px 24px; padding: 0px 0px 8px; font-size: 1.2rem; font-family: Georgia, serif; line-height: 1.65em; hyphens: none; color: #323232;\">Let\'s define behavioral psychology. Behavioral psychology is the study of the connection between our minds and our behavior. Sometimes you will hear behavioral psychology referred to as behaviorism. The researchers and scientists who study behavioral psychology are trying to understand why we behave the way we do and they are concerned with discovering patterns in our actions and behaviors. The hope is that if we can use behavioral psychology to help us predict how humans will behave, we can build better habits as individuals, create better products as companies, and develop better living spaces as communities.</p>\n<p style=\"box-sizing: border-box; min-height: 0px; min-width: 0px; margin: 0px 0px 24px; padding: 0px 0px 8px; font-size: 1.2rem; font-family: Georgia, serif; line-height: 1.65em; hyphens: none; color: #323232;\">(first time edited)</p>\n<p style=\"box-sizing: border-box; min-height: 0px; min-width: 0px; margin: 0px 0px 24px; padding: 0px 0px 8px; font-size: 1.2rem; font-family: Georgia, serif; line-height: 1.65em; hyphens: none; color: #323232;\">second time edited</p>','1593787863-5.jpg','',1,'2020-04-21 06:14:00','2020-07-09 14:03:52'),(27,'can-you-get-coronavirus-again-after-you-have-recovered',1,NULL,3,NULL,'Can You Get Coronavirus Again After You Have Recovered?','<p style=\"box-sizing: inherit; margin-top: 0px; margin-bottom: 2rem; color: #222222; font-family: Merriweather; font-size: 19.2px;\">Pakistan has recently crossed the &ldquo;100,000&rdquo; mark when it comes to coronavirus patients in the country. According to the&nbsp;<a style=\"box-sizing: inherit; background-color: transparent; color: #000066; text-decoration-line: none; touch-action: manipulation;\" href=\"https://www.worldometers.info/coronavirus/country/pakistan/\">worldometers&rsquo; report</a>, it is also one of the countries which have the highest increment in the number of new cases. Even though statistics are really bad and the virus is spreading at an all-time high, corona recovered cases are a ray of hope in these dark times.</p>\n<p style=\"box-sizing: inherit; margin-top: 0px; margin-bottom: 2rem; color: #222222; font-family: Merriweather; font-size: 19.2px;\">Corona recovered people are the guarantee of life coming back to normal and are giving encouragement to the whole population that there is light at the end of the tunnel. Some people are, however, still in agony over the idea that&nbsp;&nbsp;But is there any truth to this idea? Can corona recovered people get infected for a second time and more importantly can they still infect other people?</p>\n<h2 style=\"box-sizing: inherit; margin-top: 0px; margin-bottom: 1.5rem; font-family: \'PT Sans\'; line-height: 1.1; color: #111111; font-size: 2rem;\">Can you get corona for a second time?</h2>\n<p style=\"box-sizing: inherit; margin-top: 0px; margin-bottom: 2rem; color: #222222; font-family: Merriweather; font-size: 19.2px;\">The answer to this yes and no. The main thing to understand is that corona like all viruses can only leave you alone if your body builds immunity against it. In other words, if your body becomes resilient enough that it does not let coronavirus strands to activate inside your body, you will be in a complete sense safe from the virus.</p>\n<p style=\"box-sizing: inherit; margin-top: 0px; margin-bottom: 2rem; color: #222222; font-family: Merriweather; font-size: 19.2px;\">The virus might still enter your body but the antibodies will attack it immediately and the virus, in essence, will produce dead cells. So the virus will still be present in your body but it will not be able to multiply and cause you any kind of harm.</p>\n<p style=\"box-sizing: inherit; margin-top: 0px; margin-bottom: 2rem; color: #222222; font-family: Merriweather; font-size: 19.2px;\">The thing to keep in mind is the fact that antibody theory is only valid once somebody has completely recovered from the virus.&nbsp;, the process of formation of antibodies happens in two phases, and in the first phase, the antibodies are not enough to keep the person safe from a second infection. But if the person has recovered fully, the person is immunized against the virus and does not have a chance of infecting others.</p>\n<p style=\"box-sizing: inherit; margin-top: 0px; margin-bottom: 2rem; color: #222222; font-family: Merriweather; font-size: 19.2px;\">The fact that a lot of&nbsp;&nbsp;in Pakistan are donating plasma to the people who are in a critical situation, is proof that coronavirus recovered people are immune and are no longer carriers as well.</p>\n<h3 style=\"box-sizing: inherit; margin-top: 0px; margin-bottom: 1.5rem; font-family: \'PT Sans\'; line-height: 1.1; color: #111111; font-size: 1.75rem;\">How to tell if I have recovered fully?</h3>\n<p style=\"box-sizing: inherit; margin-top: 0px; margin-bottom: 2rem; color: #222222; font-family: Merriweather; font-size: 19.2px;\">Pakistan is going through the worst part of the curve; a lot of people are catching the virus and a lot of the previously infected ones are dying. Amidst this chaos, people who have recovered have a role to play and that is to donate plasma for the ones who are struggling.</p>','1600338894-a.jpg','',1,'2020-06-29 06:17:16','2020-09-17 10:34:54');
/*!40000 ALTER TABLE `articles` ENABLE KEYS */;
UNLOCK TABLES;

--
-- Table structure for table `categories`
--

DROP TABLE IF EXISTS `categories`;
/*!40101 SET @saved_cs_client     = @@character_set_client */;
/*!50503 SET character_set_client = utf8mb4 */;
CREATE TABLE `categories` (
  `id` bigint unsigned NOT NULL AUTO_INCREMENT,
  `title` varchar(191) CHARACTER SET utf8mb4 COLLATE utf8mb4_unicode_ci NOT NULL,
  `slug` varchar(191) CHARACTER SET utf8mb4 COLLATE utf8mb4_unicode_ci NOT NULL,
  `abstract` text CHARACTER SET utf8mb4 COLLATE utf8mb4_unicode_ci,
  `image` varchar(191) CHARACTER SET utf8mb4 COLLATE utf8mb4_unicode_ci DEFAULT NULL,
  `created_at` timestamp NULL DEFAULT NULL,
  `updated_at` timestamp NULL DEFAULT NULL,
  PRIMARY KEY (`id`)
) ENGINE=InnoDB AUTO_INCREMENT=20 DEFAULT CHARSET=utf8mb4 COLLATE=utf8mb4_unicode_ci;
/*!40101 SET character_set_client = @saved_cs_client */;

--
-- Dumping data for table `categories`
--

LOCK TABLES `categories` WRITE;
/*!40000 ALTER TABLE `categories` DISABLE KEYS */;
INSERT INTO `categories` VALUES (1,'Anesthesiology','anesthesiology','Consectetur adipisicing elitaed eiusmod tempor incididuatna labore et dolore magna.',NULL,'2020-01-15 13:15:54','2020-01-15 13:15:54'),(2,'Dermatology','dermatology','Consectetur adipisicing elitaed eiusmod tempor incididuatna labore et dolore magna.',NULL,'2020-01-15 13:15:54','2020-01-15 13:15:54'),(3,'Diagnostic radiology','diagnostic-radiology','Consectetur adipisicing elitaed eiusmod tempor incididuatna labore et dolore magna.',NULL,'2020-01-15 13:15:54','2020-01-15 13:15:54'),(4,'Emergency medicine','emergency-medicine','Consectetur adipisicing elitaed eiusmod tempor incididuatna labore et dolore magna.',NULL,'2020-01-15 13:15:54','2020-01-15 13:15:54'),(5,'Family medicine','family-medicine','Consectetur adipisicing elitaed eiusmod tempor incididuatna labore et dolore magna.',NULL,'2020-01-15 13:15:54','2020-01-15 13:15:54'),(12,'Cardiovascular','cardiovascular','',NULL,'2020-03-27 06:45:38','2020-03-27 06:45:38'),(13,'Cardiovas','cardiovas','',NULL,'2020-03-27 06:45:52','2020-03-27 06:45:52');
/*!40000 ALTER TABLE `categories` ENABLE KEYS */;
UNLOCK TABLES;

--
-- Table structure for table `child_pages`
--

DROP TABLE IF EXISTS `child_pages`;
/*!40101 SET @saved_cs_client     = @@character_set_client */;
/*!50503 SET character_set_client = utf8mb4 */;
CREATE TABLE `child_pages` (
  `id` bigint unsigned NOT NULL AUTO_INCREMENT,
  `parent_id` int DEFAULT NULL,
  `child_id` int DEFAULT NULL,
  `created_at` timestamp NULL DEFAULT NULL,
  `updated_at` timestamp NULL DEFAULT NULL,
  PRIMARY KEY (`id`)
) ENGINE=InnoDB AUTO_INCREMENT=3 DEFAULT CHARSET=utf8mb4 COLLATE=utf8mb4_unicode_ci;
/*!40101 SET character_set_client = @saved_cs_client */;

--
-- Dumping data for table `child_pages`
--

LOCK TABLES `child_pages` WRITE;
/*!40000 ALTER TABLE `child_pages` DISABLE KEYS */;
INSERT INTO `child_pages` VALUES (2,2,3,NULL,NULL);
/*!40000 ALTER TABLE `child_pages` ENABLE KEYS */;
UNLOCK TABLES;

--
-- Table structure for table `codes`
--

DROP TABLE IF EXISTS `codes`;
/*!40101 SET @saved_cs_client     = @@character_set_client */;
/*!50503 SET character_set_client = utf8mb4 */;
CREATE TABLE `codes` (
  `id` int NOT NULL AUTO_INCREMENT,
  `code` varchar(50) NOT NULL,
  `user_id` bigint unsigned NOT NULL,
  `created_at` timestamp NULL DEFAULT NULL,
  `updated_at` timestamp NULL DEFAULT NULL,
  PRIMARY KEY (`id`),
  KEY `user_id` (`user_id`),
  CONSTRAINT `FK_codes_users` FOREIGN KEY (`user_id`) REFERENCES `users` (`id`) ON DELETE CASCADE ON UPDATE CASCADE
) ENGINE=InnoDB AUTO_INCREMENT=19 DEFAULT CHARSET=utf8;
/*!40101 SET character_set_client = @saved_cs_client */;

--
-- Dumping data for table `codes`
--

LOCK TABLES `codes` WRITE;
/*!40000 ALTER TABLE `codes` DISABLE KEYS */;
INSERT INTO `codes` VALUES (7,'924137',325,'2020-07-23 12:01:44','2020-07-23 12:01:44'),(8,'602490',326,'2020-07-23 12:10:24','2020-07-23 12:10:24'),(9,'602490',326,'2020-07-23 12:10:24','2020-07-23 12:10:24'),(10,'602490',326,'2020-07-23 12:10:24','2020-07-23 12:10:24'),(11,'602490',326,'2020-07-23 12:10:25','2020-07-23 12:10:25'),(12,'602490',326,'2020-07-23 12:10:25','2020-07-23 12:10:25'),(13,'602490',326,'2020-07-23 12:10:25','2020-07-23 12:10:25'),(14,'672193',328,'2020-07-23 13:42:21','2020-07-23 13:42:21'),(15,'376351',330,'2020-07-23 14:02:31','2020-07-23 14:02:31'),(16,'877727',1,'2020-09-18 05:13:50','2020-09-18 05:13:50'),(17,'877727',1,'2020-09-18 05:13:52','2020-09-18 05:13:52'),(18,'877727',1,'2020-09-18 05:13:52','2020-09-18 05:13:52');
/*!40000 ALTER TABLE `codes` ENABLE KEYS */;
UNLOCK TABLES;

--
-- Table structure for table `department_services`
--

DROP TABLE IF EXISTS `department_services`;
/*!40101 SET @saved_cs_client     = @@character_set_client */;
/*!50503 SET character_set_client = utf8mb4 */;
CREATE TABLE `department_services` (
  `id` int NOT NULL AUTO_INCREMENT,
  `department_id` varchar(50) DEFAULT NULL,
  `service` varchar(50) DEFAULT NULL,
  `description` text,
  `created_at` timestamp NULL DEFAULT NULL,
  `updated_at` timestamp NULL DEFAULT NULL,
  PRIMARY KEY (`id`)
) ENGINE=InnoDB AUTO_INCREMENT=12 DEFAULT CHARSET=latin1;
/*!40101 SET character_set_client = @saved_cs_client */;

--
-- Dumping data for table `department_services`
--

LOCK TABLES `department_services` WRITE;
/*!40000 ALTER TABLE `department_services` DISABLE KEYS */;
INSERT INTO `department_services` VALUES (6,'4','1st services','<p>hello every one how are you...</p>','2020-07-20 05:48:36','2020-07-20 05:48:36'),(7,'4','second departments updating','<p>hello evry one how are you...updating</p>','2020-07-20 05:49:18','2020-07-20 05:49:40'),(8,'4','third servrices','<p>hello every one how are you</p>','2020-07-20 06:07:23','2020-07-20 06:07:23'),(9,'6','updating','<p>updating</p>','2020-07-20 06:07:55','2020-07-20 06:08:18'),(11,'4','Add Department Service updating','<p>updating updating updating updating updating</p>','2020-07-21 05:10:26','2020-07-21 05:41:38');
/*!40000 ALTER TABLE `department_services` ENABLE KEYS */;
UNLOCK TABLES;

--
-- Table structure for table `departments`
--

DROP TABLE IF EXISTS `departments`;
/*!40101 SET @saved_cs_client     = @@character_set_client */;
/*!50503 SET character_set_client = utf8mb4 */;
CREATE TABLE `departments` (
  `id` int NOT NULL AUTO_INCREMENT,
  `name` varchar(50) DEFAULT NULL,
  `description` text,
  `created_at` timestamp NULL DEFAULT NULL,
  `updated_at` timestamp NULL DEFAULT NULL,
  PRIMARY KEY (`id`)
) ENGINE=InnoDB AUTO_INCREMENT=10 DEFAULT CHARSET=latin1;
/*!40101 SET character_set_client = @saved_cs_client */;

--
-- Dumping data for table `departments`
--

LOCK TABLES `departments` WRITE;
/*!40000 ALTER TABLE `departments` DISABLE KEYS */;
INSERT INTO `departments` VALUES (4,'first department','<p>this is the first departments...</p>','2020-07-20 05:46:44','2020-07-20 05:46:44'),(6,'second department','<p>this is the second departments</p>','2020-07-20 05:47:42','2020-07-20 05:47:42'),(8,'Testing first department on doctor','<p>Testing first department on doctorTesting first department on doctorTesting first department on doctorTesting first department on doctorTesting first department on doctor</p>','2020-07-20 06:33:12','2020-07-20 06:33:12');
/*!40000 ALTER TABLE `departments` ENABLE KEYS */;
UNLOCK TABLES;

--
-- Table structure for table `diagnosis`
--

DROP TABLE IF EXISTS `diagnosis`;
/*!40101 SET @saved_cs_client     = @@character_set_client */;
/*!50503 SET character_set_client = utf8mb4 */;
CREATE TABLE `diagnosis` (
  `id` int NOT NULL AUTO_INCREMENT,
  `name` varchar(191) DEFAULT NULL,
  `speciality_id` varchar(191) DEFAULT NULL,
  `created_at` timestamp NULL DEFAULT NULL,
  `updated_at` timestamp NULL DEFAULT NULL,
  PRIMARY KEY (`id`)
) ENGINE=InnoDB AUTO_INCREMENT=9 DEFAULT CHARSET=latin1;
/*!40101 SET character_set_client = @saved_cs_client */;

--
-- Dumping data for table `diagnosis`
--

LOCK TABLES `diagnosis` WRITE;
/*!40000 ALTER TABLE `diagnosis` DISABLE KEYS */;
INSERT INTO `diagnosis` VALUES (6,'first testing updating','1','2020-07-27 05:16:07','2020-07-27 05:16:53'),(7,'second testing','34','2020-07-27 05:16:23','2020-07-27 05:16:23');
/*!40000 ALTER TABLE `diagnosis` ENABLE KEYS */;
UNLOCK TABLES;

--
-- Table structure for table `disease_treatment`
--

DROP TABLE IF EXISTS `disease_treatment`;
/*!40101 SET @saved_cs_client     = @@character_set_client */;
/*!50503 SET character_set_client = utf8mb4 */;
CREATE TABLE `disease_treatment` (
  `id` int NOT NULL AUTO_INCREMENT,
  `disease_id` varchar(50) DEFAULT NULL,
  `treatment_id` varchar(50) DEFAULT NULL,
  `created_at` timestamp NULL DEFAULT NULL,
  `updated_at` timestamp NULL DEFAULT NULL,
  PRIMARY KEY (`id`)
) ENGINE=InnoDB AUTO_INCREMENT=203 DEFAULT CHARSET=latin1;
/*!40101 SET character_set_client = @saved_cs_client */;

--
-- Dumping data for table `disease_treatment`
--

LOCK TABLES `disease_treatment` WRITE;
/*!40000 ALTER TABLE `disease_treatment` DISABLE KEYS */;
INSERT INTO `disease_treatment` VALUES (119,'2','33',NULL,NULL),(120,'41','33',NULL,NULL),(121,'1','33',NULL,NULL),(122,'29','33',NULL,NULL),(123,'38','33',NULL,NULL),(124,'32','34',NULL,NULL),(125,'40','34',NULL,NULL),(126,'33','34',NULL,NULL),(127,'36','34',NULL,NULL),(128,'37','34',NULL,NULL),(129,'29','35',NULL,NULL),(130,'39','35',NULL,NULL),(131,'32','35',NULL,NULL),(132,'40','35',NULL,NULL),(133,'1','36',NULL,NULL),(134,'29','36',NULL,NULL),(135,'38','36',NULL,NULL),(136,'36','36',NULL,NULL),(137,'39','36',NULL,NULL),(138,'32','36',NULL,NULL),(139,'40','36',NULL,NULL),(140,'1','37',NULL,NULL),(141,'29','37',NULL,NULL),(142,'38','37',NULL,NULL),(143,'39','37',NULL,NULL),(144,'32','37',NULL,NULL),(145,'40','37',NULL,NULL),(146,'1','38',NULL,NULL),(147,'38','38',NULL,NULL),(148,'29','38',NULL,NULL),(149,'39','38',NULL,NULL),(150,'32','38',NULL,NULL),(151,'40','38',NULL,NULL),(152,'36','38',NULL,NULL),(153,'1','39',NULL,NULL),(154,'29','39',NULL,NULL),(155,'38','39',NULL,NULL),(156,'32','39',NULL,NULL),(157,'40','39',NULL,NULL),(158,'36','39',NULL,NULL),(159,'39','39',NULL,NULL),(160,'1','40',NULL,NULL),(161,'29','40',NULL,NULL),(162,'38','40',NULL,NULL),(163,'36','40',NULL,NULL),(164,'32','40',NULL,NULL),(165,'40','40',NULL,NULL),(166,'1','41',NULL,NULL),(167,'29','41',NULL,NULL),(168,'38','41',NULL,NULL),(169,'36','41',NULL,NULL),(170,'32','41',NULL,NULL),(171,'40','41',NULL,NULL),(172,'1','42',NULL,NULL),(173,'29','42',NULL,NULL),(174,'38','42',NULL,NULL),(175,'36','42',NULL,NULL),(176,'39','42',NULL,NULL),(177,'1','43',NULL,NULL),(178,'29','43',NULL,NULL),(179,'38','43',NULL,NULL),(180,'36','43',NULL,NULL),(181,'32','43',NULL,NULL),(182,'40','43',NULL,NULL),(183,'32','44',NULL,NULL),(184,'40','44',NULL,NULL),(185,'36','44',NULL,NULL),(186,'29','45',NULL,NULL),(187,'38','45',NULL,NULL),(188,'1','45',NULL,NULL),(189,'32','45',NULL,NULL),(190,'40','45',NULL,NULL),(191,'1','46',NULL,NULL),(192,'29','46',NULL,NULL),(193,'38','46',NULL,NULL),(194,'39','46',NULL,NULL),(195,'36','46',NULL,NULL),(196,'32','46',NULL,NULL),(197,'40','46',NULL,NULL),(198,'1','47',NULL,NULL),(199,'29','47',NULL,NULL),(200,'38','47',NULL,NULL),(201,'36','47',NULL,NULL),(202,'39','47',NULL,NULL);
/*!40000 ALTER TABLE `disease_treatment` ENABLE KEYS */;
UNLOCK TABLES;

--
-- Table structure for table `diseases`
--

DROP TABLE IF EXISTS `diseases`;
/*!40101 SET @saved_cs_client     = @@character_set_client */;
/*!50503 SET character_set_client = utf8mb4 */;
CREATE TABLE `diseases` (
  `id` bigint unsigned NOT NULL AUTO_INCREMENT,
  `title` varchar(191) CHARACTER SET utf8mb4 COLLATE utf8mb4_unicode_ci NOT NULL,
  `slug` varchar(191) CHARACTER SET utf8mb4 COLLATE utf8mb4_unicode_ci NOT NULL,
  `parent` int NOT NULL DEFAULT '0',
  `flag` varchar(191) CHARACTER SET utf8mb4 COLLATE utf8mb4_unicode_ci DEFAULT NULL,
  `description` text CHARACTER SET utf8mb4 COLLATE utf8mb4_unicode_ci,
  `created_at` timestamp NULL DEFAULT NULL,
  `updated_at` timestamp NULL DEFAULT NULL,
  `trending` int unsigned DEFAULT '0',
  PRIMARY KEY (`id`),
  UNIQUE KEY `diseases_slug_unique` (`slug`)
) ENGINE=InnoDB AUTO_INCREMENT=43 DEFAULT CHARSET=utf8mb4 COLLATE=utf8mb4_unicode_ci;
/*!40101 SET character_set_client = @saved_cs_client */;

--
-- Dumping data for table `diseases`
--

LOCK TABLES `diseases` WRITE;
/*!40000 ALTER TABLE `diseases` DISABLE KEYS */;
INSERT INTO `diseases` VALUES (1,'Cancer','cancer',0,'1583309656-immune.png','<p>Lorem ipsum dolor sit amet, consectetur adipiscing elit, sed do eiusmod tempor incididunt ut labore et dolore magna aliqua.</p>\r\n\r\n<p>Ut enim ad minim veniam, quis nostrud exercitation ullamco laboris nisi ut aliquip ex ea commodo consequat. Duis aute irure dolor in reprehenderit in voluptate velit esse cillum dolore eu fugiat nulla pariatur. Excepteur sint occaecat cupidatat non proident, sunt in culpa qui officia deserunt mollit anim id est laborum. Curabitur pretium tincidunt lacus.</p>\r\n\r\n<p>Nulla gravida orci a odio. Nullam varius, turpis et commodo pharetra, est eros bibendum elit, nec luctus magna felis sollicitudin mauris. Integer in mauris eu nibh euismod gravida. Duis ac tellus et risus vulputate vehicula. Donec lobortis risus a elit. Etiam tempor. Ut ullamcorper, ligula eu tempor congue, eros est euismod turpis, id tincidunt sapien risus a quam. Maecenas fermentum consequat mi. Donec fermentum.</p>\r\n\r\n<p>Pellentesque malesuada nulla a mi. Duis sapien sem, aliquet nec, commodo eget, consequat quis, neque. Aliquam faucibus, elit ut dictum aliquet, felis nisl adipiscing sapien, sed malesuada diam lacus eget erat. Cras mollis scelerisque nunc. Nullam arcu. Aliquam consequat. Curabitur augue lorem, dapibus quis, laoreet et, pretium ac, nisi. Aenean magna nisl, mollis quis, molestie eu, feugiat in, orci. In hac habitasse platea dictumst.</p>','2020-03-03 12:21:37','2020-05-12 08:03:17',0),(2,'flu','flu',0,'1583309702-unnamed.png','<p>Lorem ipsum dolor sit amet, consectetur adipiscing elit, sed do eiusmod tempor incididunt ut labore et dolore magna aliqua. Ut enim ad minim veniam, quis nostrud exercitation ullamco laboris nisi ut aliquip ex ea commodo consequat. Duis aute irure dolor in reprehenderit in voluptate velit esse cillum dolore eu fugiat nulla pariatur. Excepteur sint occaecat cupidatat non proident, sunt in culpa qui officia deserunt mollit anim id est laborum. Curabitur pretium tincidunt lacus. Nulla gravida orci a odio. Nullam varius, turpis et commodo pharetra, est eros bibendum elit, nec luctus magna felis sollicitudin mauris. Integer in mauris eu nibh euismod gravida. Duis ac tellus et risus vulputate vehicula. Donec lobortis risus a elit. Etiam tempor. Ut ullamcorper, ligula eu tempor congue, eros est euismod turpis, id tincidunt sapien risus a quam. Maecenas fermentum consequat mi. Donec fermentum. Pellentesque malesuada nulla a mi. Duis sapien sem, aliquet nec, commodo eget, consequat quis, neque. Aliquam faucibus, elit ut dictum aliquet, felis nisl adipiscing sapien, sed malesuada diam lacus eget erat. Cras mollis scelerisque nunc. Nullam arcu. Aliquam consequat. Curabitur augue lorem, dapibus quis, laoreet et, pretium ac, nisi. Aenean magna nisl, mollis quis, molestie eu, feugiat in, orci. In hac habitasse platea dictumst.</p>','2020-03-03 12:21:55','2020-05-12 08:09:24',0),(28,'Liver Disease','liver-disease',0,'1587020010-4.jpg','<p>There are many diseases and disorders that can cause the liver to stop functioning properly. Some of the different causes of liver disease include viral infection, alcohol or other environmental toxins, autoimmune disease and genetics.</p>','2020-04-15 09:38:58','2020-05-12 08:12:52',0),(29,'Coronavirus','coronavirus',0,'1591258078-1570434598-girl.png','<p>The 2019 novel coronavirus (2019-nCoV) is a new strain of coronavirus that first appeared in Wuhan, China, in December 2019.&nbsp;Though it was only just discovered, 2019-nCoV has already spread rapidly in China and around the world. As of Feb. 10, 2020, the virus has led to more than 40,000 illnesses and 900 deaths in China, as well as more than 400 illnesses and two deaths outside of mainland China. (The vast majority of cases and deaths have occurred in Hubei Province, where Wuhan is located.) Coronavirus are a large family of viruses that cause respiratory illnesses. This family includes the viruses that cause SARS (severe acute respiratory syndrome) and MERS (Middle East respiratory syndrome).&nbsp; Because 2019-nCoV is so new, many unknowns remain about the virus, including exactly how easily it spreads, how deadly it is and whether it will cause a global pandemic. (The World Health Organization has declared the 2019-nCoV outbreak a &quot;public health emergency of international concern,&quot; but has not yet declared it a pandemic.)</p>','2020-04-17 11:16:28','2020-06-04 08:07:58',0),(31,'Smallpox','smallpox',0,'1591258098-1570434598-girl.png','<p>Scientists think that&nbsp;smallpox, which causes skin lesions, emerged about 3,000 years ago in India or Egypt, before sweeping across the globe. The Variola virus, which causes smallpox, killed as many as a third of those it infected and left others scarred and blinded, according to the World Health Organization.&nbsp; A photo taken in 1975 shows the village cemetery in the Bangladesh countryside where smallpox victims were buried. The disease is believed to have killed 46 percent of its victims at a hospital in the Dacca, Bangladesh, ravaging the country for centuries. In 1980, the WHO declared the disease officially eradicated, after a decade-long vaccination campaign. The last remaining samples of the virus are being held in facilities in the United States and Russia.</p>','2020-04-17 11:22:57','2020-06-04 08:08:18',0),(32,'Plague','plague',0,'1591258119-1570434598-girl.png','<p>Unlike smallpox, this ancient killer is still with us. Caused by a bacterium carried by fleas, plague&nbsp;&nbsp;has been blamed for decimating societies including 14th-century Europe during the Black Death, when it wiped out roughly a third of the population, including in Basel, Switzerland, depicted in this painting from 1349. The disease comes in three forms, but the best known is bubonic plague, which is marked by buboes, or painfully swollen lymph nodes. Though antibiotics developed in the 1940s can treat the disease, in those who are left untreated, plague can have a fatality rate of 50% to 60%, the WHO said.</p>','2020-04-17 11:26:31','2020-06-04 08:08:39',0),(33,'Malaria','malaria',0,'1591258140-1570434598-girl.png','<p>Although it is preventable and curable, malaria&nbsp;has devastated parts of Africa, where the disease accounts for 20 percent of all childhood deaths, according to the World Health Organization. It is present on other continents as well. A parasite carried by blood-sucking mosquitoes causes the disease, which is first characterized by fever, chills and flu-like symptoms before progressing on to more serious complications. By 1951, the disease was eliminated from the U.S. with the help of the pesticide DDT. A subsequent WHO campaign to eradicate malaria was successful only in some places, and the goal was downgraded to reducing transmission of disease, according to the U.S. Centers for Disease Control and Prevention.</p>','2020-04-17 11:27:45','2020-06-04 08:09:00',0),(35,'Influenza','influenza',0,'1591258159-1570434598-girl.png','<p>A seasonal, respiratory infection, flu is responsible for about 3 million to 5 million cases of severe illness, and about 250,000 to 500,000 deaths a year across the globe, according to the World Health Organization. Periodically, however, the viral infection becomes much more devastating: A pandemic in 1918 killed about 50 million people worldwide. As became apparent from &quot;swine flu&quot; and &quot;bird flu&quot; scares in recent years, some influenza viruses can jump between species.</p>','2020-04-17 11:31:26','2020-06-04 08:09:19',0),(36,'Tuberculosis','tuberculosis',0,'1591258179-1570434598-girl.png','<p>Potentially fatal, tuberculosis&nbsp;or &quot;TB&quot; is caused by the bacterium&nbsp;Mycobacterium tuberculosis, which usually attacks the lungs and causes the signature bloody coughs. In patients suffering from an advanced stage of TB, you can see the effects in a lung X-ray (shown in image). , The bacterium does not make everyone it infects sick, and up to one-third of the world&#39;s population currently carries the bacterium without showing symptoms. And among people infected with TB (but not HIV), 5% to 10% become sick or infectious at some time during their lifetimes.</p>','2020-04-17 11:32:34','2020-06-04 08:09:39',0),(37,'HIV/AIDS','hivaids',0,'1591258207-1570434598-girl.png','<p>At the end of 2018, about 37.9 million people were living with a Human Immunodeficiency Virus (HIV) infection worldwide, with 25.7 million of those individuals in Africa. About 770,000 people worldwide died from HIV/AIDS in 2018; 49,000 of those deaths were in the Americas, according to the WHO. While many of the worst offenders on this disease list have a long-standing relationship with humans, HIV is a recent arrival. HIV&#39;s decimating effect on certain immune system cells was first documented in 1981. By destroying part of the immune system,&nbsp;&nbsp;HIV leaves its victims vulnerable to all sorts of opportunistic diseases. It is believed to have emerged from Simian Immunodeficiency Virus (SIV), which infects apes and monkeys.</p>','2020-04-17 11:33:33','2020-06-04 08:10:07',0),(38,'Cholera','cholera',0,'1587123338-pla.jpg','<p>Cholera causes acute diarrhea that if left untreated can kill within hours. People catch the disease by eating or drinking substances containing the bacterium&nbsp;Vibrio cholerae. The bacteria tend to contaminate food and water through infected feces. Since it can take 12 hours to 5 days to show symptoms, people can unwittingly spread the disease through their feces. Thanks to improved sanitation, cases of cholera have been rare in industrialized nations for the last 100 years, but worldwide it kills between 21,000 and 143,000 individuals every year, the WHO estimates. During the 19th century, however, cholera spread from its home in India, causing six pandemics that killed millions of people on all continents, according to the World Health Organization. During a cholera epidemic in Peru in 1992, a hospital waiting room (shown in image) was converted to an emergency cholera ward. More recently, a cholera outbreak in Haiti, which began after that country&#39;s devastating 2010 earthquake, had sickened more than 810000 people and killed nearly 9,000, according to a report published in 2018 in The Journel of Infectious Disease.</p>','2020-04-17 11:35:38','2020-04-20 12:16:15',0),(39,'Rabies','rabies',0,'1587123394-rab.jpg','<p>No longer a significant threat in the United States, rabies is still a deadly problem in other areas of the world. Rabies causes &quot;tens of thousands&quot; of deaths every year in countries in Africa and Asia, according to the WHO. Approximately two people die yearly in the U.S. from the disease, which is transmitted to humans through the saliva of infected animals, particularly dogs. The initial symptoms of rabies can be hard to detect in humans, as they mimic that of the flu and include general weakness, discomfort and fever. But as the disease progresses, patients may experience delirium, abnormal behavior, hallucinations and insomnia, according to the Centers for Disease Control and Prevention (CDC). To date, fewer than 10 people who have contracted rabies and started to exhibit symptoms have survived. However, a rabies vaccine does exist and is usually very effective in both preventing infection with the virus and treating infected individuals before they begin to show symptoms.</p>','2020-04-17 11:36:34','2020-07-03 05:40:07',2),(40,'Pneumonia','pneumonia',0,'1587123469-chl.jpg','<p>Pneumonia might not conjure up the same dread as diseases like rabies or smallpox, but this lung infection can be deadly, especially for those older than 65 or younger than 5. The disease can be caused by bacteria, a virus or a combination of both, according to Dr. Amesh Adalja, an infectious-disease specialist and a senior associate at the University of Pittsburgh Medical Center&#39;s Center for Health Security. A person can also get pneumonia from a fungal infection, parasites or reactions to certain medicines, Adalja told Live Science in September 2016. In 2017, there were 49,157 deaths from pneumonia in the United States,&nbsp;according to the CDC.</p>','2020-04-17 11:37:49','2020-06-30 10:51:11',3);
/*!40000 ALTER TABLE `diseases` ENABLE KEYS */;
UNLOCK TABLES;

--
-- Table structure for table `email_templates`
--

DROP TABLE IF EXISTS `email_templates`;
/*!40101 SET @saved_cs_client     = @@character_set_client */;
/*!50503 SET character_set_client = utf8mb4 */;
CREATE TABLE `email_templates` (
  `id` int unsigned NOT NULL AUTO_INCREMENT,
  `admin_email` varchar(191) CHARACTER SET utf8mb4 COLLATE utf8mb4_unicode_ci DEFAULT NULL,
  `email_type_id` int DEFAULT NULL,
  `title` varchar(191) CHARACTER SET utf8mb4 COLLATE utf8mb4_unicode_ci NOT NULL,
  `subject` varchar(191) CHARACTER SET utf8mb4 COLLATE utf8mb4_unicode_ci NOT NULL,
  `content` text CHARACTER SET utf8mb4 COLLATE utf8mb4_unicode_ci NOT NULL,
  `created_at` timestamp NULL DEFAULT NULL,
  `updated_at` timestamp NULL DEFAULT NULL,
  PRIMARY KEY (`id`)
) ENGINE=InnoDB AUTO_INCREMENT=18 DEFAULT CHARSET=utf8mb4 COLLATE=utf8mb4_unicode_ci;
/*!40101 SET character_set_client = @saved_cs_client */;

--
-- Dumping data for table `email_templates`
--

LOCK TABLES `email_templates` WRITE;
/*!40000 ALTER TABLE `email_templates` DISABLE KEYS */;
INSERT INTO `email_templates` VALUES (1,NULL,1,'Registrations','Registrations','<p>Hello %name%!<br /> Thanks for registering at %site%. You can now login to manage your account using the following credentials:</p>\r\n<ul style=\"margin: 0; width: 100%; float: left; list-style: none; font-size: 14px; line-height: 20px; padding: 0 0 15px;\">\r\n<li style=\"margin: 0; width: 100%; float: left; line-height: inherit; list-style-type: none; background: #f7f7f7;\"><strong style=\"width: 45%; float: left; padding: 10px; color: #333; font-weight: 400; -webkit-box-sizing: border-box; -moz-box-sizing: border-box; box-sizing: border-box;\">Username:</strong> <span style=\"width: 45%; float: left; padding: 10px; -webkit-box-sizing: border-box; -moz-box-sizing: border-box; box-sizing: border-box;\">%email%</span></li>\r\n<li style=\"margin: 0; width: 100%; float: left; line-height: inherit; list-style-type: none;\"><strong style=\"width: 45%; float: left; padding: 10px; color: #333; font-weight: 400; -webkit-box-sizing: border-box; -moz-box-sizing: border-box; box-sizing: border-box;\">Password:</strong> <span style=\"width: 45%; float: left; padding: 10px; -webkit-box-sizing: border-box; -moz-box-sizing: border-box; box-sizing: border-box;\">%password%</span></li>\r\n</ul>\r\n<p>%signature%</p>','2020-01-15 13:15:53','2020-03-19 10:43:54'),(2,NULL,2,'Verification Code','Verification Code Received','<p>Hello %name% !<br /> To complete your registration please add the below authentication code.</p>\r\n<div style=\"padding: 15px; -webkit-box-sizing: border-box; -moz-box-sizing: border-box; box-sizing: border-box;\">\r\n<div style=\"padding: 15px; background: #f7f7f7; -webkit-box-sizing: border-box; -moz-box-sizing: border-box; box-sizing: border-box;\">\r\n<div style=\"padding: 30px 15px; border: 2px solid #fff; text-align: center; -webkit-box-sizing: border-box; -moz-box-sizing: border-box; box-sizing: border-box;\">\r\n<h3 style=\"font-size: 26px; margin-bottom: 15px; font-weight: normal; line-height: 26px; margin: 0; color: #333; -webkit-box-sizing: border-box; -moz-box-sizing: border-box; box-sizing: border-box;\">Your verification code is</h3>\r\n%verification_code%</div>\r\n</div>\r\n</div>\r\n<p>%signature%</p>','2020-01-15 13:15:53','2020-03-13 09:57:48'),(3,NULL,3,'Lost Password','Forgot Password','<p>Hi <strong>%name%!</strong> <strong>Lost Password reset</strong></p>\r\n                    <p>Someone requested to reset the password of following account:<br /> <strong>Email Address:</strong> %account_email%<br /> If this was a mistake, just ignore this email and nothing will happen.<br /> To reset your password, click reset link below:<br /> <a href=\"%link%\"><strong>Reset</strong></a></p>\r\n                    <p>%signature%</p>','2020-01-15 13:15:53','2020-01-15 13:15:53'),(4,NULL,4,'Password Reset','Password Reset','\r\n                        Hello %name%!<br/>\r\n                        Your password has been reset successfully.<br/>\r\n                        <ul style=\"margin: 0; width: 100%; float: left; list-style: none; font-size: 14px; line-height: 20px; padding: 0 0 15px; font-family: \"Work Sans\", Arial, Helvetica, sans-serif;\">\r\n                            <li style=\"width: 100%; float: left; line-height: inherit; list-style-type: none; background: #f7f7f7;\"><strong style=\"width: 50%; float: left; padding: 10px; color: #333; font-weight: 400; -webkit-box-sizing: border-box; -moz-box-sizing: border-box; box-sizing: border-box;\">Username:</strong> <span style=\"width: 50%; float: left; padding: 10px; -webkit-box-sizing: border-box; -moz-box-sizing: border-box; box-sizing: border-box;\">%email%</span></li>\r\n                            <li style=\"width: 100%; float: left; line-height: inherit; list-style-type: none;\"><strong style=\"width: 50%; float: left; padding: 10px; color: #333; font-weight: 400; -webkit-box-sizing: border-box; -moz-box-sizing: border-box; box-sizing: border-box;\">Password:</strong> <span style=\"width: 50%; float: left; padding: 10px; -webkit-box-sizing: border-box; -moz-box-sizing: border-box; box-sizing: border-box;\">%password%</span></li>\r\n                        </ul>\r\n                        %signature%\r\n                    ','2020-01-15 13:15:53','2020-01-15 13:15:53'),(5,'info@yourdomain.com',5,'Admin Email Content - Registration','New Registration!','\r\n                        Hello <br/>\r\n                        A new user has registered on your website. Please login to check user detail.\r\n                        <ul style=\"margin: 0; width: 100%; float: left; list-style: none; font-size: 14px; line-height: 20px; padding: 0 0 15px; font-family: \"Work Sans\", Arial, Helvetica, sans-serif;\">\r\n                            <li style=\"width: 100%; float: left; line-height: inherit; list-style-type: none; background: #f7f7f7;\"><strong style=\"width: 50%; float: left; padding: 10px; color: #333; font-weight: 400; -webkit-box-sizing: border-box; -moz-box-sizing: border-box; box-sizing: border-box;\">Name:</strong> <span style=\"width: 50%; float: left; padding: 10px; -webkit-box-sizing: border-box; -moz-box-sizing: border-box; box-sizing: border-box;\">%username%</span></li>\r\n                            <li style=\"width: 100%; float: left; line-height: inherit; list-style-type: none;\"><strong style=\"width: 50%; float: left; padding: 10px; color: #333; font-weight: 400; -webkit-box-sizing: border-box; -moz-box-sizing: border-box; box-sizing: border-box;\">Email:</strong> <span style=\"width: 50%; float: left; padding: 10px; -webkit-box-sizing: border-box; -moz-box-sizing: border-box; box-sizing: border-box;\">%email%</span></li>\r\n                        </ul>\r\n                        %signature%','2020-01-15 13:15:53','2020-01-15 13:15:53'),(6,'info@yourdomain.com',6,'Admin Email Content - Account Delete','Account Delete','<p>Hi, An existing user has deleted account due to following</p>\r\n                    <p><strong>Reason:</strong> %reason%</p>\r\n                    <p>%signature%</p>','2020-01-15 13:15:53','2020-01-15 13:15:53'),(7,'info@yourdomain.com',7,'Admin Email Content - User Reported','User Reported','\r\n                        Hi, <br/>\r\n                        A %reported_user_role% has been reported by %reporter_name% with email address\r\n                        %reporter_email%, <br/>\r\n                        Reported user details are given below<br/>\r\n                        <ul style=\"margin: 0; width: 100%; float: left; list-style: none; font-size: 14px; line-height: 20px; padding: 0 0 15px; font-family: \"Work Sans\", Arial, Helvetica, sans-serif;\">\r\n                            <li style=\"width: 100%; float: left; line-height: inherit; list-style-type: none; background: #f7f7f7;\"><strong style=\"width: 50%; float: left; padding: 10px; color: #333; font-weight: 400; -webkit-box-sizing: border-box; -moz-box-sizing: border-box; box-sizing: border-box;\">Name:</strong> <span style=\"width: 50%; float: left; padding: 10px; -webkit-box-sizing: border-box; -moz-box-sizing: border-box; box-sizing: border-box;\">%reported_user_name%</span></li>\r\n                            <li style=\"width: 100%; float: left; line-height: inherit; list-style-type: none; background: #f7f7f7;\"><strong style=\"width: 50%; float: left; padding: 10px; color: #333; font-weight: 400; -webkit-box-sizing: border-box; -moz-box-sizing: border-box; box-sizing: border-box;\">Profile URL:</strong> <span style=\"width: 50%; float: left; padding: 10px; -webkit-box-sizing: border-box; -moz-box-sizing: border-box; box-sizing: border-box;\">%reported_user_profile%</span></li>\r\n                            <li style=\"width: 100%; float: left; line-height: inherit; list-style-type: none;\"><strong style=\"width: 50%; float: left; padding: 10px; color: #333; font-weight: 400; -webkit-box-sizing: border-box; -moz-box-sizing: border-box; box-sizing: border-box;\">Message:</strong> <span style=\"width: 50%; float: left; padding: 10px; -webkit-box-sizing: border-box; -moz-box-sizing: border-box; box-sizing: border-box;\">%message%</span></li>\r\n                        </ul>\r\n                        %signature%\"\r\n                    ','2020-01-15 13:15:53','2020-01-15 13:15:53'),(8,'null',8,'User Email Content - User Reported','User Reported','\r\n                        Hi, <br/>\r\n                        A %reported_user_role% has been reported by you<br/>\r\n                        Reported user details are given below<br/>\r\n                        <ul style=\"margin: 0; width: 100%; float: left; list-style: none; font-size: 14px; line-height: 20px; padding: 0 0 15px; font-family: \"Work Sans\", Arial, Helvetica, sans-serif;\">\r\n                            <li style=\"width: 100%; float: left; line-height: inherit; list-style-type: none; background: #f7f7f7;\"><strong style=\"width: 50%; float: left; padding: 10px; color: #333; font-weight: 400; -webkit-box-sizing: border-box; -moz-box-sizing: border-box; box-sizing: border-box;\">Name:</strong> <span style=\"width: 50%; float: left; padding: 10px; -webkit-box-sizing: border-box; -moz-box-sizing: border-box; box-sizing: border-box;\">%reported_user_name%</span></li>\r\n                            <li style=\"width: 100%; float: left; line-height: inherit; list-style-type: none; background: #f7f7f7;\"><strong style=\"width: 50%; float: left; padding: 10px; color: #333; font-weight: 400; -webkit-box-sizing: border-box; -moz-box-sizing: border-box; box-sizing: border-box;\">Profile URL:</strong> <span style=\"width: 50%; float: left; padding: 10px; -webkit-box-sizing: border-box; -moz-box-sizing: border-box; box-sizing: border-box;\">%reported_user_profile%</span></li>\r\n                            <li style=\"width: 100%; float: left; line-height: inherit; list-style-type: none;\"><strong style=\"width: 50%; float: left; padding: 10px; color: #333; font-weight: 400; -webkit-box-sizing: border-box; -moz-box-sizing: border-box; box-sizing: border-box;\">Message:</strong> <span style=\"width: 50%; float: left; padding: 10px; -webkit-box-sizing: border-box; -moz-box-sizing: border-box; box-sizing: border-box;\">%message%</span></li>\r\n                        </ul>\r\n                        %signature%\"\r\n                    ','2020-01-15 13:15:53','2020-01-15 13:15:53'),(9,NULL,9,'User Email Content - Booking Verification Code','Appointment Booking Verification Code Received','\r\n                        Hello %name% !<br/>\r\n                        To complete your booking please add the below authentication code.\r\n                        <div style=\"width: 100%; float: left; padding: 15px; -webkit-box-sizing: border-box; -moz-box-sizing: border-box; box-sizing: border-box;\">\r\n                        <div style=\"width: 100%; float: left; padding: 15px; background: #f7f7f7; -webkit-box-sizing: border-box; -moz-box-sizing: border-box; box-sizing: border-box;\">\r\n                        <div style=\"width: 100%; float: left; padding: 30px 15px; border: 2px solid #fff; text-align: center; -webkit-box-sizing: border-box; -moz-box-sizing: border-box; box-sizing: border-box;\">\r\n                        <h3 style=\"font-size: 26px; margin-bottom: 15px; font-weight: normal; line-height: 26px; margin: 0; color: #333; -webkit-box-sizing: border-box; -moz-box-sizing: border-box; box-sizing: border-box; font-family: \"Work Sans\", Arial, Helvetica, sans-serif;\">Your verification code is</h3>\r\n                        %verification_code%\r\n                        </div>\r\n                        </div>\r\n                        </div>\r\n                        %signature%\r\n                        ','2020-01-15 13:15:53','2020-01-15 13:15:53'),(10,NULL,10,'User Booking request','Appointment Booking Request','<p>Hello Dr. %doctor_name%<br /> Appointment booking request is received with the following details</p>\r\n<ul style=\"margin: 0; width: 100%; float: left; list-style: none; font-size: 14px; line-height: 20px; padding: 0 0 15px;\">\r\n<li style=\"width: 100%; float: left; line-height: inherit; list-style-type: none; background: #f7f7f7;\"><strong style=\"width: 50%; float: left; padding: 10px; color: #333; font-weight: 400; -webkit-box-sizing: border-box; -moz-box-sizing: border-box; box-sizing: border-box;\">Hospital Name:</strong> <span style=\"width: 50%; float: left; padding: 10px; -webkit-box-sizing: border-box; -moz-box-sizing: border-box; box-sizing: border-box;\">%hospital_name%</span></li>\r\n<li style=\"width: 100%; float: left; line-height: inherit; list-style-type: none;\"><strong style=\"width: 50%; float: left; padding: 10px; color: #333; font-weight: 400; -webkit-box-sizing: border-box; -moz-box-sizing: border-box; box-sizing: border-box;\">Appointment Date:</strong> <span style=\"width: 50%; float: left; padding: 10px; -webkit-box-sizing: border-box; -moz-box-sizing: border-box; box-sizing: border-box;\">%appointment_date%</span></li>\r\n<li style=\"width: 100%; float: left; line-height: inherit; list-style-type: none; background: #f7f7f7;\"><strong style=\"width: 50%; float: left; padding: 10px; color: #333; font-weight: 400; -webkit-box-sizing: border-box; -moz-box-sizing: border-box; box-sizing: border-box;\">Message:</strong> <span style=\"width: 50%; float: left; padding: 10px; -webkit-box-sizing: border-box; -moz-box-sizing: border-box; box-sizing: border-box;\">%message%</span></li>\r\n</ul>\r\n<p>%signature%</p>','2020-01-15 13:15:53','2020-03-13 06:21:20'),(11,NULL,11,'User Booking request','Appointment Booking Request','\r\n                        Hello %user_name%<br/>\r\n                        Your appointment booking request is received with the following details<br/>\r\n                        <ul style=\"margin: 0; width: 100%; float: left; list-style: none; font-size: 14px; line-height: 20px; padding: 0 0 15px; font-family: \"Work Sans\", Arial, Helvetica, sans-serif;\">\r\n                            <li style=\"width: 100%; float: left; line-height: inherit; list-style-type: none; background: #f7f7f7;\"><strong style=\"width: 50%; float: left; padding: 10px; color: #333; font-weight: 400; -webkit-box-sizing: border-box; -moz-box-sizing: border-box; box-sizing: border-box;\">Hospital Name:</strong> <span style=\"width: 50%; float: left; padding: 10px; -webkit-box-sizing: border-box; -moz-box-sizing: border-box; box-sizing: border-box;\">%hospital_name%</span></li>\r\n                            \r\n                            <li style=\"width: 100%; float: left; line-height: inherit; list-style-type: none;\"><strong style=\"width: 50%; float: left; padding: 10px; color: #333; font-weight: 400; -webkit-box-sizing: border-box; -moz-box-sizing: border-box; box-sizing: border-box;\">Appointment Date:</strong> <span style=\"width: 50%; float: left; padding: 10px; -webkit-box-sizing: border-box; -moz-box-sizing: border-box; box-sizing: border-box;\">%appointment_date%</span></li>\r\n                            \r\n                            <li style=\"width: 100%; float: left; line-height: inherit; list-style-type: none; background: #f7f7f7;\"><strong style=\"width: 50%; float: left; padding: 10px; color: #333; font-weight: 400; -webkit-box-sizing: border-box; -moz-box-sizing: border-box; box-sizing: border-box;\">Message:</strong> <span style=\"width: 50%; float: left; padding: 10px; -webkit-box-sizing: border-box; -moz-box-sizing: border-box; box-sizing: border-box;\">%message%</span></li>\r\n                        </ul>\r\n                        %signature%\r\n                    ','2020-01-15 13:15:53','2020-01-15 13:15:53'),(12,NULL,12,'Doctor Joining Request','Request Received For Joining Hospital','\r\n                        Hello %hospital_name%,<br/>\r\n                        <a href=\"%doctor_link%\">%doctor_name%</a> has sent you a new request to join your hospital.<br/>\r\n                        %signature%\r\n                    ','2020-01-15 13:15:53','2020-01-15 13:15:53'),(13,NULL,13,'Hospital Joining Request Approved','Hospital Joining Request Approved','\r\n                            Hello %doctor_name%,<br/>\r\n                            Your request to join <a href=\"%hospital_link%\">%hospital_name%</a> is <b>Approved</b>.<br/>\r\n                            %signature%\r\n                    ','2020-01-15 13:15:53','2020-01-15 13:15:53'),(14,NULL,14,'Hospital Joining Request Cancelled','Hospital Joining Request Cancelled','\r\n                        Hello %doctor_name%,<br/>\r\n                        Your request to join <a href=\"%hospital_link%\">%hospital_name%</a> is <b>Cancelled</b>.<br/>\r\n                        %signature%\r\n                    ','2020-01-15 13:15:53','2020-01-15 13:15:53'),(15,NULL,15,'Package Subscribed','Package Subscribed','\r\n                                Hey %doctor_name%<br/>\r\n                                Thanks for purchasing the package. Your payment has been received and your invoice detail is given below:\r\n                                <ul style=\"margin: 0; width: 100%; float: left; list-style: none; font-size: 14px; line-height: 20px; padding: 0 0 15px; font-family: \"Work Sans\", Arial, Helvetica, sans-serif;\">\r\n                                    <li style=\"width: 100%; float: left; line-height: inherit; list-style-type: none;\"><strong style=\"width: 50%; float: left; padding: 10px; color: #333; font-weight: 400; -webkit-box-sizing: border-box; -moz-box-sizing: border-box; box-sizing: border-box;\">Package Name:</strong> <span style=\"width: 50%; float: left; padding: 10px; -webkit-box-sizing: border-box; -moz-box-sizing: border-box; box-sizing: border-box;\">%package_name%</span></li>\r\n                                    <li style=\"width: 100%; float: left; line-height: inherit; list-style-type: none; background: #f7f7f7;\"><strong style=\"width: 50%; float: left; padding: 10px; color: #333; font-weight: 400; -webkit-box-sizing: border-box; -moz-box-sizing: border-box; box-sizing: border-box;\">Payment Amount:</strong> <span style=\"width: 50%; float: left; padding: 10px; -webkit-box-sizing: border-box; -moz-box-sizing: border-box; box-sizing: border-box;\">%package_price%</span></li>\r\n                                    <li style=\"width: 100%; float: left; line-height: inherit; list-style-type: none;\"><strong style=\"width: 50%; float: left; padding: 10px; color: #333; font-weight: 400; -webkit-box-sizing: border-box; -moz-box-sizing: border-box; box-sizing: border-box;\">Purchase Date:</strong> <span style=\"width: 50%; float: left; padding: 10px; -webkit-box-sizing: border-box; -moz-box-sizing: border-box; box-sizing: border-box;\">%package_purchase_date%</span></li>\r\n                                    <li style=\"width: 100%; float: left; line-height: inherit; list-style-type: none; background: #f7f7f7;\"><strong style=\"width: 50%; float: left; padding: 10px; color: #333; font-weight: 400; -webkit-box-sizing: border-box; -moz-box-sizing: border-box; box-sizing: border-box;\">Expiry Date:</strong> <span style=\"width: 50%; float: left; padding: 10px; -webkit-box-sizing: border-box; -moz-box-sizing: border-box; box-sizing: border-box;\">%package_expiry%</span></li>\r\n                                </ul>\r\n                                %signature%\r\n                    ','2020-01-15 13:15:53','2020-01-15 13:15:53'),(16,NULL,16,'Appointment Booking Request approved','Appointment Booking Request Approved','\r\n                        Hello %user_name%<br/>\r\n                        Your appointment booking request is approved with the following appointment details<br/>\r\n                        <ul style=\"margin: 0; width: 100%; float: left; list-style: none; font-size: 14px; line-height: 20px; padding: 0 0 15px; font-family: \"Work Sans\", Arial, Helvetica, sans-serif;\">\r\n                            <li style=\"width: 100%; float: left; line-height: inherit; list-style-type: none; background: #f7f7f7;\"><strong style=\"width: 50%; float: left; padding: 10px; color: #333; font-weight: 400; -webkit-box-sizing: border-box; -moz-box-sizing: border-box; box-sizing: border-box;\">Hospital</strong> <span style=\"width: 50%; float: left; padding: 10px; -webkit-box-sizing: border-box; -moz-box-sizing: border-box; box-sizing: border-box;\"><a href=\"%hospital_link%\"><strong>%hospital_name%</strong></a></span></li>\r\n                            <li style=\"width: 100%; float: left; line-height: inherit; list-style-type: none; background: #f7f7f7;\"><strong style=\"width: 50%; float: left; padding: 10px; color: #333; font-weight: 400; -webkit-box-sizing: border-box; -moz-box-sizing: border-box; box-sizing: border-box;\">Doctor</strong> <span style=\"width: 50%; float: left; padding: 10px; -webkit-box-sizing: border-box; -moz-box-sizing: border-box; box-sizing: border-box;\"><a href=\"%doctor_link%\"><strong>%doctor_name%</strong></a></span></li>\r\n                            <li style=\"width: 100%; float: left; line-height: inherit; list-style-type: none;\"><strong style=\"width: 50%; float: left; padding: 10px; color: #333; font-weight: 400; -webkit-box-sizing: border-box; -moz-box-sizing: border-box; box-sizing: border-box;\">Appointment Date & Time:</strong> <span style=\"width: 50%; float: left; padding: 10px; -webkit-box-sizing: border-box; -moz-box-sizing: border-box; box-sizing: border-box;\">%appointment_date_time%</span></li>\r\n                            <li style=\"width: 100%; float: left; line-height: inherit; list-style-type: none; background: #f7f7f7;\"><strong style=\"width: 50%; float: left; padding: 10px; color: #333; font-weight: 400; -webkit-box-sizing: border-box; -moz-box-sizing: border-box; box-sizing: border-box;\">Message:</strong> <span style=\"width: 50%; float: left; padding: 10px; -webkit-box-sizing: border-box; -moz-box-sizing: border-box; box-sizing: border-box;\">%message%</span></li>\r\n                        </ul>\r\n                        %signature%\r\n                    ','2020-01-15 13:15:53','2020-01-15 13:15:53'),(17,NULL,17,'Appointment Booking Request rejected','Appointment Booking Request Rejected','\r\n                        Hello %user_name%<br/>\r\n                        Your appointment has been rejected by the %doctor_name%\r\n                        %signature%\r\n                    ','2020-01-15 13:15:53','2020-01-15 13:15:53');
/*!40000 ALTER TABLE `email_templates` ENABLE KEYS */;
UNLOCK TABLES;

--
-- Table structure for table `email_types`
--

DROP TABLE IF EXISTS `email_types`;
/*!40101 SET @saved_cs_client     = @@character_set_client */;
/*!50503 SET character_set_client = utf8mb4 */;
CREATE TABLE `email_types` (
  `id` int unsigned NOT NULL AUTO_INCREMENT,
  `role_id` int DEFAULT NULL,
  `email_type` enum('new_user','verification_code','lost_password','reset_password_email','admin_email_registration','admin_email_delete_account','admin_email_report_user','user_email_report_user','user_email_appointment_booking_verification_code','doctor_email_appointment_request_received','user_email_appointment_request','hospital_email_doctor_request_to_hospital','doctor_email_doctor_request_approved','doctor_email_doctor_request_cancelled','doctor_email_package_subscribed','user_email_appointment_request_approved','user_email_appointment_request_rejected') CHARACTER SET utf8mb4 COLLATE utf8mb4_unicode_ci NOT NULL,
  `variables` text CHARACTER SET utf8mb4 COLLATE utf8mb4_unicode_ci NOT NULL,
  `created_at` timestamp NULL DEFAULT NULL,
  `updated_at` timestamp NULL DEFAULT NULL,
  PRIMARY KEY (`id`)
) ENGINE=InnoDB AUTO_INCREMENT=18 DEFAULT CHARSET=utf8mb4 COLLATE=utf8mb4_unicode_ci;
/*!40101 SET character_set_client = @saved_cs_client */;

--
-- Dumping data for table `email_types`
--

LOCK TABLES `email_types` WRITE;
/*!40000 ALTER TABLE `email_types` DISABLE KEYS */;
INSERT INTO `email_types` VALUES (1,NULL,'new_user','a:6:{i:0;a:2:{s:3:\"key\";s:4:\"name\";s:5:\"value\";s:6:\"%name%\";}i:1;a:2:{s:3:\"key\";s:5:\"email\";s:5:\"value\";s:7:\"%email%\";}i:2;a:2:{s:3:\"key\";s:8:\"username\";s:5:\"value\";s:10:\"%username%\";}i:3;a:2:{s:3:\"key\";s:8:\"password\";s:5:\"value\";s:10:\"%password%\";}i:4;a:2:{s:3:\"key\";s:17:\"verification_code\";s:5:\"value\";s:19:\"%verification_code%\";}i:5;a:2:{s:3:\"key\";s:9:\"signature\";s:5:\"value\";s:11:\"%signature%\";}}','2020-01-15 13:15:53','2020-01-15 13:15:53'),(2,NULL,'verification_code','a:4:{i:0;a:2:{s:3:\"key\";s:4:\"name\";s:5:\"value\";s:6:\"%name%\";}i:1;a:2:{s:3:\"key\";s:5:\"email\";s:5:\"value\";s:7:\"%email%\";}i:2;a:2:{s:3:\"key\";s:17:\"verification_code\";s:5:\"value\";s:19:\"%verification_code%\";}i:3;a:2:{s:3:\"key\";s:9:\"signature\";s:5:\"value\";s:11:\"%signature%\";}}','2020-01-15 13:15:53','2020-01-15 13:15:53'),(3,NULL,'lost_password','a:3:{i:0;a:2:{s:3:\"key\";s:4:\"name\";s:5:\"value\";s:6:\"%name%\";}i:1;a:2:{s:3:\"key\";s:4:\"link\";s:5:\"value\";s:6:\"%link%\";}i:2;a:2:{s:3:\"key\";s:9:\"signature\";s:5:\"value\";s:11:\"%signature%\";}}','2020-01-15 13:15:53','2020-01-15 13:15:53'),(4,NULL,'reset_password_email','a:3:{i:0;a:2:{s:3:\"key\";s:4:\"name\";s:5:\"value\";s:6:\"%name%\";}i:1;a:2:{s:3:\"key\";s:5:\"email\";s:5:\"value\";s:7:\"%email%\";}i:2;a:2:{s:3:\"key\";s:8:\"password\";s:5:\"value\";s:10:\"%password%\";}}','2020-01-15 13:15:53','2020-01-15 13:15:53'),(5,1,'admin_email_registration','a:4:{i:0;a:2:{s:3:\"key\";s:8:\"username\";s:5:\"value\";s:10:\"%username%\";}i:1;a:2:{s:3:\"key\";s:4:\"link\";s:5:\"value\";s:6:\"%link%\";}i:2;a:2:{s:3:\"key\";s:5:\"email\";s:5:\"value\";s:7:\"%email%\";}i:3;a:2:{s:3:\"key\";s:9:\"signature\";s:5:\"value\";s:11:\"%signature%\";}}','2020-01-15 13:15:53','2020-01-15 13:15:53'),(6,1,'admin_email_delete_account','a:5:{i:0;a:2:{s:3:\"key\";s:6:\"reason\";s:5:\"value\";s:8:\"%reason%\";}i:1;a:2:{s:3:\"key\";s:8:\"username\";s:5:\"value\";s:10:\"%username%\";}i:2;a:2:{s:3:\"key\";s:5:\"email\";s:5:\"value\";s:7:\"%email%\";}i:3;a:2:{s:3:\"key\";s:7:\"message\";s:5:\"value\";s:9:\"%message%\";}i:4;a:2:{s:3:\"key\";s:9:\"signature\";s:5:\"value\";s:11:\"%signature%\";}}','2020-01-15 13:15:53','2020-01-15 13:15:53'),(7,1,'admin_email_report_user','a:7:{i:0;a:2:{s:3:\"key\";s:18:\"reported_user_role\";s:5:\"value\";s:20:\"%reported_user_role%\";}i:1;a:2:{s:3:\"key\";s:13:\"reporter_name\";s:5:\"value\";s:15:\"%reporter_name%\";}i:2;a:2:{s:3:\"key\";s:14:\"reporter_email\";s:5:\"value\";s:16:\"%reporter_email%\";}i:3;a:2:{s:3:\"key\";s:18:\"reported_user_name\";s:5:\"value\";s:20:\"%reported_user_name%\";}i:4;a:2:{s:3:\"key\";s:21:\"reported_user_profile\";s:5:\"value\";s:23:\"%reported_user_profile%\";}i:5;a:2:{s:3:\"key\";s:7:\"message\";s:5:\"value\";s:9:\"%message%\";}i:6;a:2:{s:3:\"key\";s:9:\"signature\";s:5:\"value\";s:11:\"%signature%\";}}','2020-01-15 13:15:53','2020-01-15 13:15:53'),(8,NULL,'user_email_report_user','a:5:{i:0;a:2:{s:3:\"key\";s:18:\"reported_user_role\";s:5:\"value\";s:20:\"%reported_user_role%\";}i:1;a:2:{s:3:\"key\";s:18:\"reported_user_name\";s:5:\"value\";s:20:\"%reported_user_name%\";}i:2;a:2:{s:3:\"key\";s:21:\"reported_user_profile\";s:5:\"value\";s:23:\"%reported_user_profile%\";}i:3;a:2:{s:3:\"key\";s:7:\"message\";s:5:\"value\";s:9:\"%message%\";}i:4;a:2:{s:3:\"key\";s:9:\"signature\";s:5:\"value\";s:11:\"%signature%\";}}','2020-01-15 13:15:53','2020-01-15 13:15:53'),(9,4,'user_email_appointment_booking_verification_code','a:3:{i:0;a:2:{s:3:\"key\";s:4:\"name\";s:5:\"value\";s:6:\"%name%\";}i:1;a:2:{s:3:\"key\";s:17:\"verification_code\";s:5:\"value\";s:19:\"%verification_code%\";}i:2;a:2:{s:3:\"key\";s:9:\"signature\";s:5:\"value\";s:11:\"%signature%\";}}','2020-01-15 13:15:53','2020-01-15 13:15:53'),(10,2,'doctor_email_appointment_request_received','a:5:{i:0;a:2:{s:3:\"key\";s:11:\"doctor_name\";s:5:\"value\";s:13:\"%doctor_name%\";}i:1;a:2:{s:3:\"key\";s:13:\"hospital_name\";s:5:\"value\";s:15:\"%hospital_name%\";}i:2;a:2:{s:3:\"key\";s:16:\"appointment_date\";s:5:\"value\";s:18:\"%appointment_date%\";}i:3;a:2:{s:3:\"key\";s:7:\"message\";s:5:\"value\";s:9:\"%message%\";}i:4;a:2:{s:3:\"key\";s:9:\"signature\";s:5:\"value\";s:11:\"%signature%\";}}','2020-01-15 13:15:53','2020-01-15 13:15:53'),(11,4,'user_email_appointment_request','a:5:{i:0;a:2:{s:3:\"key\";s:9:\"user_name\";s:5:\"value\";s:11:\"%user_name%\";}i:1;a:2:{s:3:\"key\";s:13:\"hospital_name\";s:5:\"value\";s:15:\"%hospital_name%\";}i:2;a:2:{s:3:\"key\";s:16:\"appointment_date\";s:5:\"value\";s:18:\"%appointment_date%\";}i:3;a:2:{s:3:\"key\";s:7:\"message\";s:5:\"value\";s:9:\"%message%\";}i:4;a:2:{s:3:\"key\";s:9:\"signature\";s:5:\"value\";s:11:\"%signature%\";}}','2020-01-15 13:15:53','2020-01-15 13:15:53'),(12,3,'hospital_email_doctor_request_to_hospital','a:4:{i:0;a:2:{s:3:\"key\";s:13:\"hospital_name\";s:5:\"value\";s:15:\"%hospital_name%\";}i:1;a:2:{s:3:\"key\";s:11:\"doctor_link\";s:5:\"value\";s:13:\"%doctor_link%\";}i:2;a:2:{s:3:\"key\";s:11:\"doctor_name\";s:5:\"value\";s:13:\"%doctor_name%\";}i:3;a:2:{s:3:\"key\";s:9:\"signature\";s:5:\"value\";s:11:\"%signature%\";}}','2020-01-15 13:15:53','2020-01-15 13:15:53'),(13,2,'doctor_email_doctor_request_approved','a:4:{i:0;a:2:{s:3:\"key\";s:11:\"doctor_name\";s:5:\"value\";s:13:\"%doctor_name%\";}i:1;a:2:{s:3:\"key\";s:13:\"hospital_link\";s:5:\"value\";s:15:\"%hospital_link%\";}i:2;a:2:{s:3:\"key\";s:13:\"hospital_name\";s:5:\"value\";s:15:\"%hospital_name%\";}i:3;a:2:{s:3:\"key\";s:9:\"signature\";s:5:\"value\";s:11:\"%signature%\";}}','2020-01-15 13:15:53','2020-01-15 13:15:53'),(14,2,'doctor_email_doctor_request_cancelled','a:4:{i:0;a:2:{s:3:\"key\";s:11:\"doctor_name\";s:5:\"value\";s:13:\"%doctor_name%\";}i:1;a:2:{s:3:\"key\";s:13:\"hospital_link\";s:5:\"value\";s:15:\"%hospital_link%\";}i:2;a:2:{s:3:\"key\";s:13:\"hospital_name\";s:5:\"value\";s:15:\"%hospital_name%\";}i:3;a:2:{s:3:\"key\";s:9:\"signature\";s:5:\"value\";s:11:\"%signature%\";}}','2020-01-15 13:15:53','2020-01-15 13:15:53'),(15,2,'doctor_email_package_subscribed','a:5:{i:0;a:2:{s:3:\"key\";s:12:\"package_name\";s:5:\"value\";s:14:\"%package_name%\";}i:1;a:2:{s:3:\"key\";s:13:\"package_price\";s:5:\"value\";s:15:\"%package_price%\";}i:2;a:2:{s:3:\"key\";s:21:\"package_purchase_date\";s:5:\"value\";s:23:\"%package_purchase_date%\";}i:3;a:2:{s:3:\"key\";s:14:\"package_expiry\";s:5:\"value\";s:16:\"%package_expiry%\";}i:4;a:2:{s:3:\"key\";s:9:\"signature\";s:5:\"value\";s:11:\"%signature%\";}}','2020-01-15 13:15:53','2020-01-15 13:15:53'),(16,4,'user_email_appointment_request_approved','a:8:{i:0;a:2:{s:3:\"key\";s:9:\"user_name\";s:5:\"value\";s:11:\"%user_name%\";}i:1;a:2:{s:3:\"key\";s:13:\"hospital_link\";s:5:\"value\";s:15:\"%hospital_link%\";}i:2;a:2:{s:3:\"key\";s:13:\"hospital_name\";s:5:\"value\";s:15:\"%hospital_name%\";}i:3;a:2:{s:3:\"key\";s:11:\"doctor_link\";s:5:\"value\";s:13:\"%doctor_link%\";}i:4;a:2:{s:3:\"key\";s:11:\"doctor_name\";s:5:\"value\";s:13:\"%doctor_name%\";}i:5;a:2:{s:3:\"key\";s:21:\"appointment_date_time\";s:5:\"value\";s:23:\"%appointment_date_time%\";}i:6;a:2:{s:3:\"key\";s:7:\"message\";s:5:\"value\";s:9:\"%message%\";}i:7;a:2:{s:3:\"key\";s:9:\"signature\";s:5:\"value\";s:11:\"%signature%\";}}','2020-01-15 13:15:53','2020-01-15 13:15:53'),(17,4,'user_email_appointment_request_rejected','a:3:{i:0;a:2:{s:3:\"key\";s:9:\"user_name\";s:5:\"value\";s:11:\"%user_name%\";}i:1;a:2:{s:3:\"key\";s:11:\"doctor_name\";s:5:\"value\";s:13:\"%doctor_name%\";}i:2;a:2:{s:3:\"key\";s:9:\"signature\";s:5:\"value\";s:11:\"%signature%\";}}','2020-01-15 13:15:53','2020-01-15 13:15:53');
/*!40000 ALTER TABLE `email_types` ENABLE KEYS */;
UNLOCK TABLES;

--
-- Table structure for table `facilities`
--

DROP TABLE IF EXISTS `facilities`;
/*!40101 SET @saved_cs_client     = @@character_set_client */;
/*!50503 SET character_set_client = utf8mb4 */;
CREATE TABLE `facilities` (
  `id` int NOT NULL AUTO_INCREMENT,
  `name` varchar(50) DEFAULT NULL,
  `description` text,
  `created_at` timestamp NULL DEFAULT NULL,
  `updated_at` timestamp NULL DEFAULT NULL,
  PRIMARY KEY (`id`)
) ENGINE=InnoDB AUTO_INCREMENT=6 DEFAULT CHARSET=latin1;
/*!40101 SET character_set_client = @saved_cs_client */;

--
-- Dumping data for table `facilities`
--

LOCK TABLES `facilities` WRITE;
/*!40000 ALTER TABLE `facilities` DISABLE KEYS */;
INSERT INTO `facilities` VALUES (4,'testing first','<p>hello every one how are you...</p>','2020-07-20 05:45:42','2020-07-20 05:45:42');
/*!40000 ALTER TABLE `facilities` ENABLE KEYS */;
UNLOCK TABLES;

--
-- Table structure for table `faq_assign`
--

DROP TABLE IF EXISTS `faq_assign`;
/*!40101 SET @saved_cs_client     = @@character_set_client */;
/*!50503 SET character_set_client = utf8mb4 */;
CREATE TABLE `faq_assign` (
  `id` int NOT NULL AUTO_INCREMENT,
  `faq_id` varchar(50) DEFAULT NULL,
  `assign_value` varchar(50) DEFAULT NULL,
  `type` varchar(50) DEFAULT NULL,
  `created_at` timestamp NULL DEFAULT NULL,
  `updated_at` timestamp NULL DEFAULT NULL,
  PRIMARY KEY (`id`),
  KEY `faq_id` (`faq_id`)
) ENGINE=InnoDB AUTO_INCREMENT=780 DEFAULT CHARSET=latin1;
/*!40101 SET character_set_client = @saved_cs_client */;

--
-- Dumping data for table `faq_assign`
--

LOCK TABLES `faq_assign` WRITE;
/*!40000 ALTER TABLE `faq_assign` DISABLE KEYS */;
INSERT INTO `faq_assign` VALUES (305,'89','1','speciality',NULL,NULL),(310,'90','2','speciality',NULL,NULL),(315,'91','3','speciality',NULL,NULL),(330,'94','6','speciality',NULL,NULL),(335,'95','7','speciality',NULL,NULL),(340,'96','8','speciality',NULL,NULL),(345,'97','29','speciality',NULL,NULL),(350,'98','30','speciality',NULL,NULL),(355,'99','31','speciality',NULL,NULL),(360,'100','32','speciality',NULL,NULL),(365,'101','33','speciality',NULL,NULL),(370,'102','34','speciality',NULL,NULL),(376,'103','2','service',NULL,NULL),(381,'104','3','service',NULL,NULL),(386,'105','4','service',NULL,NULL),(391,'106','6','service',NULL,NULL),(396,'107','10','service',NULL,NULL),(401,'108','11','service',NULL,NULL),(406,'109','13','service',NULL,NULL),(411,'110','14','service',NULL,NULL),(416,'111','16','service',NULL,NULL),(419,'112','1','diseases',NULL,NULL),(424,'113','2','diseases',NULL,NULL),(429,'114','28','diseases',NULL,NULL),(434,'115','29','diseases',NULL,NULL),(439,'116','31','diseases',NULL,NULL),(444,'117','32','diseases',NULL,NULL),(449,'118','33','diseases',NULL,NULL),(454,'119','35','diseases',NULL,NULL),(459,'120','36','diseases',NULL,NULL),(464,'121','37','diseases',NULL,NULL),(469,'122','38','diseases',NULL,NULL),(474,'123','40','diseases',NULL,NULL),(479,'124','39','diseases',NULL,NULL),(487,'125','1','symptom',NULL,NULL),(492,'126','2','symptom',NULL,NULL),(497,'127','3','symptom',NULL,NULL),(502,'128','4','symptom',NULL,NULL),(507,'129','5','symptom',NULL,NULL),(512,'130','6','symptom',NULL,NULL),(517,'131','7','symptom',NULL,NULL),(522,'132','8','symptom',NULL,NULL),(527,'133','9','symptom',NULL,NULL),(532,'134','10','symptom',NULL,NULL),(537,'135','11','symptom',NULL,NULL),(542,'136','12','symptom',NULL,NULL),(547,'137','13','symptom',NULL,NULL),(552,'138','14','symptom',NULL,NULL),(557,'139','15','symptom',NULL,NULL),(562,'140','16','symptom',NULL,NULL),(567,'141','17','symptom',NULL,NULL),(572,'142','18','symptom',NULL,NULL),(577,'143','19','symptom',NULL,NULL),(582,'144','20','symptom',NULL,NULL),(587,'145','21','symptom',NULL,NULL),(593,'146','47','treatment',NULL,NULL),(598,'147','46','treatment',NULL,NULL),(603,'148','45','treatment',NULL,NULL),(608,'149','44','treatment',NULL,NULL),(613,'150','43','treatment',NULL,NULL),(618,'151','42','treatment',NULL,NULL),(623,'152','41','treatment',NULL,NULL),(628,'153','40','treatment',NULL,NULL),(633,'154','39','treatment',NULL,NULL),(638,'155','38','treatment',NULL,NULL),(643,'156','37','treatment',NULL,NULL),(648,'157','36','treatment',NULL,NULL),(653,'158','35','treatment',NULL,NULL),(658,'159','34','treatment',NULL,NULL),(676,'93','5','speciality',NULL,NULL),(681,'92','4','speciality',NULL,NULL),(748,'165','1','diseases',NULL,NULL),(749,'165','29','diseases',NULL,NULL),(750,'165','38','diseases',NULL,NULL),(751,'165','39','diseases',NULL,NULL),(752,'165','1','speciality',NULL,NULL),(753,'165','2','speciality',NULL,NULL),(754,'165','4','speciality',NULL,NULL),(755,'165','3','speciality',NULL,NULL),(756,'165','2','service',NULL,NULL),(757,'165','3','service',NULL,NULL),(758,'165','4','service',NULL,NULL),(759,'165','26','service',NULL,NULL),(760,'165','10','service',NULL,NULL),(761,'165','4','symptom',NULL,NULL),(762,'165','5','symptom',NULL,NULL),(763,'165','7','symptom',NULL,NULL),(764,'165','1','symptom',NULL,NULL),(765,'165','14','symptom',NULL,NULL),(766,'165','36','treatment',NULL,NULL),(767,'165','37','treatment',NULL,NULL),(768,'165','39','treatment',NULL,NULL),(769,'165','33','treatment',NULL,NULL),(776,'170','19','procedure',NULL,NULL),(777,'170','30','procedure',NULL,NULL);
/*!40000 ALTER TABLE `faq_assign` ENABLE KEYS */;
UNLOCK TABLES;

--
-- Table structure for table `faqs`
--

DROP TABLE IF EXISTS `faqs`;
/*!40101 SET @saved_cs_client     = @@character_set_client */;
/*!50503 SET character_set_client = utf8mb4 */;
CREATE TABLE `faqs` (
  `id` int NOT NULL AUTO_INCREMENT,
  `status` varchar(250) DEFAULT NULL,
  `description` text,
  `created_at` timestamp NULL DEFAULT NULL,
  `updated_at` timestamp NULL DEFAULT NULL,
  PRIMARY KEY (`id`)
) ENGINE=InnoDB AUTO_INCREMENT=172 DEFAULT CHARSET=latin1;
/*!40101 SET character_set_client = @saved_cs_client */;

--
-- Dumping data for table `faqs`
--

LOCK TABLES `faqs` WRITE;
/*!40000 ALTER TABLE `faqs` DISABLE KEYS */;
INSERT INTO `faqs` VALUES (89,'1','[\"How can I book an appointment with an Immunologist in Lahore?\",\"to book an appointment with a top Immunologist in Lahore. Or, you can also call at 0345-0435621 from 9AM to 11PM to book your appointment.\",\"Are there any additional charges to book an appointment with an Immunologist in Lahore through oladoc?\",\"There are no additional charges when you book through site\",\"What does an Immunologist do?\",\"Vaccinologists are considered experts in the fields of negative-strand RNA viruses and the design and development of viral vaccines. oladoc can help book an appointment with a vaccinologist in Lahore and has specialists across Lahore in areas such as Johar Town, Shadman, Jail Road, Gulberg, New Garden Town and so on. Patients can call us at 0345-0435621 to book an appointment with a specialist for their needs. Patients can also book an online doctor video consultation with top immunologists all across the country. Top vaccinologists practicing in Lahore include . Vaccinologists are also qualified to design schedule of vaccinations and also monitor the health conditions of patients to identify the right time of vaccination.\"]','2020-06-30 04:53:33','2020-06-30 04:53:33'),(90,'1','[\"How can I book an appointment with an Anesthesiologist ?\",\"to book an appointment with a top Anesthesiologist in Lahore. Or, you can also call at 0345-0435621 from 9AM to 11PM to book your appointment.\",\"What is the fee range of top Anesthesiologist\",\"The fee for top Anesthesiologist in Lahore ranges from 1500 to 3000. You will pay at the reception when you visit the doctor.\",\"Are there any additional charges to book an appointment with an Anesthesiologist in Lahore through site?\",\"There are no additional charges when you book through site\"]','2020-06-30 04:56:37','2020-06-30 04:56:37'),(91,'1','[\"How can I book an appointment with a Dermatologist?\",\"to book an appointment with a top Dermatologist in Lahore. Or, you can also call at 0345-0435621 from 9AM to 11PM to book your appointment.\",\"What is the fee range of top Dermatologist ?\",\"The fee for top Dermatologist in Lahore ranges from 500 to 3000. You will pay at the reception when you visit the doctor.\",\"What does a Dermatologist do?\",\"Skin Specialists or Dermatologists help Patients deal with issues related to Skin. Some of the conditions they help manage include Acne, Acne Scars, Benign And Malignant Skin Tumors, Boils, Eczema, Herpes, Moles, Pimples, Psoriasis, Scabies, Skin Allergy, Skin Diseases, Skin Fungal Infections, Syphilis, Vitiligo and Warts. oladoc can help book an appointment with a dermatologist in Lahore and has specialists across Lahore in areas such as Johar Town, Shadman, Jail Road, Gulberg, New Garden Town and so on.\",\"Are there any additional charges to book an appointment with a Dermatologist in Lahore through ?\",\"There are no additional charges when you book through site\"]','2020-06-30 05:00:55','2020-06-30 05:00:55'),(92,'1','[\"What does a Radiology Lab do?\",\"A radiology lab is a medical lab which is furnished with different imaging tools and uses these tools to facilitate different types of diagnostic tests such as X-Rays, CT Scan, MRI, PET Scan, Dexa Scan, Stress Test, Cardiac Imaging, Fluoroscopy, Mammography, Nuclear Medicine and many more. The first step in any diagnostic process around the world is consultation with a radiology lab.\",\"How can I book an appointment with a Radiology Lab in ?\",\"to book an appointment with a top Radiology Lab in Lahore. Or, you can also call at 0345-0435621 from 9AM to 11PM to book your appointment.\",\"What is the fee range of top Radiology Lab in ?\",\"The fee for top Radiology Lab in Lahore is 2500. You will pay at the reception when you visit the doctor.\",\"What does a Radiology Lab do?\",\"A radiology lab is a medical lab which is furnished with different imaging tools and uses these tools to facilitate different types of diagnostic tests such as X-Rays, CT Scan, MRI, PET Scan, Dexa Scan, Stress Test, Cardiac Imaging, Fluoroscopy, Mammography, Nuclear Medicine and many more. The first step in any diagnostic process around the world is consultation with a radiology lab.\"]','2020-06-30 05:03:32','2020-07-02 09:49:22'),(93,'1','[\"What does an Emergency Medicine Specialist do?\",\"Emergency medicine specialists are dedicated to the diagnosis and treatment of unforeseen illness or injury such as physical trauma caused by road accidents. oladoc can help book an appointment with an emergency medicine specialist in Lahore and has specialists across Lahore in areas such as Johar Town, Shadman, Jail Road, Gulberg, New Garden Town and so on. Patients can call us at 0345-0435621 to book an appointment with a specialist for their needs. Patients can also book an online doctor video consultation with top emergency medicine specialists all across the country. Emergency medicine specialists go through extensive training which encompasses a unique body of knowledge as set forth in the \\u201cModel of the Clinical Practice of Emergency Medicine\",\"How can I book an appointment with an Emergency Medicine Specialist in ?\",\"to book an appointment with a top Emergency Medicine Specialist in Lahore. Or, you can also call at 0345-0435621 from 9AM to 11PM to book your appointment.\",\"Are there any additional charges to book an appointment with an Emergency Medicine Specialist in Lahore through ?\",\"There are no additional charges when you book through site\",\"What does an Emergency Medicine Specialist do?\",\"Emergency medicine specialists are dedicated to the diagnosis and treatment of unforeseen illness or injury such as physical trauma caused by road accidents. oladoc can help book an appointment with an emergency medicine specialist in Lahore and has specialists across Lahore in areas such as Johar Town, Shadman, Jail Road, Gulberg, New Garden Town and so on. Patients can call us at 0345-0435621 to book an appointment with a specialist for their needs. Patients can also book an online doctor video consultation with top emergency medicine specialists all across the country. Emergency medicine specialists go through extensive training which encompasses a unique body of knowledge as set forth in the \\u201cModel of the Clinical Practice of Emergency Medicine\"]','2020-06-30 05:05:55','2020-07-02 09:49:03'),(94,'1','[\"How can I book an appointment with a doctor performing Family Medicine in?\",\"to book an appointment with top doctors performing Family Medicine in Lahore. Or, you can also call at 0345-0435621 from 9AM to 11PM to book your appointment.\",\"What is the fee range of top doctors performing Family Medicine in?\",\"The fee for top doctors performing Family Medicine in Lahore ranges from 500 to 4000. You will pay at the reception when you visit the doctor.\",\"Are there any additional charges to book an appointment with doctors performing Family Medicine in Lahore through ?\",\"There are no additional charges when you book through.\"]','2020-06-30 05:08:53','2020-06-30 05:08:53'),(95,'1','[\"How can I book an appointment with an Internal Medicine Specialist in ?\",\"to book an appointment with a top Internal Medicine Specialist in Lahore. Or, you can also call at 0345-0435621 from 9AM to 11PM to book your appointment.\",\"What is the fee range of top Internal Medicine Specialist in ?\",\"The fee for top Internal Medicine Specialist in Lahore ranges from 1000 to 3000. You will pay at the reception when you visit the doctor.\",\"Are there any additional charges to book an appointment with an Internal Medicine Specialist in Lahore through?\",\"There are no additional charges when you book through .\",\"What does an Internal Medicine Specialist do?\",\"Internal medicine specialists or Physicians are doctors who diagnose and treat common medical issues such as Fever, Flu, Common Cold, Cough, Constipation, Anemia, Vomiting, Abscess, Fatigue, Stomach Pain, Chest Infections, Respiratory Infections, Abdomen Pain and Muscle Aches. They are sometimes also known as GPs or General Practitioners. oladoc can help book an appointment with an internal medicine specialist in Lahore and has specialists across Lahore in areas such as Johar Town, Shadman, Jail Road, Gulberg, New Garden Town and so on. Patients can call us at 0345-0435621 to book an appointment with a specialist for their needs. Patients can also book an online doctor video consultation with top internal medicine specialists all across the country.Top internal medicine\"]','2020-06-30 05:11:47','2020-06-30 05:11:47'),(96,'1','[\"How can I book an appointment with a doctor performing Genetic Testing in?\",\"to book an appointment with top doctors performing Genetic Testing in Lahore. Or, you can also call at 0345-0435621 from 9AM to 11PM to book your appointment.\",\"What is the fee range of top doctors performing Genetic Testing in ?\",\"The fee for top doctors performing Genetic Testing in Lahore ranges from 500 to 3000. You will pay at the reception when you visit the doctor.\",\"Are there any additional charges to book an appointment with doctors performing Genetic Testing in Lahore through ?\",\"There are no additional charges when you book through\"]','2020-06-30 05:14:31','2020-06-30 05:14:31'),(97,'1','[\"How can I book an appointment with an Urologist in?\",\"to book an appointment with a top Urologist in Lahore. Or, you can also call at 0345-0435621 from 9AM to 11PM to book your appointment.\",\"What is the fee range of top Urologist in ?\",\"The fee for top Urologist in Lahore ranges from 1000 to 3000. You will pay at the reception when you visit the doctor.\",\"What does an Urologist do?\",\"Urologists are also sometimes referred to as Bladder Specialists or Bladder Doctors. They help patients deal with issues such as Bedwetting, Blood In Urine, BPH, Gynaecomastia, Hematuria, Hypospadias, Kidney Infection, Kidney Stone, Male Infertility, Penile Venous Leakage, Prostate Cancer, Prostate Enlargement, Urethral Stricture, Urinary Incontinence, Urinary Problems, Urinary Tract Infection (UTI), Urine Blockage and Varicocele. oladoc can help book an appointment with an urologist in Lahore and has specialists across Lahore in areas such as Johar Town, Shadman, Jail Road, Gulberg, New Garden Town and so on. Patients can call us at 0345-0435621 to book an appointment with a specialist for their needs.\"]','2020-06-30 05:16:46','2020-06-30 05:16:46'),(98,'1','[\"How can I book an appointment with an Obstetrician in?\",\"to book an appointment with a top Obstetrician in Lahore. Or, you can also call at 0345-0435621 from 9AM to 11PM to book your appointment.\",\"What is the fee range of top Obstetrician in ?\",\"The fee for top Obstetrician in Lahore ranges from 500 to 3000. You will pay at the reception when you visit the doctor.\",\"Are there any additional charges to book an appointment with an Obstetrician in Lahore through?\",\"There are no additional charges when you book through\",\"What does an Obstetrician do?\",\"A commonly used abbreviation. OB is short for obstetrics or for an obstetrician, a physician who delivers babies. GYN is short for gynecology or for a gynecologist, a physician who specializes in treating diseases of the female reproductive organs. oladoc can help book an appointment with an obstetrician in Lahore and has specialists across Lahore in areas such as Johar Town, Shadman, Jail Road,\"]','2020-06-30 05:19:25','2020-06-30 05:19:25'),(99,'1','[\"How can I book an appointment with a Neurologist in?\",\"to book an appointment with a top Neurologist in Lahore. Or, you can also call at 0345-0435621 from 9AM to 11PM to book your appointment.\",\"What is the fee range of top Neurologist in?\",\"The fee for top Neurologist in Lahore ranges from 1400 to 2550. You will pay at the reception when you visit the doctor.\",\"Are there any additional charges to book an appointment with a Neurologist in Lahore through ?\",\"There are no additional charges when you book through.\",\"What does a Neurologist do?\",\"Neurologists or Neuro Physicians are Brain Specialists. Some of the conditions treated by them are ALS, Aneurysm, Autism, Back Pain, Brain Tumor, Dementia, Dizziness , Epilepsy, Fits, Headache, Imbalance, Memory Loss, Meningitis, Migraine, Multiple Sclerosis (MS), Neck Pain, Parkinson\'s Disease, Progressive Supranuclear Palsy (PSP), Sciatica, Seizures, Sleep Disorders, Spinal Cord Injury, Spinal Cord Issues and Stroke. oladoc can help book an appointment with a neurologist in Lahore and has specialists across Lahore in areas such as Johar Town, Shadman, Jail Road, Gulberg, New Garden Town and so on. Patients can call us at 0345-0435621 to book an appointment with a specialist for their needs.\"]','2020-06-30 05:21:46','2020-06-30 05:21:46'),(100,'1','[\"How can I book an appointment with an Eye Specialist in ?\",\"to book an appointment with a top Eye Specialist in Lahore. Or, you can also call at 0345-0435621 from 9AM to 11PM to book your appointment.\",\"What is the fee range of top Eye Specialist in?\",\"The fee for top Eye Specialist in Lahore ranges from 1000 to 3000. You will pay at the reception when you visit the doctor.\",\"What does an Eye Specialist do?\",\"Eye Specialists or Ophthalmologists are specialist doctors that help patients with Eye \\/ Eyesight related issues such as Blepharitis, Chalazion, Conjunctivitis, Diabetic Retinopathy, Diplopia, Dry Eye, Eye Allergy, Glaucoma, Macular Hole, Ocular Trauma, Red Eye, Retinal Detachment, Squint, Strabismus and Stye. oladoc can help book an appointment with an eye specialist in Lahore and has specialists across Lahore in areas such as Johar Town, Shadman, Jail Road, Gulberg, New Garden Town and so on. Patients can call us at 0345-0435621 to book an\",\"Are there any additional charges to book an appointment with an Eye Specialist in Lahore through?\",\"There are no additional charges when you book through.\"]','2020-06-30 05:24:08','2020-06-30 05:24:08'),(101,'1','[\"How can I book an appointment with a Psychiatrist in ?\",\"to book an appointment with a top Psychiatrist in Lahore. Or, you can also call at 0345-0435621 from 9AM to 11PM to book your appointment.\",\"What is the fee range of top Psychiatrist in ?\",\"The fee for top Psychiatrist in Lahore ranges from 1500 to 4000. You will pay at the reception when you visit the doctor.\",\"What does a Psychiatrist do?\",\"Psychiatrists are Specialists who help patients with Mental Health Issues. They Prescribe Medication as well as offer Counselling to Patients. Some of the issues they help treat include Anxiety Disorder, Aphasia, Attention Deficit Hyperactivity Disorder (ADHD), Bipolar Disorder, Bruxism, Depression, Drug Addiction, Learning Difficulty, Obsessive Compulsive Disorder (OCD), Panic Disorder, Phobias, Post Traumatic Stress Disorder (PTSD), Schizophrenia, Sleep Disorder and Social Phobia.\",\"Are there any additional charges to book an appointment with a Psychiatrist in Lahore through?\",\"There are no additional charges when you book through.\"]','2020-06-30 05:26:16','2020-06-30 05:26:16'),(102,'1','[\"How can I book an appointment with a doctor for Post Surgery in?\",\"to book an appointment with top doctors for Post Surgery in Lahore. Or, you can also call at 0345-0435621 from 9AM to 11PM to book your appointment.\",\"What is the fee range of top doctors for Post Surgery in?\",\"The fee for top doctors for Post Surgery in Lahore ranges from 500 to 3500. You will pay at the reception when you visit the doctor.\",\"Are there any additional charges to book an appointment with doctors for Post Surgery in Lahore through?\",\"There are no additional charges when you book through.\"]','2020-06-30 05:28:52','2020-06-30 05:28:52'),(103,'1','[\"How can I book an appointment with a doctor performing Adolesent Medicine in ?\",\"to book an appointment with top doctors performing Adolesent Medicine in Lahore. Or, you can also call at 0345-0435621 from 9AM to 11PM to book your appointment.\",\"What is the fee range of top doctors performing Adolesent Medicine in?\",\"The fee for top doctors performing Adolesent Medicine in Lahore ranges from 500 to 3000. You will pay at the reception when you visit the doctor.\",\"Are there any additional charges to book an appointment with doctors performing Adolesent Medicine in Lahore through?\",\"There are no additional charges when you book through.\"]','2020-06-30 05:31:34','2020-06-30 05:31:34'),(104,'1','[\"How can I book an appointment with a doctor performing Adolesent Medicine in?\",\"to book an appointment with top doctors performing Adolesent Medicine in Lahore. Or, you can also call at 0345-0435621 from 9AM to 11PM to book your appointment.\",\"What is the fee range of top doctors performing Adolesent Medicine in?\",\"The fee for top doctors performing Adolesent Medicine in Lahore ranges from 500 to 3000. You will pay at the reception when you visit the doctor.\",\"Are there any additional charges to book an appointment with doctors performing Adolesent Medicine in Lahore through?\",\"There are no additional charges when you book through.\"]','2020-06-30 05:34:10','2020-06-30 05:34:10'),(105,'1','[\"How can I book an appointment with a doctor performing Adolesent Medicine in?\",\"to book an appointment with top doctors performing Adolesent Medicine in Lahore. Or, you can also call at 0345-0435621 from 9AM to 11PM to book your appointment.\",\"What is the fee range of top doctors performing Adolesent Medicine in?\",\"The fee for top doctors performing Adolesent Medicine in Lahore ranges from 500 to 3000. You will pay at the reception when you visit the doctor.\",\"Are there any additional charges to book an appointment with doctors performing Adolesent Medicine in Lahore through ?\",\"There are no additional charges when you book through.\"]','2020-06-30 05:38:29','2020-06-30 05:38:29'),(106,'1','[\"How can I book an appointment with a doctor performing Adolesent Medicine in?\",\"to book an appointment with top doctors performing Adolesent Medicine in Lahore. Or, you can also call at 0345-0435621 from 9AM to 11PM to book your appointment.\",\"What is the fee range of top doctors performing Adolesent Medicine in?\",\"The fee for top doctors performing Adolesent Medicine in Lahore ranges from 500 to 3000. You will pay at the reception when you visit the doctor.\",\"Are there any additional charges to book an appointment with doctors performing Adolesent Medicine in Lahore through?\",\"There are no additional charges when you book through.\"]','2020-06-30 05:41:25','2020-06-30 05:41:25'),(107,'1','[\"How can I book an appointment with a Cardiothoracic Surgeon in?\",\"to book an appointment with a top Cardiothoracic Surgeon in Lahore. Or, you can also call at 0345-0435621 from 9AM to 11PM to book your appointment.\",\"What is the fee range of top Cardiothoracic Surgeon in?\",\"The fee for top Cardiothoracic Surgeon in Lahore ranges from 2500 to 2550. You will pay at the reception when you visit the doctor.\",\"Are there any additional charges to book an appointment with a Cardiothoracic Surgeon in Lahore through?\",\"There are no additional charges when you book through.\",\"What does a Cardiothoracic Surgeon do?\",\"A cardiothoracic operating surgeon is a medical doctor who focuses on surgical procedures of the heart, lungs, esophagus, and other organs within the chest. This includes surgeons who referred to as cardiac surgeons, cardiovascular surgeons, general thoracic surgeons, and congenital heart surgeons\"]','2020-06-30 05:44:33','2020-06-30 05:44:33'),(108,'1','[\"How can I book an appointment with a Cardiovascular Surgeon in?\",\"to book an appointment with a top Cardiovascular Surgeon in Lahore. Or, you can also call at 0345-0435621 from 9AM to 11PM to book your appointment.\",\"What is the fee range of top Cardiovascular Surgeon in?\",\"The fee for top Cardiovascular Surgeon in Lahore is 2550. You will pay at the reception when you visit the doctor.\",\"Are there any additional charges to book an appointment with a Cardiovascular Surgeon in Lahore through?\",\"There are no additional charges when you book through.\",\"What does a Cardiovascular Surgeon do?\",\"cardiovascular surgery\' or Heart surgery is an operation for repairing structural defects of the cardiovascular system Examples CABG, repair of congenital heart defects, varicose veins, aortic aneurysms, and ventricular remodeling.\"]','2020-06-30 05:46:41','2020-06-30 05:46:41'),(109,'1','[\"How can I book an appointment with a doctor performing Chemical Peel in?\",\"to book an appointment with top doctors performing Chemical Peel in Lahore. Or, you can also call at 0345-0435621 from 9AM to 11PM to book your appointment.\",\"What is the fee range of top doctors performing Chemical Peel in?\",\"The fee for top doctors performing Chemical Peel in Lahore ranges from 500 to 3500. You will pay at the reception when you visit the doctor.\",\"Are there any additional charges to book an appointment with doctors performing Chemical Peel in Lahore through?\",\"There are no additional charges when you book through.\"]','2020-06-30 05:49:06','2020-06-30 05:49:06'),(110,'1','[\"How can I book an appointment with a Pulmonologist in ?\",\"to book an appointment with a top Pulmonologist in Lahore. Or, you can also call at 0345-0435621 from 9AM to 11PM to book your appointment.\",\"What is the fee range of top Pulmonologist in?\",\"The fee for top Pulmonologist in Lahore ranges from 1500 to 3000. You will pay at the reception when you visit the doctor.\",\"Are there any additional charges to book an appointment with a Pulmonologist in Lahore through?\",\"There are no additional charges when you book through.\",\"What does a Pulmonologist do?\",\"Pulmonologists or Chest Specialists help Patients with various Respiratory and Lung related issues. Some of the conditions they treat include Asthma, Bronchial Asthma, Bronchitis, Chronic Bronchitis, Chronic Obstructive Pulmonary Diseases (COPD), Cystic Fibrosis, Emphysema, Hypoxia, Interstitial Lung Disease (ILD), Lung Cancer, Pneumonia, Sarcoidosis, Tuberculosis and Tuberous Sclerosis\"]','2020-06-30 05:52:23','2020-06-30 05:52:23'),(111,'1','[\"How can I book an appointment with a doctor performing Child And Adolescent Psychiatry in?\",\"to book an appointment with top doctors performing Child And Adolescent Psychiatry in Lahore. Or, you can also call at 0345-0435621 from 9AM to 11PM to book your appointment.\",\"What is the fee range of top doctors performing Child And Adolescent Psychiatry in?\",\"The fee for top doctors performing Child And Adolescent Psychiatry in Lahore ranges from 500 to 3000. You will pay at the reception when you visit the doctor\",\"Are there any additional charges to book an appointment with doctors performing Child And Adolescent Psychiatry in Lahore through?\",\"There are no additional charges when you book through.\"]','2020-06-30 05:54:33','2020-06-30 05:54:33'),(112,'1','[\"How can I book an appointment with a doctor performing Cancer Treatment in ?\",\"to book an appointment with top doctors performing Cancer Treatment in Lahore. Or, you can also call at 0345-0435621 from 9AM to 11PM to book your appointment.\",\"What is the fee range of top doctors performing Cancer Treatment in?\",\"The fee for top doctors performing Cancer Treatment in Lahore ranges from 2000 to 3000. You will pay at the reception when you visit the doctor.\",\"Are there any additional charges to book an appointment with doctors performing Cancer Treatment in Lahore through?\",\"There are no additional charges when you book through.\"]','2020-06-30 05:57:39','2020-06-30 05:57:39'),(113,'1','[\"How can I book an appointment with a doctor for Flu in?\",\"to book an appointment with top doctors for Flu in Lahore. Or, you can also call at 0345-0435621 from 9AM to 11PM to book your appointment.\",\"What is the fee range of top doctors for Flu in?\",\"The fee for top doctors for Flu in Lahore ranges from 500 to 3000. You will pay at the reception when you visit the doctor.\",\"Are there any additional charges to book an appointment with doctors for Flu in Lahore through?\",\"There are no additional charges when you book through.\",\"What is Flu?\",\"Influenza, commonly known as \'the flu\', is an infectious disease caused by an influenza virus.Symptoms can be mild to severe.The most common symptoms include: a high fever, runny nose, sore throat, muscle pains, headache, coughing, and feeling tired.\"]','2020-06-30 06:00:45','2020-06-30 06:00:45'),(114,'1','[\"How can I book an appointment with a doctor for Liver Disease in?\",\"to book an appointment with top doctors for Liver Disease in Lahore. Or, you can also call at 0345-0435621 from 9AM to 11PM to book your appointment.\",\"What is the fee range of top doctors for Liver Disease in?\",\"The fee for top doctors for Liver Disease in Lahore ranges from 2000 to 2550. You will pay at the reception when you visit the doctor.\",\"Are there any additional charges to book an appointment with doctors for Liver Disease in Lahore through?\",\"There are no additional charges when you book through.\"]','2020-06-30 06:03:09','2020-06-30 06:03:09'),(115,'1','[\"How can I book an appointment with a doctor performing Corona-Virus Treatment in?\",\"to book an appointment with top doctors performing Corona-Virus Treatment in Lahore. Or, you can also call at 0345-0435621 from 9AM to 11PM to book your appointment.\",\"What is the fee range of top doctors performing Corona-Virus Treatment in?\",\"The fee for top doctors performing Corona-Virus Treatment in Lahore ranges from 1000 to 3000. You will pay at the reception when you visit the doctor.\",\"Are there any additional charges to book an appointment with doctors performing Corona-Virus Treatment in Lahore through?\",\"There are no additional charges when you book through.\"]','2020-06-30 06:05:38','2020-06-30 06:05:38'),(116,'1','[\"How can I book an appointment with a doctor for Chicken Pox in?\",\"to book an appointment with top doctors for Chicken Pox in Lahore. Or, you can also call at 0345-0435621 from 9AM to 11PM to book your appointment.\",\"What is the fee range of top doctors for Chicken Pox in?\",\"The fee for top doctors for Chicken Pox in Lahore ranges from 500 to 3000. You will pay at the reception when you visit the doctor.\",\"Are there any additional charges to book an appointment with doctors for Chicken Pox in Lahore through?\",\"There are no additional charges when you book through.\",\"What is Chicken Pox?\",\"Chickenpox is a highly contagious disease caused by the initial infection with varicella zoster virus. The disease results in a characteristic skin rash that forms small, itchy blisters, which eventually scab over. It usually starts on the chest, back, and face then spreads to the rest of the body. Other symptoms may include fever, tiredness, and headaches.\"]','2020-06-30 06:08:34','2020-06-30 06:08:34'),(117,'1','[\"How can I book an appointment with a doctor for plague in\",\"to book an appointment with top doctors for plague Pox in Lahore. Or, you can also call at 0345-0435621 from 9AM to 11PM to book your appointment.\",\"What is the fee range of top doctors for plague  in\",\"The fee for top doctors for plague  in Lahore ranges from 500 to 3000. You will pay at the reception when you visit the doctor.\",\"Are there any additional charges to book an appointment with doctors for plague   in Lahore through ?\",\"There are no additional charges when you book through .\"]','2020-06-30 06:15:00','2020-06-30 06:15:00'),(118,'1','[\"How can I book an appointment with a doctor for Malaria in\",\"to book an appointment with top doctors for Malaria in Lahore. Or, you can also call at 0345-0435621  from 9AM to 11PM to book your appointment.\",\"What is the fee range of top doctors for Malaria  in Lahore?\",\"The fee for top doctors for Malaria in Lahore ranges from 500 to 3000. You will pay at the reception when you visit the doctor.\",\"Are there any additional charges to book an appointment with doctors for Malaria in Lahore through ?\",\"There are no additional charges when you book through .\"]','2020-06-30 06:18:05','2020-06-30 06:18:05'),(119,'0','[\"How can I book an appointment with a doctor for Cold And Influenza in ?\",\"to book an appointment with top doctors for Cold And Influenza in Lahore. Or, you can also call at 0345-0435621 from 9AM to 11PM to book your appointment.\",\"What is the fee range of top doctors for Cold And Influenza in?\",\"The fee for top doctors for Cold And Influenza in Lahore ranges from 500 to 3000. You will pay at the reception when you visit the doctor.\",\"Are there any additional charges to book an appointment with doctors for Cold And Influenza in Lahore through?\",\"There are no additional charges when you book through .\"]','2020-06-30 06:20:54','2020-07-01 12:19:36'),(120,'1','[\"How can I book an appointment with a doctor for Tuberculosis in?\",\"to book an appointment with top doctors for Tuberculosis in Lahore. Or, you can also call at 0345-0435621 from 9AM to 11PM to book your appointment.\",\"What is the fee range of top doctors for Tuberculosis in Lahore?\",\"The fee for top doctors for Tuberculosis in Lahore ranges from 1000 to 3000. You will pay at the reception when you visit the doctor.\",\"Are there any additional charges to book an appointment with doctors for Tuberculosis in Lahore through ?\",\"There are no additional charges when you book through .\",\"What is Tuberculosis?\",\"Tuberculosis (TB) is a potentially serious infectious disease that mainly affects your lungs. Signs and symptoms of active TB include, coughing that lasts three or more weeks, coughing up blood, chest pain, or pain with breathing or coughing, unintentional weight loss, fatigue, fever,night sweats, chills and loss of appetite.\"]','2020-06-30 06:23:17','2020-06-30 06:23:17'),(121,'1','[\"How can I book an appointment with a doctor for HIV in ?\",\"to book an appointment with top doctors for HIV in Lahore. Or, you can also call at 0345-0435621 from 9AM to 11PM to book your appointment.\",\"What is the fee range of top doctors for HIV in ?\",\"The fee for top doctors for HIV in Lahore ranges from 1000 to 3000. You will pay at the reception when you visit the doctor.\",\"Are there any additional charges to book an appointment with doctors for HIV in Lahore through ?\",\"There are no additional charges when you book through .\"]','2020-06-30 06:50:48','2020-06-30 06:50:48'),(122,'1','[\"How can I book an appointment with a doctor for Cholestasis in?\",\"to book an appointment with top doctors for Cholestasis in Lahore. Or, you can also call at 0345-0435621 from 9AM to 11PM to book your appointment.\",\"What is the fee range of top doctors for Cholestasis in ?\",\"The fee for top doctors for Cholestasis in Lahore ranges from 500 to 3000. You will pay at the reception when you visit the doctor.\",\"Are there any additional charges to book an appointment with doctors for Cholestasis in Lahore through ?\",\"Are there any additional charges to book an appointment with doctors for Cholestasis in Lahore through ?\"]','2020-06-30 06:59:09','2020-06-30 06:59:09'),(123,'1','[\"How can I book an appointment with a doctor for Pneumonia in ?\",\"to book an appointment with top doctors for Pneumonia in Lahore. Or, you can also call at 0345-0435621 from 9AM to 11PM to book your appointment.\",\"What is the fee range of top doctors for Pneumonia in ?\",\"The fee for top doctors for Pneumonia in Lahore ranges from 500 to 3000. You will pay at the reception when you visit the doctor.\",\"Are there any additional charges to book an appointment with doctors for Pneumonia in Lahore through ?\",\"Are there any additional charges to book an appointment with doctors for Pneumonia in Lahore through ?\",\"What is Pneumonia?\",\"Pneumonia is an infection in one or both lungs. It can be caused by bacteria, viruses, or fungi. Bacterial pneumonia is the most common type in adults. The most common symptoms of pneumonia include coughing, fever, sweating, chills, shortness of breath and chest pain.\"]','2020-06-30 07:01:55','2020-06-30 07:01:55'),(124,'1','[\"How can I book an appointment with a doctor for Rabies in\",\"to book an appointment with top doctors for Rabies in Lahore. Or, you can also call at 0345-0435621  from 9AM to 11PM to book your appointment.\",\"What is the fee range of top doctors for Rabies in\",\"The fee for top doctors for Rabies  in Lahore ranges from 500 to 3000. You will pay at the reception when you visit the doctor.\",\"Are there any additional charges to book an appointment with doctors for Rabies  in Lahore through ?\",\"There are no additional charges when you book through .\"]','2020-06-30 07:07:06','2020-06-30 07:07:06'),(125,'1','[\"How can I book an appointment with a doctor for Eating Problems In Children in ?\",\"to book an appointment with top doctors for Eating Problems In Children in Lahore. Or, you can also call at 0345-0435621 from 9AM to 11PM to book your appointment.\",\"What is the fee range of top doctors for Eating Problems In Children in ?\",\"The fee for top doctors for Eating Problems In Children in Lahore ranges from 500 to 3000. You will pay at the reception when you visit the doctor.\",\"Are there any additional charges to book an appointment with doctors for Eating Problems In Children in Lahore through ?\",\"There are no additional charges when you book through .\",\"What is Eating Problems In Children?\",\"Eating problems in children include, among others, selective eating (eating a narrow range of foods), food phobia (including fears around swallowing, different textures and being sick), childhood-onset anorexia nervosa and bulimia nervosa and pervasive refusal syndrome (where children may refuse to walk, talk, eat, drink or take care of themselves in any way).\"]','2020-06-30 07:10:13','2020-06-30 07:10:13'),(126,'1','[\"How can I book an appointment with a doctor for Gall Bladder Cancer in ?\",\"to book an appointment with top doctors for Gall Bladder Cancer in Lahore. Or, you can also call at 0345-0435621 from 9AM to 11PM to book your appointment.\",\"What is the fee range of top doctors for Gall Bladder Cancer in ?\",\"The fee for top doctors for Gall Bladder Cancer in Lahore ranges from 1500 to 3000. You will pay at the reception when you visit the doctor.\",\"Are there any additional charges to book an appointment with doctors for Gall Bladder Cancer in Lahore through ?\",\"There are no additional charges when you book through .\"]','2020-06-30 07:12:28','2020-06-30 07:12:28'),(127,'1','[\"How can I book an appointment with a doctor performing Bone Cancer Treatment in ?\",\"to book an appointment with top doctors performing Bone Cancer Treatment in Lahore. Or, you can also call at 0345-0435621 from 9AM to 11PM to book your appointment.\",\"What is the fee range of top doctors performing Bone Cancer Treatment in ?\",\"The fee for top doctors performing Bone Cancer Treatment in Lahore ranges from 2000 to 3000. You will pay at the reception when you visit the doctor.\",\"Are there any additional charges to book an appointment with doctors performing Bone Cancer Treatment in Lahore through ?\",\"There are no additional charges when you book through .\"]','2020-06-30 07:14:17','2020-06-30 07:14:17'),(128,'1','[\"How can I book an appointment with a doctor for Abdominal Pain in ?\",\"to book an appointment with top doctors for Abdominal Pain in Lahore. Or, you can also call at 0345-0435621 from 9AM to 11PM to book your appointment.\",\"What is the fee range of top doctors for Abdominal Pain in ?\",\"The fee for top doctors for Abdominal Pain in Lahore ranges from 500 to 3000. You will pay at the reception when you visit the doctor.\",\"Are there any additional charges to book an appointment with doctors for Abdominal Pain in Lahore through ?\",\"There are no additional charges when you book through .\",\"What is Abdominal Pain?\",\"Abdominal pain is common and often minor. Severe abdominal pain must be attended to swiftly. People who are very old or very young and those human immunodeficiency virus (HIV) infection or are taking drugs that suppress the immune system are affected.\"]','2020-06-30 07:16:05','2020-06-30 07:16:05'),(129,'1','[\"How can I book an appointment with a doctor for Arm Artery Disease in ?\",\"to book an appointment with top doctors for Arm Artery Disease in Lahore. Or, you can also call at 0345-0435621 from 9AM to 11PM to book your appointment.\",\"What is the fee range of top doctors for Arm Artery Disease in ?\",\"The fee for top doctors for Arm Artery Disease in Lahore ranges from 2000 to 2550. You will pay at the reception when you visit the doctor.\",\"Are there any additional charges to book an appointment with doctors for Arm Artery Disease in Lahore through ?\",\"There are no additional charges when you book through .\"]','2020-06-30 07:18:04','2020-06-30 07:18:04'),(130,'1','[\"How can I book an appointment with a doctor for Back Pain in ?\",\"to book an appointment with top doctors for Back Pain in Lahore. Or, you can also call at 0345-0435621 from 9AM to 11PM to book your appointment.\",\"What is the fee range of top doctors for Back Pain in Lahore?\",\"The fee for top doctors for Back Pain in Lahore ranges from 500 to 3500. You will pay at the reception when you visit the doctor.\",\"Are there any additional charges to book an appointment with doctors for Back Pain in Lahore through ?\",\"There are no additional charges when you book through .\"]','2020-06-30 07:21:16','2020-06-30 07:21:16'),(131,'1','[\"How can I book an appointment with a doctor performing Foreign Body Impaction in ?\",\"to book an appointment with top doctors performing Foreign Body Impaction in Lahore. Or, you can also call at 0345-0435621 from 9AM to 11PM to book your appointment.\",\"What is the fee range of top doctors performing Foreign Body Impaction in ?\",\"The fee for top doctors performing Foreign Body Impaction in Lahore ranges from 500 to 3000. You will pay at the reception when you visit the doctor.\",\"Are there any additional charges to book an appointment with doctors performing Foreign Body Impaction in Lahore through ?\",\"There are no additional charges when you book through .\"]','2020-06-30 07:23:02','2020-06-30 07:23:02'),(132,'1','[\"How can I book an appointment with a doctor performing Breast Cancer Treatment in ?\",\"to book an appointment with top doctors performing Breast Cancer Treatment in Lahore. Or, you can also call at 0345-0435621 from 9AM to 11PM to book your appointment.\",\"What is the fee range of top doctors performing Breast Cancer Treatment in ?\",\"The fee for top doctors performing Breast Cancer Treatment in Lahore ranges from 2000 to 3000. You will pay at the reception when you visit the doctor.\",\"Are there any additional charges to book an appointment with doctors performing Breast Cancer Treatment in Lahore through ?\",\"There are no additional charges when you book through `.\"]','2020-06-30 07:25:29','2020-06-30 07:25:29'),(133,'1','[\"How can I book an appointment with a doctor performing Beating Heart Surgery in ?\",\"to book an appointment with top doctors performing Beating Heart Surgery in Lahore. Or, you can also call at 0345-0435621 from 9AM to 11PM to book your appointment\",\"What is the fee range of top doctors performing Beating Heart Surgery in ?\",\"The fee for top doctors performing Beating Heart Surgery in Lahore ranges from 800 to 3000. You will pay at the reception when you visit the doctor.\",\"Are there any additional charges to book an appointment with doctors performing Beating Heart Surgery in Lahore through ?\",\"There are no additional charges when you book through .\"]','2020-06-30 07:27:37','2020-06-30 07:27:37'),(134,'1','[\"How can I book an appointment with a Pulmonologist in ?\",\"to book an appointment with a top Pulmonologist in Lahore. Or, you can also call at 0345-0435621 from 9AM to 11PM to book your appointment.\",\"What is the fee range of top Pulmonologist in ?\",\"The fee for top Pulmonologist in Lahore ranges from 1500 to 3000. You will pay at the reception when you visit the doctor.\",\"Are there any additional charges to book an appointment with a Pulmonologist in Lahore through ?\",\"There are no additional charges when you book through .\",\"What does a Pulmonologist do?\",\"Pulmonologists or Chest Specialists help Patients with various Respiratory and Lung related issues. Some of the conditions they treat include Asthma, Bronchial Asthma, Bronchitis, Chronic Bronchitis,\"]','2020-06-30 07:30:11','2020-06-30 07:30:11'),(135,'1','[\"How can I book an appointment with a doctor for Congestive Heart Failure (Ineffective Heart Muscle) in ?\",\"to book an appointment with top doctors for Congestive Heart Failure (Ineffective Heart Muscle) in Lahore. Or, you can also call at 0345-0435621 from 9AM to 11PM to book your appointment.\",\"What is the fee range of top doctors for Congestive Heart Failure (Ineffective Heart Muscle) in ?\",\"The fee for top doctors for Congestive Heart Failure (Ineffective Heart Muscle) in Lahore ranges from 2500 to 2550. You will pay at the reception when you visit the doctor.\",\"Are there any additional charges to book an appointment with doctors for Congestive Heart Failure (Ineffective Heart Muscle) in Lahore through ?\",\"There are no additional charges when you book through .\"]','2020-06-30 07:34:12','2020-06-30 07:34:12'),(136,'1','[\"How can I book an appointment with a doctor for Cough in ?\",\"to book an appointment with top doctors for Cough in Lahore. Or, you can also call at 0345-0435621 from 9AM to 11PM to book your appointment.\",\"What is the fee range of top doctors for Cough in ?\",\"The fee for top doctors for Cough in Lahore ranges from 500 to 3000. You will pay at the reception when you visit the doctor.\",\"Are there any additional charges to book an appointment with doctors for Cough in Lahore through ?\",\"There are no additional charges when you book through .\",\"What is Cough?\",\"A cough is a reflex action to clear your airways of mucus and irritants such as dust or smoke. It\'s rarely a sign of anything serious. A \'dry cough\' means it\'s tickly and doesn\'t produce any phlegm (thick mucus). A \'chesty cough\' means phlegm is produced to help clear your airways.\"]','2020-06-30 07:38:12','2020-06-30 07:38:12'),(137,'1','[\"How can I book an appointment with a doctor for Diarrhea in ?\",\"to book an appointment with top doctors for Diarrhea in Lahore. Or, you can also call at 0345-0435621 from 9AM to 11PM to book your appointment.\",\"What is the fee range of top doctors for Diarrhea in ?\",\"The fee for top doctors for Diarrhea in Lahore ranges from 500 to 4000. You will pay at the reception when you visit the doctor.\",\"Are there any additional charges to book an appointment with doctors for Diarrhea in Lahore through ?\",\"There are no additional charges when you book through .\",\"What is Diarrhea?\",\"Diarrhea is an increase in the frequency of bowel movements, an increase in the looseness of stool or both. Symptoms associated with diarrhea include abdominal pain, especially cramping. Other symptoms depend on the cause of the diarrhea. Complications of diarrhea include dehydration, electrolyte (mineral) abnormalities, and irritation of the anus.\"]','2020-06-30 07:40:14','2020-06-30 07:40:14'),(138,'1','[\"How can I book an appointment with a doctor for Ear Pain in ?\",\"to book an appointment with top doctors for Ear Pain in Lahore. Or, you can also call at 0345-0435621 from 9AM to 11PM to book your appointment.\",\"What is the fee range of top doctors for Ear Pain in ?\",\"The fee for top doctors for Ear Pain in Lahore ranges from 500 to 3000. You will pay at the reception when you visit the doctor.\",\"Are there any additional charges to book an appointment with doctors for Ear Pain in Lahore through ?\",\"There are no additional charges when you book through .\",\"What is Ear Pain?\",\"Ear pain is caused by a minor infection. It is marked by a sharp, burning, recurring pain that can affect both or one of your ears. Notable symptoms include fever, jaw pain, ringing in the ears, vomittng, sore throat, ear swelling and fluid discharge from the ear.\"]','2020-06-30 07:42:39','2020-06-30 07:42:39'),(139,'1','[\"How can I book an appointment with a doctor performing Excimer Laser in ?\",\"to book an appointment with top doctors performing Excimer Laser in Lahore. Or, you can also call at 0345-0435621 from 9AM to 11PM to book your appointment\",\"What is the fee range of top doctors performing Excimer Laser in ?\",\"The fee for top doctors performing Excimer Laser in Lahore ranges from 1000 to 3000. You will pay at the reception when you visit the doctor.\",\"Are there any additional charges to book an appointment with doctors performing Excimer Laser in Lahore through ?\",\"There are no additional charges when you book through .\"]','2020-06-30 07:44:29','2020-06-30 07:44:29'),(140,'1','[\"What is the fee range of doctors in The Fitness Lounge ,\",\"The fee for doctors in The Fitness Lounge , Khayban-E-Jinnah Lahore is 2500. You will pay at the reception when you visit the doctor.\",\"Which specialists are available at The Fitness Lounge ,\",\"You can book appointment with following specialists in The Fitness Lounge :  Dietitian in The Fitness Lounge Nutritionist in The Fitness Lounge\"]','2020-06-30 07:47:14','2020-06-30 07:47:14'),(141,'1','[\"How can I book an appointment with a doctor for Fatigue in ?\",\"to book an appointment with top doctors for Fatigue in Lahore. Or, you can also call at 0345-0435621 from 9AM to 11PM to book your appointment.\",\"What is the fee range of top doctors for Fatigue in ?\",\"The fee for top doctors for Fatigue in Lahore ranges from 500 to 3000. You will pay at the reception when you visit the doctor.\",\"Are there any additional charges to book an appointment with doctors for Fatigue in Lahore through ?\",\"Are there any additional charges to book an appointment with doctors for Fatigue in Lahore through ?\",\"What is Fatigue?\",\"Fatigue is a subjective feeling of tiredness which is distinct from weakness, and has a gradual onset. Unlike weakness, fatigue can be alleviated by periods of rest. Fatigue can have physical or mental causes.\"]','2020-06-30 07:49:14','2020-06-30 07:49:14'),(142,'1','[\"How can I book an appointment with a doctor for Fever in ?\",\"to book an appointment with top doctors for Fever in Lahore. Or, you can also call at 0345-0435621 from 9AM to 11PM to book your appointment\",\"What is the fee range of top doctors for Fever in ?\",\"The fee for top doctors for Fever in Lahore ranges from 500 to 3000. You will pay at the reception when you visit the doctor.\",\"Are there any additional charges to book an appointment with doctors for Fever in Lahore through ?\",\"There are no additional charges when you book through .\",\"What is Fever?\",\"Although a fever could be considered any body temperature above the normal 98.6 F (37 C), medically, a person is not considered to have a significant fever until the temperature is above 100.4 F (38.0 C). Most fever is beneficial, causes no problems, and helps the body fight off infections.\"]','2020-06-30 07:52:12','2020-06-30 07:52:12'),(143,'1','[\"How can I book an appointment with a doctor for Gas in ?\",\"to book an appointment with top doctors for Gas in Lahore. Or, you can also call at 0345-0435621 from 9AM to 11PM to book your appointment.\",\"What is the fee range of top doctors for Gas in ?\",\"The fee for top doctors for Gas in Lahore ranges from 500 to 3000. You will pay at the reception when you visit the doctor.\",\"Are there any additional charges to book an appointment with doctors for Gas in Lahore through ?\",\"There are no additional charges when you book through .\",\"What is Gas?\",\"The complaint referred to as \'intestinal gas\' is a common one and the discomfort can be quite significant. Everyone has gas and eliminates it by burping or passing it through the rectum. Most people produce 1 to 3 pints of intestinal gas in 24 hours and pass gas an average of 14 times a day\"]','2020-06-30 07:54:35','2020-06-30 07:54:35'),(144,'1','[\"How can I book an appointment with a doctor for Headaches in ?\",\"to book an appointment with top doctors for Headaches in Lahore. Or, you can also call at 0345-0435621 from 9AM to 11PM to book your appointment.\",\"How can I book an appointment with a doctor for Headaches in ?\",\"The fee for top doctors for Headaches in Lahore ranges from 1000 to 3000. You will pay at the reception when you visit the doctor.\",\"Are there any additional charges to book an appointment with doctors for Headaches in Lahore through ?\",\"There are no additional charges when you book through .\"]','2020-06-30 11:06:45','2020-06-30 11:06:45'),(145,'1','[\"How can I book an appointment with a doctor for Nausea in ?\",\"to book an appointment with top doctors for Nausea in Lahore. Or, you can also call at 0345-0435621 from 9AM to 11PM to book your appointment.\",\"What is the fee range of top doctors for Nausea in ?\",\"The fee for top doctors for Nausea in Lahore ranges from 500 to 3000. You will pay at the reception when you visit the doctor.\",\"Are there any additional charges to book an appointment with doctors for Nausea in Lahore through ?\",\"There are no additional charges when you book through .\",\"What is Nausea?\",\"Nausea is a sensation of unease and discomfort in the upper stomach with an involuntary urge to vomit. It may precede vomiting, but a person can have nausea without vomiting. When prolonged, it is a debilitating symptom. Nausea is a non-specific symptom, which means that it has many possible causes.\"]','2020-06-30 11:08:58','2020-06-30 11:08:58'),(146,'1','[\"What is glaucoma?\",\"Well, glaucoma is a neurological disease of the eye. In simple Urdu, it is referred to as \\u201ckaala motia\\u201d. The problem with glaucoma is that it damages the optic nerve and certain layers of the retina. And the issue that this damage caused to the retina is irreversible. And the second issue is that primary open-ended glaucoma which is the most common form of glaucoma that we see in our practice.\",\"What are the early signs of glaucoma?\",\"Primary, open-angle glaucoma doesn\\u2019t have any open symptoms or signs. Advanced cases of primary glaucoma do give visual field defects and decreased vision. At that point, the patient usually comes to us with these symptoms.\",\"What happens if you have undiagnosed glaucoma?\",\"So, if a patient has glaucoma and it goes undiagnosed for a while, then slowly and steadily the optic nerve tend to gets damaged and cause permanent deterioration of the eye ranging from 6\\/60 to even perception of light negative. This vision cannot be recovered even if the pressure, later on, is controlled by medication or surgery. So, most patients usually don\\u2019t come to us with any symptoms of glaucoma.\"]','2020-06-30 11:15:09','2020-06-30 11:15:09'),(147,'1','[\"Why do we get facial scars?\",\"Well, facial scars can have many causes. Normally, the main reason for facial scarring is melasma and acne. Moreover, causes of facial scars can be accidental as well that includes injuries and burns.\",\"How can I prevent scarring on my face?\",\"If you have God forbid burned yourself, then get rid as far as possible from that place. After that, you must pour hot water over that area. People wrongly believe that pouring water is a bad idea. However, it is medically proven that pouring cold or cooled water over burns is the most effective at-home and emergency measure to treat burns.\",\"How do you remove burn scars from the face?\",\"Well, there are many treatments available to treat burn scars. Some victims are given medication, creams that treat both the bumpy texture of the burn and the colour of the scar.  The second level of treatment is silicon sheets that treat the intensity and severity of the burn. The last level of the treatment is surgery that only a board-certified plastic surgeon can do.\"]','2020-06-30 12:01:14','2020-06-30 12:01:14'),(148,'1','[\"What are the common gynaecological problems of women in Pakistan?\",\"Women have a multitude of gyne problems, ranging from anaemia, nutritional deficiencies, menstrual irregularities and PCOS. PCOS refers to the polycystic ovarian syndrome. Its called a syndrome because it\\u2019s a multitude of diseases. We call PCOS a metabolic disorder as it doesn\\u2019t just affect the reproductive system but also disrupts your cholesterol levels, insulin levels and hormonal levels.\",\"What are the causes of irregular periods?\",\"Well, the time of menstruation, whether late or early is inherited via the mother\\u2019s own menstruation cycle. However, if the periods are unusually early (before 9 years of age) or late, then they should definitely consult a gynecologist.  I would also like to reiterate the importance of a healthy diet and lifestyle in the balanced hormonal makeup of a woman. A sedentary lifestyle with unhealthy food habits can push you closer to PCOS or other hormonal or menstrual irregularities.\",\"What is antenatal care in Pregnancy?\",\"According to the World Health Organisation, a woman who is pregnant must be taken to the hospital at least 5 times during her pregnancy. This is really important to ensure that the pregnancy is taking a normal route.\"]','2020-06-30 12:02:19','2020-06-30 12:02:19'),(149,'1','[\"Why do 90% of people have dandruff these days?\",\"Well, dandruff is especially common in winters; this is caused by a number of factors. Hygiene is crucial in this matter, not washing out shampoo properly or covering hair by dirty hats or shawls causes sebum to accumulate on the scalp. Hot showers also significantly contribute to patches of dandruff on the scalp\",\"What causes diffused thinning of hair?\",\"Well, it happens when the normal growth phase of the hair cycle gets disturbed, causing a large amount of hair to fall in a short period of time. Diffused thinning of hair is also common among women going through post-partum. Deficiency of nutrients is the common cause.\",\"What causes Alopecia Areata?\",\"Alopecia Areata is an auto-immune disease, directly related to the body\\u2019s immune system. This is caused by an increasing amount of stress, anxiety, disturbed sleeping pattern or consuming heavy medications. This disease affects people of all age group, causing hairless patches even on parts of the body such as eyebrows, moustache etcetera. Timely diagnosis of this condition can help manage this disease.\"]','2020-06-30 12:03:38','2020-06-30 12:03:38'),(150,'1','[\"What is Hernia and what are its types?\",\"Hernia is a defect; it\\u2019s increasingly common among males and females in today\\u2019s age. It occurs when abdominal fat gets stuck in the muscles, in extremely serious cases it can even cause intestines to rupture. There are several factors that can contribute to hernia.  Strenuous physical activities from an early age, multiple pregnancies for women or short intervals between pregnancies, general weakness of muscles due to lack of exercise are common causes.\",null,null,\"What are the risk factors of Hernia?\",\"The most paramount factor with this regard is obesity; it weakens the muscles. In older ages, chronic respiratory diseases such as constipation or persistent bad cough can cause increased pressure in the groin. This pressure eventually weakens the abdominal wall, leading to Hernia. In children, Hernia is usually caused by defects at the time of birth which the body usually heals itself over time.\",\"What are common symptoms of Hernia?\",\"Patients usually complain of a bulge because it is cosmetically new for them. If there is the fat content in the bulge, it can be extremely painful and in extreme cases, it can even cause intestinal obstruction leading to vomiting and pain. In such cases, immediate attention is necessary otherwise intestines can even be ruptured.  Exercise routines are advised to help prevent Hernia; especially pregnant women are advised to tone muscles before and after delivery. I strongly encourage expectant mothers to adopt an exercise regime.\"]','2020-06-30 12:04:57','2020-06-30 12:04:57'),(151,'1','[\"What is the difference between Rheumatologist and Orthopedic Surgeon?\",\"In Pakistan, the lines of distinction between rheumatologist and orthopedic surgeons have been blurred for ages resulting in an incorrect diagnosis. The most basic difference is that orthopedics are surgeons, whereas rheumatologists are physicians Most have been differently trained to make diagnosis in each of their respective fields.  Rheumatologists are skilled in diagnosing different types of arthritis, connective tissue diseases, and muscle diseases etcetera.\",\"What is Gout?\",\"When the level of uric acid goes higher than the normal, it begins to show up from the swelling and pain in foot and ankle. When this happens, we send liquid from the joints to the lab for testing and further analysis. Some of these joints are septic and may lead to arthritis; the patient is likely to suffer pain and fever at this stage. Timely diagnosis is important.\",\"What is the importance of uric acid and how is it treated?\",\"High levels of uric acid are unfortunately very common in Pakistan. The elements that are not required by the body are usually filtered out by kidneys in a healthy person, when kidneys fail to do so it forms uric acid. This can cause swelling of joints coupled with pain and discomfort. It is pertinent to first properly diagnose gout and then treat it for efficient results. Different treatments are prescribed depending on the levels of gout.\",\"What are auto-immune diseases?\",\"Auto-immune diseases are caused when the natural system of the body is disturbed. The body begins to produce auto-antibodies that destroy different organs of the body. Commonly diagnosed auto-immune disease among young women is Lupus. The number of anti-bodies becomes extremely high in this case; the diagnosis is made on the premise of the number of anti-bodies. These diseases affect the muscles by rapidly destroying them; therefore, I strongly recommend a timely diagnosis.\"]','2020-06-30 12:06:18','2020-06-30 12:06:18'),(152,'1','[\"What is the difference between dermatology and aesthetics?\",\"Dermatology is concerned with skin, hair and nails. They basically cover you from toe to scalp, it involves any kind of disease and infections affecting skin, hair or nails. Aesthetics are concerned with beautification of the body or face, for example, if you have fine lines on your face that you would like to be removed, you will consult an aesthetician.  Procedures for younger-looking skin like botox, fillers, PRP and laser treatments are forte of aestheticians. Issues that cannot be covered with aesthetics are overcome with the help of dermatologists\",\"What are the main causes of hair fall?\",\"Hair fall is frequent all over the world; the question of importance is why? Hair enhances the beauty of the body. Hair fall has a number of causes, illnesses, any fever, for example, typhoid or malaria weakens the body\\u2019s immunity. Weakened immunity results in hair loss, any fever that affects the body for more than a week causes hair loss and overall weakness.  Diets deficient in protein and nutrients contribute significantly to hair loss. Moreover, hair treatments like dyes, keratin and straightening weaken the hair and eventually result in hair loss.\",\"What are some advanced treatments available in Pakistan to prevent hair fall?\",\"Initially, medications are prescribed to the patient are they are asked to improve their diet. This is aimed at overcoming the deficiency of proteins and nutrients in the body. If a disease has been identified as the cause, it is eliminated. Immunity is strengthened, the patient stays on medication trial for the first 3-4 months and most recover, in case the patient experiences no change, treatments like PRP are performed.\",\"Are home remedies for hair fall effective?\",\"Hair remedies are not detrimental to the health of the hair, for example applying egg provides hair with nourishment and protein. Onion water helps to stimulate hair follicles, which results in healthy hair. Home remedies are generally helpful, but unless the root cause is not identified, these remedies do not work. The root cause can only be detected by a dermatologist.\"]','2020-06-30 12:09:27','2020-06-30 12:09:27'),(153,'1','[\"What are the main causes of excessive facial hair?\",\"There are two primary causes faced by a number of females: PCOS and osteopathic medicine. Then there are risk factors involved as well, this includes tumours, cushion syndrome and geographical distribution. People from Asia generally have dense facial hair due to their ethnicity and age. Genetics also play a key role here, and less commonly, problems like obesity are also known to cause thick facial hair.\",\"Is laser hair removal the best treatment for removing facial hair?\",\"Some people usually have a normal fuzz of hair on their faces but if it grows thick and grows quick, a scientific approach should be adopted. First step when a patient comes for consultation is examination; underlying cause is identified through medical history and hormonal testing. Once the cause is detected, it becomes pertinent to eliminate the problem from its root. Then treatment is opted before laser treatment usually hormonal imbalance is eliminated through oral contraceptives, creams and medications. Then procedures are performed through different tools.\",\"Can laser remove facial hair permanently?\",\"Well, permanent removal depends from patient to patient. The result of laser hair removal varies according to the type and growth of hair each patient has. It is a process aimed at long term reduction of hair, the maximum number of hair is eliminated, but naturally, sometimes a bit of fuzz remains.\",\"What are the side effects of laser hair removal on face, if any?\",\"Naturally, side effects depend on the equipment used in the procedure. If the gadgets and tools are good quality and the operator undertakes the procedure with skill, then there are no problems. Since Asians have more pigment in their skin, it is important to use to the correct wavelength. If the operator uses correct wavelength and procedure depending on the skin of the patient, no side effects occur.\"]','2020-06-30 12:10:42','2020-06-30 12:10:42'),(154,'1','[\"What is cataract surgery?\",\"Basically, the lens of the eye is supposed to be transparent for optimum vision. A cataract causes the lens to get foggy, a white layer can be observed around the lens. This makes it difficult to see properly, it can increase the amount of glare around lights and this affects a patients day to day activities, for example driving becomes extremely difficult.\",\"How is cataract surgery performed?\",\"Due to advancements in the medical field, the surgery is performed through laser. Early diagnosis is important because otherwise, the cataract can turn black and even cause permanent blindness. Therefore, we recommend the patients to consult an eye specialist at the earliest if they experience foggy eyesight or any of the other symptoms.\",\"What is the diagnosis for cataract surgery?\",\"A proper examination of the patient is done and other factors are taken into account, for examples if the patient is diabetic then variations are made to the surgery procedure. The most important symptom is bad eyesight, not being able to drive at night due to enhanced glare of lights etcetera.\",\"What are the side effects of cataract surgery?\",\"Like I said before, advancements in the medical field ensure minimal side effects compared to conventional surgeries which even included stitches in the eye. In the case of cataract surgery, not even general anaesthesia is administered, the eye is made numb with the help of tropical drops and the procedure is performed.  In rare cases, this surgery can cause redness in the eyes, discharge, dry eyes and very rarely the lens does not stay in its place. Infection rate is also very less if proper precautions are taken these side effects can be managed.\"]','2020-06-30 12:11:51','2020-06-30 12:11:51'),(155,'1','[\"What types of services do you offer?\",\"We deal with different kinds of patients; we provide outdoor and indoor facilities as well. Some patients willfully come to us while others are forcefully admitted by their friends and family, this is referred to as crisis intervention. For example, patients suffering from addiction to drugs like cocaine and ganja are forced by their families to seek therapy to live a normal life. Patients are kept for different time periods depending on the severity of their condition, they can be kept anywhere from two to twelve weeks.\",\"Tell us a little about epilepsy?\",\"Being a third world country and suffering from plagues such as poverty and overpopulation, there are a lot of misconceptions about epilepsy. The number of epilepsy patients is further increased by cousin marriages because this disease is carried in the genes.\",\"What happens after Epilepsy?\",\"The patient suffers from physical and mental disabilities which hampers their day to day activities. Side effects of epilepsy cannot be treated alone by hospitals, initially, the patient suffers turning of hands and feet and this gradually leads to mental retardation. 80% of epilepsy patients suffer from mental retardation, our team works to return these patients to a state of normalcy.\",\"What is the best way to treat depression?\",\"Depression is caused by a chemical imbalance in the brain, it is, therefore, important to manage it with medication and other support mechanisms such as therapy and counselling. A combination of treatments is used to return the patient to a normal state. Therefore, a psychiatric intervention must be made timely.\"]','2020-06-30 12:13:15','2020-06-30 12:13:15'),(156,'1','[\"What happens if cataracts are left untreated?\",\"Treatment for cataracts is very simple but if it is unnecessarily delayed, it can cause complications. It can lead to the cataract becoming black and eventually leading to complete blindness. In case the cataract becomes too heavy, it can even fall in the eye and cause complications during the operation.  Delaying treatments also increase the chances of risk factors. Many patients are afraid of going through an operation and deal with it hesitantly, but it in their best interest to do so\",\"Can cataract be cured without surgery?\",\"Unfortunately not yet, the only treatment available is an operation which is very simple. The entire procedure takes up to 20-25 minutes, the patient is awake during this surgery and experiences no pain. Thankfully, due to recent developments in the medical field, the surgery results in 99.9% success rate.\",\"Do cataracts grow back?\",\"Once it has been operated, cataracts do not grow back. Patients need not worry, very rarely patients eyesight might get weaker after the surgery. Laser treatment is recommended to counter this.\",\"What is the average age of patients suffering from cataracts?\",\"Cataracts usually affect people above the age of 45, very rarely it can occur in youngsters and even children. It can be a birth defect as well, if the child is born with a cataract it must be immediately operated to restore the child\\u2019s eyesight otherwise, matters get worse and sometimes child faces permanent weakness of eyesight.  In youngsters, cataracts are usually a side effect that occurs due to the onset of other diseases for example eye diseases and diseases of the body such as diabetes may even cause cataracts.\"]','2020-06-30 12:14:39','2020-06-30 12:14:39'),(157,'1','[\"What is proctology?\",\"Proctology is concerned with diseases of colon, rectum or the anus. The most frequently diagnosed condition is anal fissure, leading to pain and bleeding during bowel movements. Moreover, irritable bowel syndrome and inflammatory bowel diseases are frequently diagnosed proctological diseases in Pakistan.  These diseases greatly hamper patients\\u2019 day to day activities and can greatly affect their quality of life. The most important factor in the case of proctological diseases is an early diagnosis.\",\"What are hemorrhoids and how to treat them?\",\"Hemorrhoids are more commonly known as piles, this causes veins in the rectum and anus to swell. When the walls of these veins are stretched during bowel movements, they become irritated and cause extreme pain.  Small hemorrhoids may clear up without medical attention but large external hemorrhoids are treated with surgical and non-surgical methods such as injections and medications.\",\"What are anal fissures?\",\"This is one of the most frequently asked questions; it is basically a tear in the tissue that lines the anus. Anal fissures are very common in children but can occur in results as well, it is characterized by pain and even bleeding in severe cases when one passes stool. Anal fissures can be prevented by adopting a fiber rich diet and incorporating more water in your diet.\",\"What is anal fistula?\",\"Anal fistula occurs when an infection tunnel forms between the skin and muscular opening at the opening of the anus. These are triggered by infections in the anal glands, earlier symptoms of anal fistula includes foul smell from the vagina, recurrent vaginal or urinary tract infection, irritation or pain in the vulva etcetera.  Tests, CT scan and an MRI can also be done to detect an anal fistula; in most cases, surgery is performed to eliminate the issue.\"]','2020-06-30 12:16:07','2020-06-30 12:16:07'),(158,'1','[\"What is cerebral palsy?\",\"Cerebral palsy relates to a variety of physical disabilities produced as a result of injury to the brain. This can occur in pre-natal, perinatal and postnatal stages of a child\\u2019s life, initial 2-3 years of the baby\\u2019s life determine cerebral palsy, during this stage any injury, trauma or disease which affects the brain can cause cerebral palsy.   As a result of these complications, the child suffer from different kinds of disabilities, for example, monoplegia condition affects only one hand, hemiplegic, affects one side of the body, diplegic makes both legs extremely weak and paraplegic, this is an extreme case where the child is unable to support his\\/her body\",\"What are the causes of cerebral palsy?\",\"Cerebral palsy can occur during the prenatal gestation period in the womb due to neuromuscular inherited diseases, or if the mother is alcoholic, and also in cases of placental rupture. This condition can also develop in the perinatal phase, from birth to the initial first few weeks due to difficult labour, cord around the neck or any other trauma. Postnatal cause includes accidents and traumas of any sort.\",\"What are the signs of cerebral palsy in a baby?\",\"These children do not develop at a normal late, all their development milestones, for example, eye coordination or being able to respond to sounds is late. All movements of the baby are late, the signs depend on the extent of brain damage.\",\"Can a child with cerebral palsy live a normal life?\",\"Yes, orthopedic surgeons work to perform rehabilitative surgeries that help counter the disability. The aim is to correct the deformities, and the joints, muscles and bones affected by this condition. The non-working muscles are replaced from working ones within the body, joint fusion is performed to stabilize the joints.  Physiotherapy is done and the child is provided with supportive braces. These treatments enable the child to lead a normal life.\"]','2020-06-30 12:17:26','2020-06-30 12:17:26'),(159,'1','[\"What is the most common cause of dyspnea?\",\"One of the most common causes observed in multiple cases of dyspnea is interstitial lung cancer-causing unexplained shortness of breath. The lungs get scarred resulting in fibrosis. Acute dyspnea can also occur due to asthma, anxiety, pneumonia, anemia and allergic reactions.   It is extremely difficult to diagnose it in normal tests, but developments have been introduced in the past 5 years.   Moreover, risk factors such as smoking, environmental triggers like chemical fumes, obesity, and strenuous exercise regimes should be avoided.\",\"At what stage should the patient consult a doctor for shortness of breath?\",\"If a patient experiences consistent breathing difficulties, even after general diagnosis they should consult a specialist. Consultation is also recommended in cases of faintness and extreme weakness during exertion for example during gym or playing a sport, sudden onset of dyspnea, loss of ability to function properly due to shortness of breath, and persistent chest pain.   If the patient experiences lower oxygen levels due to an unexplained cause, consultation is strongly advised.\",\"What test should be done for dyspnea?\",\"There are several different tests; in initial stages of consultation, a detailed physical examination is done. Patients sometimes have an already existing chest x-ray or an echo test which is helpful in dyspnea diagnosis. CT scan, pulmonary tests, general analysis of signs and symptoms is done by a specialist as well. An ECG (electrocardiogram) may be also done to show any signs of a heart attack or complications related to the heart.\"]','2020-06-30 12:18:41','2020-06-30 12:18:41'),(165,'1','[\"updating how are you\",\"<p><em>Lorem ipsum dolor sit amet, consectetuer adipiscing elit. Maecenas feugiat consequat diam. Maecenas metus. Vivamus diam purus, cursus a, commodo non, facilisis vitae, nulla. Aenean dictum lacinia tortor. Nunc iaculis, nibh non iaculis aliquam, orci felis euismod neque, sed ornare massa mauris sed velit. Nulla pretium mi et risus. Fusce mi pede, tempor id, cursus ac, ullamcorper nec, enim. Sed tortor. Curabitur molestie. Duis velit augue, condimentum at, ultrices a, luctus ut, orci. Donec pellentesque egestas eros. Integer cursus, augue in cursus faucibus, eros pede bibendum sem, in tempus tellus justo quis ligula. Etiam eget tortor. Vestibulum rutrum, est ut placerat elementum, lectus nisl aliquam velit, tempor aliquam eros nunc nonummy metus. In eros metus, gravida a, gravida sed, lobortis id, turpis. Ut ultrices, ipsum at venenatis fringilla, sem nulla lacinia tellus, eget aliquet turpis mauris non enim. Nam turpis. Suspendisse lacinia. Curabitur ac tortor ut ipsum egestas elementum. Nunc imperdiet gravida mauris.<\\/em><\\/p>\"]','2020-07-02 14:12:45','2020-07-02 14:15:03'),(170,'0','[\"hello updating\",\"<p>world...updating<\\/p>\"]','2020-08-20 07:52:55','2020-08-20 07:53:25');
/*!40000 ALTER TABLE `faqs` ENABLE KEYS */;
UNLOCK TABLES;

--
-- Table structure for table `feedbacks`
--

DROP TABLE IF EXISTS `feedbacks`;
/*!40101 SET @saved_cs_client     = @@character_set_client */;
/*!50503 SET character_set_client = utf8mb4 */;
CREATE TABLE `feedbacks` (
  `id` bigint unsigned NOT NULL AUTO_INCREMENT,
  `waiting_time` varchar(191) CHARACTER SET utf8mb4 COLLATE utf8mb4_unicode_ci DEFAULT NULL,
  `rating` text CHARACTER SET utf8mb4 COLLATE utf8mb4_unicode_ci,
  `avg_rating` varchar(191) CHARACTER SET utf8mb4 COLLATE utf8mb4_unicode_ci DEFAULT NULL,
  `comment` text CHARACTER SET utf8mb4 COLLATE utf8mb4_unicode_ci NOT NULL,
  `patient_id` int NOT NULL,
  `keep_anonymous` varchar(191) CHARACTER SET utf8mb4 COLLATE utf8mb4_unicode_ci NOT NULL DEFAULT 'off',
  `created_at` timestamp NULL DEFAULT NULL,
  `updated_at` timestamp NULL DEFAULT NULL,
  `user_id` bigint unsigned NOT NULL,
  `approval` int DEFAULT NULL,
  PRIMARY KEY (`id`),
  KEY `feedbacks_user_id_foreign` (`user_id`),
  CONSTRAINT `feedbacks_user_id_foreign` FOREIGN KEY (`user_id`) REFERENCES `users` (`id`) ON DELETE CASCADE
) ENGINE=InnoDB AUTO_INCREMENT=136 DEFAULT CHARSET=utf8mb4 COLLATE=utf8mb4_unicode_ci;
/*!40101 SET character_set_client = @saved_cs_client */;

--
-- Dumping data for table `feedbacks`
--

LOCK TABLES `feedbacks` WRITE;
/*!40000 ALTER TABLE `feedbacks` DISABLE KEYS */;
INSERT INTO `feedbacks` VALUES (86,'1','a:5:{i:0;a:2:{s:6:\"rating\";i:5;s:6:\"reason\";i:1;}i:1;a:2:{s:6:\"rating\";i:5;s:6:\"reason\";i:2;}i:2;a:2:{s:6:\"rating\";i:4;s:6:\"reason\";i:3;}i:3;a:2:{s:6:\"rating\";i:4;s:6:\"reason\";i:4;}i:4;a:2:{s:6:\"rating\";i:4;s:6:\"reason\";i:11;}}','4.4','testing new add new improvement options...',24,'off','2020-06-25 05:27:02','2020-06-25 05:27:02',235,NULL),(88,'1','a:5:{i:0;a:2:{s:6:\"rating\";i:4;s:6:\"reason\";i:1;}i:1;a:2:{s:6:\"rating\";i:5;s:6:\"reason\";i:2;}i:2;a:2:{s:6:\"rating\";i:4;s:6:\"reason\";i:3;}i:3;a:2:{s:6:\"rating\";i:4;s:6:\"reason\";i:4;}i:4;a:2:{s:6:\"rating\";i:4;s:6:\"reason\";i:11;}}','4.2','testing new add new improvement options...',24,'off','2020-06-25 05:27:24','2020-06-26 09:23:37',237,0),(93,'1','a:5:{i:0;a:2:{s:6:\"rating\";i:5;s:6:\"reason\";i:1;}i:1;a:2:{s:6:\"rating\";i:5;s:6:\"reason\";i:2;}i:2;a:2:{s:6:\"rating\";i:5;s:6:\"reason\";i:3;}i:3;a:2:{s:6:\"rating\";i:5;s:6:\"reason\";i:4;}i:4;a:2:{s:6:\"rating\";i:4;s:6:\"reason\";i:11;}}','4.8','Safety measures taken by doctor?Safety measures taken by doctor?',22,'off','2020-06-25 05:30:40','2020-06-25 05:30:40',235,NULL),(95,'1','a:5:{i:0;a:2:{s:6:\"rating\";i:5;s:6:\"reason\";i:1;}i:1;a:2:{s:6:\"rating\";i:5;s:6:\"reason\";i:2;}i:2;a:2:{s:6:\"rating\";i:5;s:6:\"reason\";i:3;}i:3;a:2:{s:6:\"rating\";i:5;s:6:\"reason\";i:4;}i:4;a:2:{s:6:\"rating\";i:3;s:6:\"reason\";i:11;}}','4.6','Safety measures taken by doctor?Safety measures taken by doctor?',22,'off','2020-06-25 05:31:00','2020-06-25 05:31:00',237,NULL),(100,'1','a:5:{i:0;a:2:{s:6:\"rating\";i:4;s:6:\"reason\";i:1;}i:1;a:2:{s:6:\"rating\";i:4;s:6:\"reason\";i:2;}i:2;a:2:{s:6:\"rating\";i:4;s:6:\"reason\";i:3;}i:3;a:2:{s:6:\"rating\";i:4;s:6:\"reason\";i:4;}i:4;a:2:{s:6:\"rating\";i:3;s:6:\"reason\";i:11;}}','3.8','Behavior of Doctor?',23,'off','2020-06-25 05:36:12','2020-07-07 14:10:14',235,0),(102,'1','a:5:{i:0;a:2:{s:6:\"rating\";i:5;s:6:\"reason\";i:1;}i:1;a:2:{s:6:\"rating\";i:5;s:6:\"reason\";i:2;}i:2;a:2:{s:6:\"rating\";i:3;s:6:\"reason\";i:3;}i:3;a:2:{s:6:\"rating\";i:4;s:6:\"reason\";i:4;}i:4;a:2:{s:6:\"rating\";i:3;s:6:\"reason\";i:11;}}','4','Behavior of Doctor?',23,'off','2020-06-25 05:36:35','2020-06-25 05:36:35',237,NULL),(103,'1','a:5:{i:0;a:2:{s:6:\"rating\";i:3;s:6:\"reason\";i:1;}i:1;a:2:{s:6:\"rating\";i:4;s:6:\"reason\";i:2;}i:2;a:2:{s:6:\"rating\";i:5;s:6:\"reason\";i:3;}i:3;a:2:{s:6:\"rating\";i:4;s:6:\"reason\";i:4;}i:4;a:2:{s:6:\"rating\";i:4;s:6:\"reason\";i:11;}}','4','nice',4,'off','2020-07-14 11:17:15','2020-07-14 11:17:15',240,NULL),(104,'1','a:5:{i:0;a:2:{s:6:\"rating\";i:4;s:6:\"reason\";i:1;}i:1;a:2:{s:6:\"rating\";i:4;s:6:\"reason\";i:2;}i:2;a:2:{s:6:\"rating\";i:4;s:6:\"reason\";i:3;}i:3;a:2:{s:6:\"rating\";i:4;s:6:\"reason\";i:4;}i:4;a:2:{s:6:\"rating\";i:4;s:6:\"reason\";i:11;}}','4','nice',4,'off','2020-07-14 11:18:22','2020-07-14 11:18:22',235,NULL),(105,'1','a:5:{i:0;a:2:{s:6:\"rating\";i:3;s:6:\"reason\";i:1;}i:1;a:2:{s:6:\"rating\";i:3;s:6:\"reason\";i:2;}i:2;a:2:{s:6:\"rating\";i:4;s:6:\"reason\";i:3;}i:3;a:2:{s:6:\"rating\";i:4;s:6:\"reason\";i:4;}i:4;a:2:{s:6:\"rating\";i:4;s:6:\"reason\";i:11;}}','3.6','nice',4,'off','2020-07-14 11:18:39','2020-07-14 11:18:39',248,NULL),(106,'1','a:5:{i:0;a:2:{s:6:\"rating\";i:4;s:6:\"reason\";i:1;}i:1;a:2:{s:6:\"rating\";i:3;s:6:\"reason\";i:2;}i:2;a:2:{s:6:\"rating\";i:4;s:6:\"reason\";i:3;}i:3;a:2:{s:6:\"rating\";i:4;s:6:\"reason\";i:4;}i:4;a:2:{s:6:\"rating\";i:2;s:6:\"reason\";i:11;}}','3.4','nice',4,'off','2020-07-14 11:18:50','2020-07-14 11:18:50',253,NULL),(107,'1','a:5:{i:0;a:2:{s:6:\"rating\";i:4;s:6:\"reason\";i:1;}i:1;a:2:{s:6:\"rating\";i:4;s:6:\"reason\";i:2;}i:2;a:2:{s:6:\"rating\";i:4;s:6:\"reason\";i:3;}i:3;a:2:{s:6:\"rating\";i:5;s:6:\"reason\";i:4;}i:4;a:2:{s:6:\"rating\";i:1;s:6:\"reason\";i:11;}}','3.6','nice',4,'off','2020-07-14 11:19:02','2020-07-14 11:19:02',237,NULL),(108,'1','a:5:{i:0;a:2:{s:6:\"rating\";i:3;s:6:\"reason\";i:1;}i:1;a:2:{s:6:\"rating\";i:3;s:6:\"reason\";i:2;}i:2;a:2:{s:6:\"rating\";i:3;s:6:\"reason\";i:3;}i:3;a:2:{s:6:\"rating\";i:4;s:6:\"reason\";i:4;}i:4;a:2:{s:6:\"rating\";i:3;s:6:\"reason\";i:11;}}','3.2','nice',4,'off','2020-07-14 11:20:54','2020-07-14 11:20:54',224,NULL),(109,'1','a:5:{i:0;a:2:{s:6:\"rating\";i:5;s:6:\"reason\";i:1;}i:1;a:2:{s:6:\"rating\";i:5;s:6:\"reason\";i:2;}i:2;a:2:{s:6:\"rating\";i:5;s:6:\"reason\";i:3;}i:3;a:2:{s:6:\"rating\";i:3;s:6:\"reason\";i:4;}i:4;a:2:{s:6:\"rating\";i:3;s:6:\"reason\";i:11;}}','4.2','nice',4,'off','2020-07-14 11:21:05','2020-07-14 11:21:05',244,NULL),(110,'1','a:5:{i:0;a:2:{s:6:\"rating\";i:5;s:6:\"reason\";i:1;}i:1;a:2:{s:6:\"rating\";i:1;s:6:\"reason\";i:2;}i:2;a:2:{s:6:\"rating\";i:1;s:6:\"reason\";i:3;}i:3;a:2:{s:6:\"rating\";i:1;s:6:\"reason\";i:4;}i:4;a:2:{s:6:\"rating\";i:1;s:6:\"reason\";i:11;}}','1.8','nice',4,'off','2020-07-14 11:21:17','2020-07-14 11:21:17',241,NULL),(111,'1','a:4:{i:0;a:2:{s:6:\"rating\";i:4;s:6:\"reason\";i:1;}i:2;a:2:{s:6:\"rating\";i:4;s:6:\"reason\";i:3;}i:3;a:2:{s:6:\"rating\";i:5;s:6:\"reason\";i:4;}i:4;a:2:{s:6:\"rating\";i:4;s:6:\"reason\";i:11;}}','4.25','nice',4,'off','2020-07-14 11:21:29','2020-07-14 11:21:29',251,NULL),(112,'1','a:5:{i:0;a:2:{s:6:\"rating\";i:2;s:6:\"reason\";i:1;}i:1;a:2:{s:6:\"rating\";i:2;s:6:\"reason\";i:2;}i:2;a:2:{s:6:\"rating\";i:3;s:6:\"reason\";i:3;}i:3;a:2:{s:6:\"rating\";i:3;s:6:\"reason\";i:4;}i:4;a:2:{s:6:\"rating\";i:3;s:6:\"reason\";i:11;}}','2.6','nice',4,'off','2020-07-14 11:21:40','2020-07-14 11:21:40',222,NULL);
/*!40000 ALTER TABLE `feedbacks` ENABLE KEYS */;
UNLOCK TABLES;

--
-- Table structure for table `forums`
--

DROP TABLE IF EXISTS `forums`;
/*!40101 SET @saved_cs_client     = @@character_set_client */;
/*!50503 SET character_set_client = utf8mb4 */;
CREATE TABLE `forums` (
  `id` bigint unsigned NOT NULL AUTO_INCREMENT,
  `slug` varchar(191) CHARACTER SET utf8mb4 COLLATE utf8mb4_unicode_ci NOT NULL,
  `speciality_id` int NOT NULL,
  `question_title` varchar(191) CHARACTER SET utf8mb4 COLLATE utf8mb4_unicode_ci NOT NULL,
  `question_description` text CHARACTER SET utf8mb4 COLLATE utf8mb4_unicode_ci NOT NULL,
  `created_at` timestamp NULL DEFAULT NULL,
  `updated_at` timestamp NULL DEFAULT NULL,
  PRIMARY KEY (`id`)
) ENGINE=InnoDB AUTO_INCREMENT=16 DEFAULT CHARSET=utf8mb4 COLLATE=utf8mb4_unicode_ci;
/*!40101 SET character_set_client = @saved_cs_client */;

--
-- Dumping data for table `forums`
--

LOCK TABLES `forums` WRITE;
/*!40000 ALTER TABLE `forums` DISABLE KEYS */;
INSERT INTO `forums` VALUES (1,'my-stool-smells-extremely-foul-almost-rancid-what-could-be-wrong',3,'My stool smells extremely foul, almost rancid. What could be wrong?','Excepteur sint occaecat cupidatat non proident, sunt in culpa qui officia deserunt mollit anim id est laborume Sed ut perspiciatis unde omnis iste natus error sit voluptatem accusantium doloremque.','2020-01-15 13:15:55','2020-01-15 13:15:55'),(2,'symptoms-of-indigestion',1,'Symptoms of indigestion','Excepteur sint occaecat cupidatat non proident, sunt in culpa qui officia deserunt mollit anim id est laborume Sed ut perspiciatis unde omnis iste natus error sit voluptatem accusantium doloremque.','2020-01-15 13:15:55','2020-01-15 13:15:55'),(4,'constipation-magnesium-citrate',4,'Constipation - Magnesium Citrate','Excepteur sint occaecat cupidatat non proident, sunt in culpa qui officia deserunt mollit anim id est laborume Sed ut perspiciatis unde omnis iste natus error sit voluptatem accusantium doloremque.','2020-01-15 13:15:55','2020-01-15 13:15:55'),(6,'blood-in-poop-what-is-it-most-likely',5,'Blood in poop? What is it most likely?','Excepteur sint occaecat cupidatat non proident, sunt in culpa qui officia deserunt mollit anim id est laborume Sed ut perspiciatis unde omnis iste natus error sit voluptatem accusantium doloremque.','2020-01-15 13:15:55','2020-01-15 13:15:55'),(7,'stomach-problems-for-3-months-without-any-known-cause-and-getting-desperate',6,'Stomach problems for 3 months without any known cause (and getting desperate)','Excepteur sint occaecat cupidatat non proident, sunt in culpa qui officia deserunt mollit anim id est laborume Sed ut perspiciatis unde omnis iste natus error sit voluptatem accusantium doloremque.','2020-01-15 13:15:55','2020-01-15 13:15:55'),(8,'should-i-see-a-doctor-please-help',4,'Should I see a doctor? Please help','Excepteur sint occaecat cupidatat non proident, sunt in culpa qui officia deserunt mollit anim id est laborume Sed ut perspiciatis unde omnis iste natus error sit voluptatem accusantium doloremque.','2020-01-15 13:15:55','2020-01-15 13:15:55'),(9,'my-name-is-donnamarie-ive-had-gastroparesis-for-about-13-years-constipation-too',4,'My name is Donnamarie, I\'ve had gastroparesis for about 13 years, constipation too.','Excepteur sint occaecat cupidatat non proident, sunt in culpa qui officia deserunt mollit anim id est laborume Sed ut perspiciatis unde omnis iste natus error sit voluptatem accusantium doloremque.','2020-01-15 13:15:55','2020-01-15 13:15:55'),(10,'how-do-i-get-my-doctor-to-take-me-seriously',4,'How do I get my doctor to take me seriously?','Excepteur sint occaecat cupidatat non proident, sunt in culpa qui officia deserunt mollit anim id est laborume Sed ut perspiciatis unde omnis iste natus error sit voluptatem accusantium doloremque.','2020-01-15 13:15:55','2020-01-15 13:15:55'),(11,'back-pain-causing-anxiety',8,'Back Pain causing Anxiety','Excepteur sint occaecat cupidatat non proident, sunt in culpa qui officia deserunt mollit anim id est laborume Sed ut perspiciatis unde omnis iste natus error sit voluptatem accusantium doloremque.','2020-01-15 13:15:55','2020-01-15 13:15:55'),(12,'ede',2,'ede','erewere','2020-03-10 06:37:44','2020-03-10 06:37:44'),(15,'all-extend-doctors',3,'all-extend-doctors','all-extend-doctors','2020-08-20 14:22:26','2020-08-20 14:22:26');
/*!40000 ALTER TABLE `forums` ENABLE KEYS */;
UNLOCK TABLES;

--
-- Table structure for table `improvement_options`
--

DROP TABLE IF EXISTS `improvement_options`;
/*!40101 SET @saved_cs_client     = @@character_set_client */;
/*!50503 SET character_set_client = utf8mb4 */;
CREATE TABLE `improvement_options` (
  `id` bigint unsigned NOT NULL AUTO_INCREMENT,
  `title` varchar(191) CHARACTER SET utf8mb4 COLLATE utf8mb4_unicode_ci NOT NULL,
  `slug` varchar(191) CHARACTER SET utf8mb4 COLLATE utf8mb4_unicode_ci NOT NULL,
  `created_at` timestamp NULL DEFAULT NULL,
  `updated_at` timestamp NULL DEFAULT NULL,
  PRIMARY KEY (`id`)
) ENGINE=InnoDB AUTO_INCREMENT=12 DEFAULT CHARSET=utf8mb4 COLLATE=utf8mb4_unicode_ci;
/*!40101 SET character_set_client = @saved_cs_client */;

--
-- Dumping data for table `improvement_options`
--

LOCK TABLES `improvement_options` WRITE;
/*!40000 ALTER TABLE `improvement_options` DISABLE KEYS */;
INSERT INTO `improvement_options` VALUES (1,'Behavior of Doctor?','behavior-of-doctor','2020-01-15 13:15:56','2020-01-15 13:15:56'),(2,'Doctor communication skills?','doctor-communication-skills','2020-01-15 13:15:56','2020-01-15 13:15:56'),(3,'Was the doctor humble?','was-the-doctor-humble','2020-01-15 13:15:56','2020-01-15 13:15:56'),(4,'Safety measures taken by doctor?','safety-measures-taken-by-doctor?','2020-01-15 13:15:56','2020-01-15 13:15:56'),(11,'testing new add new improvement options...','testing-new-add-new-improvement-options-1','2020-06-19 04:44:51','2020-06-19 04:45:17');
/*!40000 ALTER TABLE `improvement_options` ENABLE KEYS */;
UNLOCK TABLES;

--
-- Table structure for table `lab_tests`
--

DROP TABLE IF EXISTS `lab_tests`;
/*!40101 SET @saved_cs_client     = @@character_set_client */;
/*!50503 SET character_set_client = utf8mb4 */;
CREATE TABLE `lab_tests` (
  `id` int NOT NULL AUTO_INCREMENT,
  `name` varchar(50) DEFAULT NULL,
  `speciality_id` varchar(50) DEFAULT NULL,
  `created_at` timestamp NULL DEFAULT NULL,
  `updated_at` timestamp NULL DEFAULT NULL,
  `fee` varchar(45) DEFAULT NULL,
  `type` varchar(45) DEFAULT NULL,
  PRIMARY KEY (`id`)
) ENGINE=InnoDB AUTO_INCREMENT=12 DEFAULT CHARSET=latin1;
/*!40101 SET character_set_client = @saved_cs_client */;

--
-- Dumping data for table `lab_tests`
--

LOCK TABLES `lab_tests` WRITE;
/*!40000 ALTER TABLE `lab_tests` DISABLE KEYS */;
INSERT INTO `lab_tests` VALUES (7,'test 1','6','2020-09-14 13:24:21','2020-09-14 13:24:21','1200','national'),(8,'testing 2','1','2020-09-14 13:24:45','2020-09-14 13:24:45','1200','international'),(9,'testing 3','7','2020-09-14 13:25:09','2020-09-14 13:25:09','1500','national'),(10,'updating','1','2020-09-14 13:25:27','2020-09-14 13:25:52','1200','international');
/*!40000 ALTER TABLE `lab_tests` ENABLE KEYS */;
UNLOCK TABLES;

--
-- Table structure for table `location_speciality`
--

DROP TABLE IF EXISTS `location_speciality`;
/*!40101 SET @saved_cs_client     = @@character_set_client */;
/*!50503 SET character_set_client = utf8mb4 */;
CREATE TABLE `location_speciality` (
  `id` bigint unsigned NOT NULL AUTO_INCREMENT,
  `location_id` int NOT NULL,
  `speciality_id` int NOT NULL,
  `created_at` timestamp NULL DEFAULT NULL,
  `updated_at` timestamp NULL DEFAULT NULL,
  PRIMARY KEY (`id`)
) ENGINE=InnoDB AUTO_INCREMENT=267 DEFAULT CHARSET=utf8mb4 COLLATE=utf8mb4_unicode_ci;
/*!40101 SET character_set_client = @saved_cs_client */;

--
-- Dumping data for table `location_speciality`
--

LOCK TABLES `location_speciality` WRITE;
/*!40000 ALTER TABLE `location_speciality` DISABLE KEYS */;
INSERT INTO `location_speciality` VALUES (214,7,2,NULL,NULL),(215,8,2,NULL,NULL),(216,121,2,NULL,NULL),(217,1,2,NULL,NULL),(221,1,3,NULL,NULL),(222,3,3,NULL,NULL),(223,114,3,NULL,NULL),(224,2,3,NULL,NULL),(225,1,3,NULL,NULL),(226,9,4,NULL,NULL),(227,92,4,NULL,NULL),(228,93,4,NULL,NULL),(229,112,4,NULL,NULL),(230,1,4,NULL,NULL),(231,7,5,NULL,NULL),(232,123,5,NULL,NULL),(233,5,5,NULL,NULL),(234,117,5,NULL,NULL),(235,1,5,NULL,NULL),(236,114,6,NULL,NULL),(237,1,6,NULL,NULL),(238,104,6,NULL,NULL),(239,105,6,NULL,NULL),(240,95,7,NULL,NULL),(241,9,7,NULL,NULL),(242,92,7,NULL,NULL),(243,79,7,NULL,NULL),(244,1,7,NULL,NULL),(245,1,8,NULL,NULL),(246,3,8,NULL,NULL),(247,2,8,NULL,NULL),(248,7,8,NULL,NULL),(249,5,8,NULL,NULL),(250,1,29,NULL,NULL),(251,2,29,NULL,NULL),(252,3,30,NULL,NULL),(253,7,30,NULL,NULL),(254,1,31,NULL,NULL),(255,5,31,NULL,NULL),(256,2,32,NULL,NULL),(257,3,32,NULL,NULL),(258,3,33,NULL,NULL),(259,1,34,NULL,NULL),(260,2,34,NULL,NULL),(261,3,34,NULL,NULL),(262,1,35,NULL,NULL),(263,1,1,NULL,NULL),(264,3,1,NULL,NULL),(265,7,1,NULL,NULL),(266,2,1,NULL,NULL);
/*!40000 ALTER TABLE `location_speciality` ENABLE KEYS */;
UNLOCK TABLES;

--
-- Table structure for table `locations`
--

DROP TABLE IF EXISTS `locations`;
/*!40101 SET @saved_cs_client     = @@character_set_client */;
/*!50503 SET character_set_client = utf8mb4 */;
CREATE TABLE `locations` (
  `id` bigint unsigned NOT NULL AUTO_INCREMENT,
  `title` varchar(191) CHARACTER SET utf8mb4 COLLATE utf8mb4_unicode_ci NOT NULL,
  `slug` varchar(191) CHARACTER SET utf8mb4 COLLATE utf8mb4_unicode_ci NOT NULL,
  `parent` int NOT NULL DEFAULT '0',
  `flag` varchar(191) CHARACTER SET utf8mb4 COLLATE utf8mb4_unicode_ci DEFAULT NULL,
  `top` varchar(45) COLLATE utf8mb4_unicode_ci DEFAULT NULL,
  `description` text CHARACTER SET utf8mb4 COLLATE utf8mb4_unicode_ci,
  `created_at` timestamp NULL DEFAULT NULL,
  `updated_at` timestamp NULL DEFAULT NULL,
  `latitude` varchar(45) COLLATE utf8mb4_unicode_ci DEFAULT NULL,
  `longitude` varchar(45) COLLATE utf8mb4_unicode_ci DEFAULT NULL,
  PRIMARY KEY (`id`),
  UNIQUE KEY `locations_slug_unique` (`slug`)
) ENGINE=InnoDB AUTO_INCREMENT=166 DEFAULT CHARSET=utf8mb4 COLLATE=utf8mb4_unicode_ci;
/*!40101 SET character_set_client = @saved_cs_client */;

--
-- Dumping data for table `locations`
--

LOCK TABLES `locations` WRITE;
/*!40000 ALTER TABLE `locations` DISABLE KEYS */;
INSERT INTO `locations` VALUES (1,'Lahore','lahore-1',0,'1600663236-lahore-image.png','1','','2020-01-15 13:15:54','2020-09-21 04:40:36',NULL,NULL),(2,'Karachi','karachi-1',0,'1600663255-karachi-image.png','1','','2020-01-15 13:15:54','2020-09-21 04:40:55',NULL,NULL),(3,'Islamabad','islamabad-1',0,'1600663273-islamabad-image.png','1','','2020-01-15 13:15:54','2020-09-21 04:41:13',NULL,NULL),(4,'Rawalpindi','rawalpindi',0,'1589184104-rali.jpg',NULL,'','2020-01-15 13:15:54','2020-06-19 10:48:41',NULL,NULL),(5,'Multan','multan-1',0,'1600663320-multan-image.png','1','','2020-01-15 13:15:54','2020-09-21 04:42:00',NULL,NULL),(6,'Faisalabad','faisalabad',0,'1589184196-fai.jpg',NULL,'','2020-01-15 13:15:54','2020-06-19 10:48:54',NULL,NULL),(7,'Peshawar','peshawar-1',0,'1600663334-Peshawar-image.png','1','','2020-01-15 13:15:54','2020-09-21 04:42:14',NULL,NULL),(8,'Sargodha','sargodha-1',0,'1589184474-sari.jpg',NULL,'','2020-01-15 13:15:54','2020-07-07 12:06:27',NULL,NULL),(9,'Gujranwala','gujranwala',0,'1589184544-gul.jpg',NULL,'','2020-01-15 13:15:54','2020-05-12 10:02:42',NULL,NULL),(79,'Quetta','quetta-1',0,'1600663404-quetta-image.png','1','','2020-05-07 11:04:59','2020-09-21 04:43:24',NULL,NULL),(80,'Attock','attock',0,'1589184805-att.jpg',NULL,'','2020-05-07 11:11:24','2020-05-11 08:13:25',NULL,NULL),(81,'Abbottabad','abbottabad',0,'1589184934-abb.jpg',NULL,'','2020-05-07 11:11:48','2020-05-11 08:15:34',NULL,NULL),(82,'Bahawalnagar','bahawalnagar',0,'1589185063-bah.jpg',NULL,'','2020-05-07 11:12:00','2020-05-11 08:17:43',NULL,NULL),(83,'Bahawalpur','bahawalpur',0,'1589185207-bul.jpg',NULL,'','2020-05-07 11:12:55','2020-05-11 08:20:07',NULL,NULL),(84,'Bannu','bannu',0,'1589186146-nann.jpg',NULL,'','2020-05-07 11:13:10','2020-05-11 08:35:46',NULL,NULL),(85,'Bhakkar','bhakkar',0,'1589186296-bhi.jpg',NULL,'','2020-05-07 11:13:22','2020-05-11 08:38:16',NULL,NULL),(86,'Bhalwal','bhalwal',0,'1589186413-bhee.jpg',NULL,'','2020-05-07 11:13:33','2020-05-11 08:40:13',NULL,NULL),(87,'Burewala','burewala',0,'1589186500-bura.jpg',NULL,'','2020-05-07 11:13:55','2020-05-11 08:41:40',NULL,NULL),(88,'Chakwal','chakwal',0,'1589186623-cha.jpg',NULL,'','2020-05-07 11:14:11','2020-05-11 08:43:43',NULL,NULL),(89,'Charsadda','charsadda',0,'1589186736-char.jpg',NULL,'','2020-05-07 11:14:24','2020-05-11 08:45:36',NULL,NULL),(90,'Chishtian','chishtian',0,'1589186868-chis.jpg',NULL,'','2020-05-07 11:14:37','2020-05-11 08:47:48',NULL,NULL),(91,'Daska','daska',0,'1589186970-das.jpg',NULL,'','2020-05-07 11:14:54','2020-05-11 08:49:30',NULL,NULL),(92,'Dera Ghazi Khan','dera-ghazi-khan',0,'1589187155-der.jpg',NULL,'','2020-05-07 11:15:14','2020-05-12 07:02:46',NULL,NULL),(93,'Dina','dina',0,'1589187251-dine.jpg',NULL,'','2020-05-07 11:15:46','2020-05-11 08:54:11',NULL,NULL),(94,'Gojra','gojra',0,'1589187321-go.jpg',NULL,'','2020-05-07 11:16:03','2020-05-11 08:55:21',NULL,NULL),(95,'Gujrat','gujrat',0,'1589187672-gur.jpg',NULL,'','2020-05-07 11:16:22','2020-05-11 09:01:12',NULL,NULL),(97,'Hafizabad','hafizabad',0,'1589187758-haf.jpg',NULL,'','2020-05-07 11:17:00','2020-05-11 09:02:38',NULL,NULL),(98,'Hyderabad','hyderabad',0,'1589187862-hy.jpg',NULL,'','2020-05-07 11:17:12','2020-05-11 09:04:22',NULL,NULL),(101,'Jacobabad','jacobabad',0,'1589188262-ja.jpg',NULL,'','2020-05-07 11:18:47','2020-05-12 09:49:45',NULL,NULL),(102,'Jhang','jhang',0,'1589188408-jha.jpg',NULL,'','2020-05-07 11:18:58','2020-05-12 09:50:43',NULL,NULL),(103,'Jhelum','jhelum',0,'1588850365-can.png',NULL,'','2020-05-07 11:19:25','2020-05-12 09:50:45',NULL,NULL),(104,'Kamoke','kamoke',0,'1588850384-can.png',NULL,'','2020-05-07 11:19:44','2020-05-12 09:50:48',NULL,NULL),(105,'Kasur','kasur',0,'1588850397-can.png',NULL,'','2020-05-07 11:19:57','2020-05-12 09:50:52',NULL,NULL),(106,'Kayseri','kayseri',0,'1588850408-can.png',NULL,'','2020-05-07 11:20:08','2020-05-12 09:50:54',NULL,NULL),(107,'Khanewal','khanewal',0,'1588850426-can.png',NULL,'','2020-05-07 11:20:26','2020-05-12 09:50:58',NULL,NULL),(108,'kharian','kharian',0,'1588850442-can.png',NULL,'','2020-05-07 11:20:42','2020-05-12 09:51:27',NULL,NULL),(109,'Khushab','khushab',0,'1588850455-can.png',NULL,'','2020-05-07 11:20:55','2020-05-12 09:51:03',NULL,NULL),(110,'Kohat','kohat',0,'1588850470-can.png',NULL,'','2020-05-07 11:21:10','2020-05-12 09:51:06',NULL,NULL),(111,'Larkana','larkana',0,'1588850509-can.png',NULL,'','2020-05-07 11:21:49','2020-05-12 09:56:53',NULL,NULL),(112,'Layyah','layyah',0,'1588850525-can.png',NULL,'','2020-05-07 11:22:05','2020-05-12 09:56:56',NULL,NULL),(113,'Lodhran','lodhran',0,'1588850542-can.png',NULL,'','2020-05-07 11:22:22','2020-05-12 09:57:00',NULL,NULL),(114,'Loralai','loralai',0,'1588850558-can.png',NULL,'','2020-05-07 11:22:38','2020-05-12 09:57:03',NULL,NULL),(115,'Mansehra','mansehra',0,'1588850572-can.png',NULL,'','2020-05-07 11:22:52','2020-05-12 09:57:07',NULL,NULL),(116,'Mardan','mardan',0,'1588850583-can.png',NULL,'','2020-05-07 11:23:03','2020-05-12 09:57:10',NULL,NULL),(117,'Mian Channu','mian-channu',0,'1588850597-can.png',NULL,'','2020-05-07 11:23:17','2020-05-12 09:57:13',NULL,NULL),(118,'Mianwali','mianwali',0,'1588850608-can.png',NULL,'','2020-05-07 11:23:28','2020-05-12 09:57:16',NULL,NULL),(119,'Nankana Sahib','nankana-sahib',0,'1588850624-can.png',NULL,'','2020-05-07 11:23:44','2020-05-12 09:57:20',NULL,NULL),(120,'Nawabshah','nawabshah',0,'1588850641-can.png',NULL,'','2020-05-07 11:24:01','2020-05-12 09:57:23',NULL,NULL),(121,'Nowshera','nowshera',0,'1588850653-can.png',NULL,'','2020-05-07 11:24:13','2020-05-12 09:55:43',NULL,NULL),(122,'Okara','okara',0,'1588850668-can.png',NULL,'','2020-05-07 11:24:28','2020-05-12 09:55:46',NULL,NULL),(123,'Pattoki','pattoki',0,'1588850678-can.png',NULL,'','2020-05-07 11:24:38','2020-05-12 09:55:49',NULL,NULL),(124,'Rahim Yar Khan','rahim-yar-khan',0,'1588850692-can.png',NULL,'','2020-05-07 11:24:52','2020-05-12 09:55:52',NULL,NULL),(125,'Riyadh','riyadh',0,'1588850702-can.png',NULL,'','2020-05-07 11:25:02','2020-05-12 09:55:55',NULL,NULL),(126,'Sahiwal','sahiwal',0,'1588850718-can.png',NULL,'','2020-05-07 11:25:18','2020-05-12 09:55:58',NULL,NULL),(127,'Shahkot','shahkot',0,'1588850730-can.png',NULL,'','2020-05-07 11:25:30','2020-05-12 09:56:02',NULL,NULL),(128,'Sheikhupura','sheikhupura',0,'1588850741-can.png',NULL,'','2020-05-07 11:25:41','2020-05-12 09:56:05',NULL,NULL),(129,'Shorkot','shorkot',0,'1588850762-can.png',NULL,'','2020-05-07 11:26:02','2020-05-12 09:56:10',NULL,NULL),(130,'Sialkot','sialkot',0,'1588850790-can.png',NULL,'','2020-05-07 11:26:30','2020-05-12 09:56:12',NULL,NULL),(131,'Swabi','swabi',0,'1588850801-can.png',NULL,'','2020-05-07 11:26:41','2020-05-12 09:54:35',NULL,NULL),(132,'Swat','swat',0,'1588850814-can.png',NULL,'','2020-05-07 11:26:54','2020-05-12 09:54:37',NULL,NULL),(133,'Talagang','talagang',0,'1588850849-can.png',NULL,'','2020-05-07 11:27:29','2020-05-12 09:54:41',NULL,NULL),(134,'Tarbela','tarbela',0,'1588850860-can.png',NULL,'','2020-05-07 11:27:40','2020-05-12 09:54:44',NULL,NULL),(135,'Taxila','taxila',0,'1588850875-can.png',NULL,'','2020-05-07 11:27:55','2020-05-12 09:54:47',NULL,NULL),(136,'Vehari','vehari',0,'1588850888-can.png',NULL,'','2020-05-07 11:28:08','2020-05-12 09:54:50',NULL,NULL),(137,'Wah Cantt','wah-cantt',0,'1588850901-can.png',NULL,'','2020-05-07 11:28:21','2020-05-12 09:54:54',NULL,NULL),(138,'Allama Iqbal Town','allama-iqbal-town',1,'1589440191-can.png',NULL,'','2020-05-14 07:09:51','2020-05-14 07:09:51',NULL,NULL),(139,'Model Town','model-town',1,'1589440256-can.png',NULL,'','2020-05-14 07:10:56','2020-05-14 07:10:56',NULL,NULL),(140,'Ichhra','ichhra',1,'1589440396-can.png',NULL,'','2020-05-14 07:13:16','2020-05-14 07:13:16',NULL,NULL),(141,'Johar Town','johar-town',1,'1589440436-can.png',NULL,'','2020-05-14 07:13:56','2020-05-14 07:13:56',NULL,NULL),(142,'Gulberg III','gulberg-iii',1,'1589440507-can.png',NULL,'','2020-05-14 07:14:47','2020-05-14 07:15:27',NULL,NULL),(143,'Lahore Cantt','lahore-cantt',1,'1589440616-can.png',NULL,'','2020-05-14 07:16:56','2020-05-14 07:16:56',NULL,NULL),(144,'Urdu Bazar','urdu-bazar',1,'1589440677-can.png',NULL,'','2020-05-14 07:17:57','2020-05-14 07:17:57',NULL,NULL),(145,'WAPDA Town','wapda-town',1,'1589440829-can.png',NULL,'','2020-05-14 07:20:29','2020-05-14 07:20:29',NULL,NULL),(146,'DHA Phase 2','dha-phase-2',1,'1589440931-can.png',NULL,'','2020-05-14 07:22:11','2020-05-14 07:22:11',NULL,NULL),(147,'DHA Phase 3','dha-phase-3',1,'1589440952-can.png',NULL,'','2020-05-14 07:22:32','2020-05-14 07:22:32',NULL,NULL),(148,'DHA Phase 4','dha-phase-4',1,'1589440974-can.png',NULL,'','2020-05-14 07:22:54','2020-05-14 07:22:54',NULL,NULL),(149,'DHA Phase 5','dha-phase-5',1,'1589440996-can.png',NULL,'','2020-05-14 07:23:16','2020-05-14 07:23:16',NULL,NULL),(150,'DHA Phase 1','dha-phase-1',1,'1589441053-can.png',NULL,'','2020-05-14 07:24:13','2020-05-14 07:24:13',NULL,NULL),(151,'Mozang Chungi','mozang-chungi',1,'1589441127-can.png',NULL,'','2020-05-14 07:25:27','2020-05-14 07:25:27',NULL,NULL),(152,'Badami Bagh','badami-bagh',1,'1589441167-can.png',NULL,'','2020-05-14 07:26:07','2020-05-14 07:26:07',NULL,NULL),(153,'air line socity','air-line-socity',1,NULL,NULL,'hello','2020-07-06 11:31:01','2020-07-06 11:31:01',NULL,NULL),(154,'Model Town','model-town-1',2,NULL,NULL,'','2020-09-15 06:16:48','2020-09-15 06:16:48','32.4926283','74.6124382'),(155,'Model Village','model-village',3,NULL,NULL,'','2020-09-15 06:17:10','2020-09-15 06:17:10','29.340355','71.69366149999999'),(156,'Ormara Raik','ormara-raik',4,NULL,NULL,'','2020-09-15 06:17:44','2020-09-15 06:17:44','25.2802925','64.57236639999999'),(157,'Bhiria Road','bhiria-road',5,NULL,NULL,'','2020-09-15 06:18:16','2020-09-15 06:18:16','26.88479289999999','68.2772875'),(158,'Bhera Shareef','bhera-shareef',7,NULL,NULL,'','2020-09-15 06:19:08','2020-09-15 06:19:08','33.99305630000001','72.8426858'),(159,'bharia colony road','bharia-colony-road',1,NULL,NULL,'','2020-09-15 06:21:46','2020-09-15 06:21:46','',''),(160,'Model Colony','model-colony',8,NULL,NULL,'','2020-09-15 06:26:24','2020-09-15 06:26:24','31.4698055','74.3272202'),(161,'air line society','air-line-society',6,NULL,NULL,'','2020-09-15 06:26:57','2020-09-15 06:26:57','',''),(164,'Bhiria Road','bhiria-road-1',1,NULL,NULL,'','2020-09-18 09:55:41','2020-09-18 09:55:41','26.88479289999999','68.2772875'),(165,'Askari Cement Residential Colony','askari-cement-residential-colony',1,NULL,NULL,'','2020-09-18 09:56:28','2020-09-18 09:56:28','33.81404219999999','72.7311438');
/*!40000 ALTER TABLE `locations` ENABLE KEYS */;
UNLOCK TABLES;

--
-- Table structure for table `medicines`
--

DROP TABLE IF EXISTS `medicines`;
/*!40101 SET @saved_cs_client     = @@character_set_client */;
/*!50503 SET character_set_client = utf8mb4 */;
CREATE TABLE `medicines` (
  `id` int NOT NULL AUTO_INCREMENT,
  `name` varchar(50) DEFAULT NULL,
  `speciality_id` varchar(50) DEFAULT NULL,
  `created_at` timestamp NULL DEFAULT NULL,
  `updated_at` timestamp NULL DEFAULT NULL,
  PRIMARY KEY (`id`)
) ENGINE=InnoDB AUTO_INCREMENT=8 DEFAULT CHARSET=latin1;
/*!40101 SET character_set_client = @saved_cs_client */;

--
-- Dumping data for table `medicines`
--

LOCK TABLES `medicines` WRITE;
/*!40000 ALTER TABLE `medicines` DISABLE KEYS */;
INSERT INTO `medicines` VALUES (5,'first testing','2','2020-07-21 10:34:01','2020-07-21 10:34:01'),(6,'second testing','8','2020-07-21 10:34:11','2020-07-21 10:34:11');
/*!40000 ALTER TABLE `medicines` ENABLE KEYS */;
UNLOCK TABLES;

--
-- Table structure for table `messages`
--

DROP TABLE IF EXISTS `messages`;
/*!40101 SET @saved_cs_client     = @@character_set_client */;
/*!50503 SET character_set_client = utf8mb4 */;
CREATE TABLE `messages` (
  `id` bigint unsigned NOT NULL AUTO_INCREMENT,
  `receiver_id` int NOT NULL,
  `body` text CHARACTER SET utf8mb4 COLLATE utf8mb4_unicode_ci NOT NULL,
  `status` tinyint NOT NULL,
  `created_at` timestamp NULL DEFAULT NULL,
  `updated_at` timestamp NULL DEFAULT NULL,
  `user_id` bigint unsigned NOT NULL,
  PRIMARY KEY (`id`),
  KEY `messages_user_id_foreign` (`user_id`),
  CONSTRAINT `messages_user_id_foreign` FOREIGN KEY (`user_id`) REFERENCES `users` (`id`) ON DELETE CASCADE
) ENGINE=InnoDB AUTO_INCREMENT=54 DEFAULT CHARSET=utf8mb4 COLLATE=utf8mb4_unicode_ci;
/*!40101 SET character_set_client = @saved_cs_client */;

--
-- Dumping data for table `messages`
--

LOCK TABLES `messages` WRITE;
/*!40000 ALTER TABLE `messages` DISABLE KEYS */;
INSERT INTO `messages` VALUES (45,222,'hello',0,'2020-06-23 07:06:42','2020-06-23 07:06:42',1),(52,251,'hello every one how are you',0,'2020-07-15 09:44:07','2020-07-15 09:44:07',1);
/*!40000 ALTER TABLE `messages` ENABLE KEYS */;
UNLOCK TABLES;

--
-- Table structure for table `migrations`
--

DROP TABLE IF EXISTS `migrations`;
/*!40101 SET @saved_cs_client     = @@character_set_client */;
/*!50503 SET character_set_client = utf8mb4 */;
CREATE TABLE `migrations` (
  `id` int unsigned NOT NULL AUTO_INCREMENT,
  `migration` varchar(191) CHARACTER SET utf8mb4 COLLATE utf8mb4_unicode_ci NOT NULL,
  `batch` int NOT NULL,
  PRIMARY KEY (`id`)
) ENGINE=InnoDB AUTO_INCREMENT=61 DEFAULT CHARSET=utf8mb4 COLLATE=utf8mb4_unicode_ci;
/*!40101 SET character_set_client = @saved_cs_client */;

--
-- Dumping data for table `migrations`
--

LOCK TABLES `migrations` WRITE;
/*!40000 ALTER TABLE `migrations` DISABLE KEYS */;
INSERT INTO `migrations` VALUES (1,'2014_10_12_000000_create_users_table',1),(2,'2014_10_12_100000_create_password_resets_table',1),(3,'2019_06_13_133157_create_categories_table',1),(4,'2019_06_13_133432_create_locations_table',1),(5,'2019_06_13_133540_create_pages_table',1),(6,'2019_06_13_133722_create_child_pages_table',1),(7,'2019_06_13_133940_create_articles_table',1),(8,'2019_06_13_135505_create_improvement_options_table',1),(9,'2019_06_13_135613_create_forums_table',1),(10,'2019_06_13_140607_create_appointments_table',1),(11,'2019_06_14_080541_create_user_metas_table',1),(12,'2019_06_14_100239_create_site_managements_table',1),(13,'2019_06_14_100417_create_article_categories_table',1),(14,'2019_06_19_113133_create_permission_tables',1),(15,'2019_06_20_082821_create_email_templates',1),(16,'2019_06_20_082835_create_email_types',1),(17,'2019_06_24_113821_create_specialities_table',1),(18,'2019_07_01_101612_create_services_table',1),(19,'2019_07_22_124309_create_teams_table',1),(20,'2019_07_30_073030_create_user_forum_table',1),(21,'2019_08_22_101616_create_reports_table',1),(22,'2019_08_29_115444_pivot_user_speciality',1),(23,'2019_08_31_120252_create_orders_table',1),(24,'2019_08_31_120455_create_order_metas_table',1),(25,'2019_09_02_122901_create_packages_table',1),(26,'2019_09_04_070308_create_message_table',1),(27,'2019_09_04_075131_create_feedbacks_table',1),(28,'2019_09_19_071307_create_payouts_table',1),(29,'2019_09_23_143454_user_service',1),(30,'2019_10_28_064204_add_gallery_to_user_metas_table',1),(31,'2019_11_21_070123_change_type_rating_to_feedbacks',1),(33,'2020_01_21_080206_add_phonenumber_field_to_users_table',2),(34,'2020_01_22_080841_create_areas_table',3),(35,'2020_01_30_121312_add_assistant_phone_to_users_table',4),(36,'2020_01_31_063836_add_video_and_home_to_users_table',4),(37,'2020_02_03_114050_add_extended_to_table',4),(38,'2020_02_03_141800_add_actions_to_user_table',4),(39,'2020_02_04_062921_add_leave_to_user_table',4),(40,'2020_02_24_110213_create_location_speciality_table',5),(41,'2020_02_25_071336_add_created_extend_to_users_meta_table',5),(42,'2020_02_26_100428_add_approval_to_feedbacks',5),(43,'2020_02_26_122855_add_fees_range_percentage_to_user_metas',5),(44,'2020_02_27_082358_add_created_faqs_to_users_meta_table',6),(45,'2020_02_27_103957_create_diseases_table',6),(46,'2020_02_27_142906_create_user_disease_table',6),(47,'2020_03_02_105553_add_services_to_user_metas',7),(48,'2020_03_13_110347_add_type_to_specialities_table',8),(49,'2020_03_13_110741_add_type_to_services_table',8),(50,'2020_03_27_055833_add_provider_',9),(51,'2020_04_02_101114_change_email_to_nullable_in_user_table',10),(52,'2020_04_02_102150_change_phone_number_to_unique_in_user_table',11),(53,'2020_04_14_111939_create_speciality_disease_table',12),(54,'2020_04_16_115444_change_table_name_speciality_disease_to_service_disease',13),(55,'2020_04_28_062327_create_urls_table',14),(56,'2020_05_06_080338_create_symptoms_table',15),(57,'2020_05_06_123444_create_symptom_service_table',15),(58,'2020_05_12_084439_add_type_to_appointments_table',16),(59,'2020_05_14_104913_alter_table_faq_type_change_text',17),(60,'2020_05_22_121603_alter_table_teams_user_id_column_type_change_to_text',18);
/*!40000 ALTER TABLE `migrations` ENABLE KEYS */;
UNLOCK TABLES;

--
-- Table structure for table `model_has_permissions`
--

DROP TABLE IF EXISTS `model_has_permissions`;
/*!40101 SET @saved_cs_client     = @@character_set_client */;
/*!50503 SET character_set_client = utf8mb4 */;
CREATE TABLE `model_has_permissions` (
  `permission_id` int unsigned NOT NULL,
  `model_type` varchar(191) CHARACTER SET utf8mb4 COLLATE utf8mb4_unicode_ci NOT NULL,
  `model_id` bigint unsigned NOT NULL,
  PRIMARY KEY (`permission_id`,`model_id`,`model_type`),
  KEY `model_has_permissions_model_id_model_type_index` (`model_id`,`model_type`),
  CONSTRAINT `model_has_permissions_permission_id_foreign` FOREIGN KEY (`permission_id`) REFERENCES `permissions` (`id`) ON DELETE CASCADE
) ENGINE=InnoDB DEFAULT CHARSET=utf8mb4 COLLATE=utf8mb4_unicode_ci;
/*!40101 SET character_set_client = @saved_cs_client */;

--
-- Dumping data for table `model_has_permissions`
--

LOCK TABLES `model_has_permissions` WRITE;
/*!40000 ALTER TABLE `model_has_permissions` DISABLE KEYS */;
/*!40000 ALTER TABLE `model_has_permissions` ENABLE KEYS */;
UNLOCK TABLES;

--
-- Table structure for table `model_has_roles`
--

DROP TABLE IF EXISTS `model_has_roles`;
/*!40101 SET @saved_cs_client     = @@character_set_client */;
/*!50503 SET character_set_client = utf8mb4 */;
CREATE TABLE `model_has_roles` (
  `role_id` int unsigned NOT NULL,
  `model_type` varchar(191) CHARACTER SET utf8mb4 COLLATE utf8mb4_unicode_ci NOT NULL,
  `model_id` bigint unsigned NOT NULL,
  PRIMARY KEY (`role_id`,`model_id`,`model_type`),
  KEY `model_has_roles_model_id_model_type_index` (`model_id`,`model_type`),
  CONSTRAINT `model_has_roles_role_id_foreign` FOREIGN KEY (`role_id`) REFERENCES `roles` (`id`) ON DELETE CASCADE
) ENGINE=InnoDB DEFAULT CHARSET=utf8mb4 COLLATE=utf8mb4_unicode_ci;
/*!40101 SET character_set_client = @saved_cs_client */;

--
-- Dumping data for table `model_has_roles`
--

LOCK TABLES `model_has_roles` WRITE;
/*!40000 ALTER TABLE `model_has_roles` DISABLE KEYS */;
INSERT INTO `model_has_roles` VALUES (1,'App\\User',1),(4,'App\\User',1),(4,'App\\User',4),(4,'App\\User',20),(4,'App\\User',21),(4,'App\\User',22),(4,'App\\User',23),(4,'App\\User',24),(2,'App\\User',25),(3,'App\\User',26),(3,'App\\User',27),(3,'App\\User',28),(4,'App\\User',29),(4,'App\\User',30),(4,'App\\User',31),(4,'App\\User',33),(4,'App\\User',34),(4,'App\\User',38),(4,'App\\User',39),(4,'App\\User',41),(4,'App\\User',66),(4,'App\\User',70),(4,'App\\User',98),(4,'App\\User',130),(5,'App\\User',134),(5,'App\\User',135),(5,'App\\User',136),(5,'App\\User',137),(2,'App\\User',222),(2,'App\\User',224),(2,'App\\User',235),(2,'App\\User',237),(2,'App\\User',240),(2,'App\\User',241),(2,'App\\User',244),(2,'App\\User',248),(2,'App\\User',251),(2,'App\\User',253),(3,'App\\User',267),(3,'App\\User',270),(3,'App\\User',275),(3,'App\\User',277),(3,'App\\User',278),(3,'App\\User',279),(3,'App\\User',281),(3,'App\\User',282),(3,'App\\User',284),(3,'App\\User',286),(4,'App\\User',321),(4,'App\\User',322),(4,'App\\User',323),(4,'App\\User',324),(4,'App\\User',325),(4,'App\\User',326),(4,'App\\User',327),(4,'App\\User',328),(4,'App\\User',329),(4,'App\\User',330);
/*!40000 ALTER TABLE `model_has_roles` ENABLE KEYS */;
UNLOCK TABLES;

--
-- Table structure for table `notifications`
--

DROP TABLE IF EXISTS `notifications`;
/*!40101 SET @saved_cs_client     = @@character_set_client */;
/*!50503 SET character_set_client = utf8mb4 */;
CREATE TABLE `notifications` (
  `id` int DEFAULT NULL,
  `message` varchar(191) COLLATE utf8_unicode_ci DEFAULT NULL,
  `url` varchar(191) COLLATE utf8_unicode_ci DEFAULT NULL,
  `data` varchar(191) COLLATE utf8_unicode_ci DEFAULT NULL,
  `button` varchar(191) COLLATE utf8_unicode_ci DEFAULT NULL,
  `schedule` varchar(191) COLLATE utf8_unicode_ci DEFAULT NULL,
  `user_id` int DEFAULT NULL,
  `created_at` timestamp NULL DEFAULT NULL,
  `updated_at` timestamp NULL DEFAULT NULL
) ENGINE=InnoDB DEFAULT CHARSET=utf8 COLLATE=utf8_unicode_ci;
/*!40101 SET character_set_client = @saved_cs_client */;

--
-- Dumping data for table `notifications`
--

LOCK TABLES `notifications` WRITE;
/*!40000 ALTER TABLE `notifications` DISABLE KEYS */;
INSERT INTO `notifications` VALUES (NULL,'adfafas dsads dsdasfa asfadsf dsaf dsaf das dsa asf asdf asd sdaf dsafadsf dsa fsadf asd fasfdasd fsdaf dsa','fasd fasdf adsa fdsa ads',NULL,NULL,NULL,1,'2020-07-22 11:33:58','2020-07-22 11:33:58');
/*!40000 ALTER TABLE `notifications` ENABLE KEYS */;
UNLOCK TABLES;

--
-- Table structure for table `order_metas`
--

DROP TABLE IF EXISTS `order_metas`;
/*!40101 SET @saved_cs_client     = @@character_set_client */;
/*!50503 SET character_set_client = utf8mb4 */;
CREATE TABLE `order_metas` (
  `id` bigint unsigned NOT NULL AUTO_INCREMENT,
  `meta_key` varchar(191) CHARACTER SET utf8mb4 COLLATE utf8mb4_unicode_ci NOT NULL,
  `meta_value` text CHARACTER SET utf8mb4 COLLATE utf8mb4_unicode_ci NOT NULL,
  `metable_type` varchar(191) CHARACTER SET utf8mb4 COLLATE utf8mb4_unicode_ci NOT NULL,
  `metable_id` bigint unsigned NOT NULL,
  `created_at` timestamp NULL DEFAULT NULL,
  `updated_at` timestamp NULL DEFAULT NULL,
  PRIMARY KEY (`id`),
  KEY `order_metas_metable_type_metable_id_index` (`metable_type`,`metable_id`)
) ENGINE=InnoDB AUTO_INCREMENT=215 DEFAULT CHARSET=utf8mb4 COLLATE=utf8mb4_unicode_ci;
/*!40101 SET character_set_client = @saved_cs_client */;

--
-- Dumping data for table `order_metas`
--

LOCK TABLES `order_metas` WRITE;
/*!40000 ALTER TABLE `order_metas` DISABLE KEYS */;
INSERT INTO `order_metas` VALUES (33,'appointment','a:14:{s:2:\"id\";i:2;s:7:\"user_id\";i:2;s:11:\"hospital_id\";i:3;s:10:\"patient_id\";i:4;s:12:\"patient_name\";N;s:8:\"relation\";N;s:8:\"services\";s:142:\"a:2:{i:0;a:2:{s:10:\"speciality\";s:1:\"1\";s:7:\"service\";a:1:{i:0;s:1:\"1\";}}i:1;a:2:{s:10:\"speciality\";s:1:\"2\";s:7:\"service\";a:1:{i:1;s:1:\"4\";}}}\";s:8:\"comments\";s:445:\"Lorem ipsum dolor sit amet, consectetur adipiscing elit, sed do eiusmod tempor incididunt ut labore et dolore magna aliqua. Ut enim ad minim veniam, quis nostrud exercitation ullamco laboris nisi ut aliquip ex ea commodo consequat. Duis aute irure dolor in reprehenderit in voluptate velit esse cillum dolore eu fugiat nulla pariatur. Excepteur sint occaecat cupidatat non proident, sunt in culpa qui officia deserunt mollit anim id est laborum.\";s:16:\"appointment_time\";s:7:\"3:02 am\";s:16:\"appointment_date\";s:9:\"2019-10-3\";s:7:\"charges\";i:10000;s:6:\"status\";s:7:\"pending\";s:10:\"created_at\";s:19:\"2020-01-15 13:15:54\";s:10:\"updated_at\";s:19:\"2020-01-15 13:15:54\";}','App\\Order',9,'2020-01-15 13:15:54','2020-01-15 13:15:54'),(34,'type','appointment','App\\Order',9,'2020-01-15 13:15:54','2020-01-15 13:15:54'),(35,'invoice_id','xxx_xxx_xxx','App\\Order',9,'2020-01-15 13:15:54','2020-01-15 13:15:54'),(36,'transaction_id','ih_1FOIEhGvHEQhfjqvSF8upVgV','App\\Order',9,'2020-01-15 13:15:54','2020-01-15 13:15:54'),(37,'appointment','a:14:{s:2:\"id\";i:2;s:7:\"user_id\";i:5;s:11:\"hospital_id\";i:13;s:10:\"patient_id\";i:21;s:12:\"patient_name\";N;s:8:\"relation\";N;s:8:\"services\";s:142:\"a:2:{i:0;a:2:{s:10:\"speciality\";s:1:\"1\";s:7:\"service\";a:1:{i:0;s:1:\"1\";}}i:1;a:2:{s:10:\"speciality\";s:1:\"2\";s:7:\"service\";a:1:{i:1;s:1:\"4\";}}}\";s:8:\"comments\";s:445:\"Lorem ipsum dolor sit amet, consectetur adipiscing elit, sed do eiusmod tempor incididunt ut labore et dolore magna aliqua. Ut enim ad minim veniam, quis nostrud exercitation ullamco laboris nisi ut aliquip ex ea commodo consequat. Duis aute irure dolor in reprehenderit in voluptate velit esse cillum dolore eu fugiat nulla pariatur. Excepteur sint occaecat cupidatat non proident, sunt in culpa qui officia deserunt mollit anim id est laborum.\";s:16:\"appointment_time\";s:7:\"3:02 am\";s:16:\"appointment_date\";s:9:\"2019-10-3\";s:7:\"charges\";i:8000;s:6:\"status\";s:7:\"pending\";s:10:\"created_at\";s:19:\"2020-01-15 13:15:54\";s:10:\"updated_at\";s:19:\"2020-01-15 13:15:54\";}','App\\Order',10,'2020-01-15 13:15:54','2020-01-15 13:15:54'),(38,'type','appointment','App\\Order',10,'2020-01-15 13:15:54','2020-01-15 13:15:54'),(39,'invoice_id','xxx_xxx_xxx','App\\Order',10,'2020-01-15 13:15:54','2020-01-15 13:15:54'),(40,'transaction_id','jh_1FOIEhGvHEQhfjqvSF8upVgV','App\\Order',10,'2020-01-15 13:15:54','2020-01-15 13:15:54'),(41,'appointment','a:14:{s:2:\"id\";i:2;s:7:\"user_id\";i:6;s:11:\"hospital_id\";i:14;s:10:\"patient_id\";i:22;s:12:\"patient_name\";N;s:8:\"relation\";N;s:8:\"services\";s:142:\"a:2:{i:0;a:2:{s:10:\"speciality\";s:1:\"1\";s:7:\"service\";a:1:{i:0;s:1:\"1\";}}i:1;a:2:{s:10:\"speciality\";s:1:\"2\";s:7:\"service\";a:1:{i:1;s:1:\"4\";}}}\";s:8:\"comments\";s:445:\"Lorem ipsum dolor sit amet, consectetur adipiscing elit, sed do eiusmod tempor incididunt ut labore et dolore magna aliqua. Ut enim ad minim veniam, quis nostrud exercitation ullamco laboris nisi ut aliquip ex ea commodo consequat. Duis aute irure dolor in reprehenderit in voluptate velit esse cillum dolore eu fugiat nulla pariatur. Excepteur sint occaecat cupidatat non proident, sunt in culpa qui officia deserunt mollit anim id est laborum.\";s:16:\"appointment_time\";s:7:\"3:02 am\";s:16:\"appointment_date\";s:9:\"2019-10-3\";s:7:\"charges\";i:8000;s:6:\"status\";s:7:\"pending\";s:10:\"created_at\";s:19:\"2020-01-15 13:15:54\";s:10:\"updated_at\";s:19:\"2020-01-15 13:15:54\";}','App\\Order',11,'2020-01-15 13:15:54','2020-01-15 13:15:54'),(42,'type','appointment','App\\Order',11,'2020-01-15 13:15:54','2020-01-15 13:15:54'),(43,'invoice_id','xxx_xxx_xxx','App\\Order',11,'2020-01-15 13:15:54','2020-01-15 13:15:54'),(44,'transaction_id','jh_1FOIEhGvHEQhfjqvSF8upVgV','App\\Order',11,'2020-01-15 13:15:54','2020-01-15 13:15:54'),(45,'appointment','a:14:{s:2:\"id\";i:2;s:7:\"user_id\";i:7;s:11:\"hospital_id\";i:15;s:10:\"patient_id\";i:23;s:12:\"patient_name\";N;s:8:\"relation\";N;s:8:\"services\";s:142:\"a:2:{i:0;a:2:{s:10:\"speciality\";s:1:\"1\";s:7:\"service\";a:1:{i:0;s:1:\"1\";}}i:1;a:2:{s:10:\"speciality\";s:1:\"2\";s:7:\"service\";a:1:{i:1;s:1:\"4\";}}}\";s:8:\"comments\";s:445:\"Lorem ipsum dolor sit amet, consectetur adipiscing elit, sed do eiusmod tempor incididunt ut labore et dolore magna aliqua. Ut enim ad minim veniam, quis nostrud exercitation ullamco laboris nisi ut aliquip ex ea commodo consequat. Duis aute irure dolor in reprehenderit in voluptate velit esse cillum dolore eu fugiat nulla pariatur. Excepteur sint occaecat cupidatat non proident, sunt in culpa qui officia deserunt mollit anim id est laborum.\";s:16:\"appointment_time\";s:7:\"3:02 am\";s:16:\"appointment_date\";s:9:\"2019-10-3\";s:7:\"charges\";i:8000;s:6:\"status\";s:7:\"pending\";s:10:\"created_at\";s:19:\"2020-01-15 13:15:54\";s:10:\"updated_at\";s:19:\"2020-01-15 13:15:54\";}','App\\Order',12,'2020-01-15 13:15:54','2020-01-15 13:15:54'),(46,'type','appointment','App\\Order',12,'2020-01-15 13:15:54','2020-01-15 13:15:54'),(47,'invoice_id','xxx_xxx_xxx','App\\Order',12,'2020-01-15 13:15:54','2020-01-15 13:15:54'),(48,'transaction_id','jh_1FOIEhGvHEQhfjqvSF8upVgV','App\\Order',12,'2020-01-15 13:15:54','2020-01-15 13:15:54'),(49,'appointment','a:14:{s:2:\"id\";i:2;s:7:\"user_id\";i:8;s:11:\"hospital_id\";i:16;s:10:\"patient_id\";i:24;s:12:\"patient_name\";N;s:8:\"relation\";N;s:8:\"services\";s:142:\"a:2:{i:0;a:2:{s:10:\"speciality\";s:1:\"1\";s:7:\"service\";a:1:{i:0;s:1:\"1\";}}i:1;a:2:{s:10:\"speciality\";s:1:\"2\";s:7:\"service\";a:1:{i:1;s:1:\"4\";}}}\";s:8:\"comments\";s:445:\"Lorem ipsum dolor sit amet, consectetur adipiscing elit, sed do eiusmod tempor incididunt ut labore et dolore magna aliqua. Ut enim ad minim veniam, quis nostrud exercitation ullamco laboris nisi ut aliquip ex ea commodo consequat. Duis aute irure dolor in reprehenderit in voluptate velit esse cillum dolore eu fugiat nulla pariatur. Excepteur sint occaecat cupidatat non proident, sunt in culpa qui officia deserunt mollit anim id est laborum.\";s:16:\"appointment_time\";s:7:\"3:02 am\";s:16:\"appointment_date\";s:9:\"2019-10-3\";s:7:\"charges\";i:8000;s:6:\"status\";s:7:\"pending\";s:10:\"created_at\";s:19:\"2020-01-15 13:15:54\";s:10:\"updated_at\";s:19:\"2020-01-15 13:15:54\";}','App\\Order',13,'2020-01-15 13:15:54','2020-01-15 13:15:54'),(50,'type','appointment','App\\Order',13,'2020-01-15 13:15:54','2020-01-15 13:15:54'),(51,'invoice_id','xxx_xxx_xxx','App\\Order',13,'2020-01-15 13:15:54','2020-01-15 13:15:54'),(52,'transaction_id','jh_1FOIEhGvHEQhfjqvSF8upVgV','App\\Order',13,'2020-01-15 13:15:54','2020-01-15 13:15:54'),(53,'type','package','App\\Order',14,'2020-01-15 14:52:54','2020-01-15 14:52:54'),(54,'package','a:9:{s:2:\"id\";i:1;s:5:\"title\";s:13:\"Trial Package\";s:8:\"subtitle\";s:13:\"30 Days Trial\";s:4:\"slug\";s:13:\"trial-package\";s:4:\"cost\";d:0;s:5:\"trial\";i:1;s:7:\"options\";s:244:\"a:8:{s:14:\"no_of_services\";s:2:\"10\";s:15:\"no_of_brochures\";s:2:\"20\";s:14:\"no_of_articles\";s:2:\"30\";s:12:\"no_of_awards\";s:2:\"25\";s:17:\"no_of_memberships\";s:2:\"28\";s:8:\"duration\";s:2:\"10\";s:8:\"bookings\";s:4:\"true\";s:12:\"private_chat\";s:4:\"true\";}\";s:10:\"created_at\";s:19:\"2020-01-15 13:15:53\";s:10:\"updated_at\";s:19:\"2020-01-15 13:15:53\";}','App\\Order',14,'2020-01-15 14:52:54','2020-01-15 14:52:54'),(115,'type','package','App\\Order',45,'2020-06-22 05:19:07','2020-06-22 05:19:07'),(116,'package','a:9:{s:2:\"id\";i:1;s:5:\"title\";s:13:\"Trial Package\";s:8:\"subtitle\";s:13:\"30 Days Trial\";s:4:\"slug\";s:13:\"trial-package\";s:4:\"cost\";d:0;s:5:\"trial\";i:1;s:7:\"options\";s:244:\"a:8:{s:14:\"no_of_services\";s:2:\"10\";s:15:\"no_of_brochures\";s:2:\"20\";s:14:\"no_of_articles\";s:2:\"30\";s:12:\"no_of_awards\";s:2:\"25\";s:17:\"no_of_memberships\";s:2:\"28\";s:8:\"duration\";s:2:\"10\";s:8:\"bookings\";s:4:\"true\";s:12:\"private_chat\";s:4:\"true\";}\";s:10:\"created_at\";s:27:\"2020-01-15T13:15:53.000000Z\";s:10:\"updated_at\";s:27:\"2020-01-15T13:15:53.000000Z\";}','App\\Order',45,'2020-06-22 05:19:07','2020-06-22 05:19:07'),(119,'type','package','App\\Order',47,'2020-06-22 05:20:54','2020-06-22 05:20:54'),(120,'package','a:9:{s:2:\"id\";i:1;s:5:\"title\";s:13:\"Trial Package\";s:8:\"subtitle\";s:13:\"30 Days Trial\";s:4:\"slug\";s:13:\"trial-package\";s:4:\"cost\";d:0;s:5:\"trial\";i:1;s:7:\"options\";s:244:\"a:8:{s:14:\"no_of_services\";s:2:\"10\";s:15:\"no_of_brochures\";s:2:\"20\";s:14:\"no_of_articles\";s:2:\"30\";s:12:\"no_of_awards\";s:2:\"25\";s:17:\"no_of_memberships\";s:2:\"28\";s:8:\"duration\";s:2:\"10\";s:8:\"bookings\";s:4:\"true\";s:12:\"private_chat\";s:4:\"true\";}\";s:10:\"created_at\";s:27:\"2020-01-15T13:15:53.000000Z\";s:10:\"updated_at\";s:27:\"2020-01-15T13:15:53.000000Z\";}','App\\Order',47,'2020-06-22 05:20:54','2020-06-22 05:20:54'),(141,'type','package','App\\Order',58,'2020-06-22 06:57:04','2020-06-22 06:57:04'),(142,'package','a:9:{s:2:\"id\";i:1;s:5:\"title\";s:13:\"Trial Package\";s:8:\"subtitle\";s:13:\"30 Days Trial\";s:4:\"slug\";s:13:\"trial-package\";s:4:\"cost\";d:0;s:5:\"trial\";i:1;s:7:\"options\";s:244:\"a:8:{s:14:\"no_of_services\";s:2:\"10\";s:15:\"no_of_brochures\";s:2:\"20\";s:14:\"no_of_articles\";s:2:\"30\";s:12:\"no_of_awards\";s:2:\"25\";s:17:\"no_of_memberships\";s:2:\"28\";s:8:\"duration\";s:2:\"10\";s:8:\"bookings\";s:4:\"true\";s:12:\"private_chat\";s:4:\"true\";}\";s:10:\"created_at\";s:27:\"2020-01-15T13:15:53.000000Z\";s:10:\"updated_at\";s:27:\"2020-01-15T13:15:53.000000Z\";}','App\\Order',58,'2020-06-22 06:57:04','2020-06-22 06:57:04'),(145,'type','package','App\\Order',60,'2020-06-22 06:58:51','2020-06-22 06:58:51'),(146,'package','a:9:{s:2:\"id\";i:1;s:5:\"title\";s:13:\"Trial Package\";s:8:\"subtitle\";s:13:\"30 Days Trial\";s:4:\"slug\";s:13:\"trial-package\";s:4:\"cost\";d:0;s:5:\"trial\";i:1;s:7:\"options\";s:244:\"a:8:{s:14:\"no_of_services\";s:2:\"10\";s:15:\"no_of_brochures\";s:2:\"20\";s:14:\"no_of_articles\";s:2:\"30\";s:12:\"no_of_awards\";s:2:\"25\";s:17:\"no_of_memberships\";s:2:\"28\";s:8:\"duration\";s:2:\"10\";s:8:\"bookings\";s:4:\"true\";s:12:\"private_chat\";s:4:\"true\";}\";s:10:\"created_at\";s:27:\"2020-01-15T13:15:53.000000Z\";s:10:\"updated_at\";s:27:\"2020-01-15T13:15:53.000000Z\";}','App\\Order',60,'2020-06-22 06:58:51','2020-06-22 06:58:51'),(151,'type','package','App\\Order',63,'2020-06-22 07:03:51','2020-06-22 07:03:51'),(152,'package','a:9:{s:2:\"id\";i:1;s:5:\"title\";s:13:\"Trial Package\";s:8:\"subtitle\";s:13:\"30 Days Trial\";s:4:\"slug\";s:13:\"trial-package\";s:4:\"cost\";d:0;s:5:\"trial\";i:1;s:7:\"options\";s:244:\"a:8:{s:14:\"no_of_services\";s:2:\"10\";s:15:\"no_of_brochures\";s:2:\"20\";s:14:\"no_of_articles\";s:2:\"30\";s:12:\"no_of_awards\";s:2:\"25\";s:17:\"no_of_memberships\";s:2:\"28\";s:8:\"duration\";s:2:\"10\";s:8:\"bookings\";s:4:\"true\";s:12:\"private_chat\";s:4:\"true\";}\";s:10:\"created_at\";s:27:\"2020-01-15T13:15:53.000000Z\";s:10:\"updated_at\";s:27:\"2020-01-15T13:15:53.000000Z\";}','App\\Order',63,'2020-06-22 07:03:51','2020-06-22 07:03:51'),(153,'type','package','App\\Order',64,'2020-06-22 07:04:48','2020-06-22 07:04:48'),(154,'package','a:9:{s:2:\"id\";i:1;s:5:\"title\";s:13:\"Trial Package\";s:8:\"subtitle\";s:13:\"30 Days Trial\";s:4:\"slug\";s:13:\"trial-package\";s:4:\"cost\";d:0;s:5:\"trial\";i:1;s:7:\"options\";s:244:\"a:8:{s:14:\"no_of_services\";s:2:\"10\";s:15:\"no_of_brochures\";s:2:\"20\";s:14:\"no_of_articles\";s:2:\"30\";s:12:\"no_of_awards\";s:2:\"25\";s:17:\"no_of_memberships\";s:2:\"28\";s:8:\"duration\";s:2:\"10\";s:8:\"bookings\";s:4:\"true\";s:12:\"private_chat\";s:4:\"true\";}\";s:10:\"created_at\";s:27:\"2020-01-15T13:15:53.000000Z\";s:10:\"updated_at\";s:27:\"2020-01-15T13:15:53.000000Z\";}','App\\Order',64,'2020-06-22 07:04:48','2020-06-22 07:04:48'),(159,'type','package','App\\Order',67,'2020-06-22 07:07:07','2020-06-22 07:07:07'),(160,'package','a:9:{s:2:\"id\";i:1;s:5:\"title\";s:13:\"Trial Package\";s:8:\"subtitle\";s:13:\"30 Days Trial\";s:4:\"slug\";s:13:\"trial-package\";s:4:\"cost\";d:0;s:5:\"trial\";i:1;s:7:\"options\";s:244:\"a:8:{s:14:\"no_of_services\";s:2:\"10\";s:15:\"no_of_brochures\";s:2:\"20\";s:14:\"no_of_articles\";s:2:\"30\";s:12:\"no_of_awards\";s:2:\"25\";s:17:\"no_of_memberships\";s:2:\"28\";s:8:\"duration\";s:2:\"10\";s:8:\"bookings\";s:4:\"true\";s:12:\"private_chat\";s:4:\"true\";}\";s:10:\"created_at\";s:27:\"2020-01-15T13:15:53.000000Z\";s:10:\"updated_at\";s:27:\"2020-01-15T13:15:53.000000Z\";}','App\\Order',67,'2020-06-22 07:07:07','2020-06-22 07:07:07'),(167,'type','package','App\\Order',71,'2020-06-22 07:10:06','2020-06-22 07:10:06'),(168,'package','a:9:{s:2:\"id\";i:1;s:5:\"title\";s:13:\"Trial Package\";s:8:\"subtitle\";s:13:\"30 Days Trial\";s:4:\"slug\";s:13:\"trial-package\";s:4:\"cost\";d:0;s:5:\"trial\";i:1;s:7:\"options\";s:244:\"a:8:{s:14:\"no_of_services\";s:2:\"10\";s:15:\"no_of_brochures\";s:2:\"20\";s:14:\"no_of_articles\";s:2:\"30\";s:12:\"no_of_awards\";s:2:\"25\";s:17:\"no_of_memberships\";s:2:\"28\";s:8:\"duration\";s:2:\"10\";s:8:\"bookings\";s:4:\"true\";s:12:\"private_chat\";s:4:\"true\";}\";s:10:\"created_at\";s:27:\"2020-01-15T13:15:53.000000Z\";s:10:\"updated_at\";s:27:\"2020-01-15T13:15:53.000000Z\";}','App\\Order',71,'2020-06-22 07:10:06','2020-06-22 07:10:06'),(173,'type','package','App\\Order',74,'2020-06-22 07:12:23','2020-06-22 07:12:23'),(174,'package','a:9:{s:2:\"id\";i:1;s:5:\"title\";s:13:\"Trial Package\";s:8:\"subtitle\";s:13:\"30 Days Trial\";s:4:\"slug\";s:13:\"trial-package\";s:4:\"cost\";d:0;s:5:\"trial\";i:1;s:7:\"options\";s:244:\"a:8:{s:14:\"no_of_services\";s:2:\"10\";s:15:\"no_of_brochures\";s:2:\"20\";s:14:\"no_of_articles\";s:2:\"30\";s:12:\"no_of_awards\";s:2:\"25\";s:17:\"no_of_memberships\";s:2:\"28\";s:8:\"duration\";s:2:\"10\";s:8:\"bookings\";s:4:\"true\";s:12:\"private_chat\";s:4:\"true\";}\";s:10:\"created_at\";s:27:\"2020-01-15T13:15:53.000000Z\";s:10:\"updated_at\";s:27:\"2020-01-15T13:15:53.000000Z\";}','App\\Order',74,'2020-06-22 07:12:23','2020-06-22 07:12:23'),(177,'type','package','App\\Order',76,'2020-06-22 07:14:14','2020-06-22 07:14:14'),(178,'package','a:9:{s:2:\"id\";i:1;s:5:\"title\";s:13:\"Trial Package\";s:8:\"subtitle\";s:13:\"30 Days Trial\";s:4:\"slug\";s:13:\"trial-package\";s:4:\"cost\";d:0;s:5:\"trial\";i:1;s:7:\"options\";s:244:\"a:8:{s:14:\"no_of_services\";s:2:\"10\";s:15:\"no_of_brochures\";s:2:\"20\";s:14:\"no_of_articles\";s:2:\"30\";s:12:\"no_of_awards\";s:2:\"25\";s:17:\"no_of_memberships\";s:2:\"28\";s:8:\"duration\";s:2:\"10\";s:8:\"bookings\";s:4:\"true\";s:12:\"private_chat\";s:4:\"true\";}\";s:10:\"created_at\";s:27:\"2020-01-15T13:15:53.000000Z\";s:10:\"updated_at\";s:27:\"2020-01-15T13:15:53.000000Z\";}','App\\Order',76,'2020-06-22 07:14:14','2020-06-22 07:14:14'),(193,'type','package','App\\Order',84,'2020-07-03 08:10:43','2020-07-03 08:10:43'),(194,'package','a:9:{s:2:\"id\";i:2;s:5:\"title\";s:5:\"Basic\";s:8:\"subtitle\";s:26:\"Extended Plan For Managers\";s:4:\"slug\";s:5:\"basic\";s:4:\"cost\";d:25;s:5:\"trial\";i:0;s:7:\"options\";s:244:\"a:8:{s:14:\"no_of_services\";s:2:\"50\";s:15:\"no_of_brochures\";s:2:\"25\";s:14:\"no_of_articles\";s:2:\"10\";s:12:\"no_of_awards\";s:2:\"15\";s:17:\"no_of_memberships\";s:2:\"20\";s:8:\"duration\";s:2:\"10\";s:8:\"bookings\";s:4:\"true\";s:12:\"private_chat\";s:4:\"true\";}\";s:10:\"created_at\";s:27:\"2020-01-15T13:15:53.000000Z\";s:10:\"updated_at\";s:27:\"2020-01-15T13:15:53.000000Z\";}','App\\Order',84,'2020-07-03 08:10:43','2020-07-03 08:10:43'),(195,'type','package','App\\Order',85,'2020-07-03 08:10:49','2020-07-03 08:10:49'),(196,'package','a:9:{s:2:\"id\";i:2;s:5:\"title\";s:5:\"Basic\";s:8:\"subtitle\";s:26:\"Extended Plan For Managers\";s:4:\"slug\";s:5:\"basic\";s:4:\"cost\";d:25;s:5:\"trial\";i:0;s:7:\"options\";s:244:\"a:8:{s:14:\"no_of_services\";s:2:\"50\";s:15:\"no_of_brochures\";s:2:\"25\";s:14:\"no_of_articles\";s:2:\"10\";s:12:\"no_of_awards\";s:2:\"15\";s:17:\"no_of_memberships\";s:2:\"20\";s:8:\"duration\";s:2:\"10\";s:8:\"bookings\";s:4:\"true\";s:12:\"private_chat\";s:4:\"true\";}\";s:10:\"created_at\";s:27:\"2020-01-15T13:15:53.000000Z\";s:10:\"updated_at\";s:27:\"2020-01-15T13:15:53.000000Z\";}','App\\Order',85,'2020-07-03 08:10:49','2020-07-03 08:10:49'),(203,'type','package','App\\Order',89,'2020-07-07 07:07:20','2020-07-07 07:07:20'),(204,'package','a:9:{s:2:\"id\";i:4;s:5:\"title\";s:7:\"Premium\";s:8:\"subtitle\";s:30:\"Popular Plan For Professionals\";s:4:\"slug\";s:7:\"premium\";s:4:\"cost\";d:120;s:5:\"trial\";i:0;s:7:\"options\";s:271:\"a:9:{s:14:\"no_of_services\";s:2:\"50\";s:15:\"no_of_brochures\";s:2:\"25\";s:14:\"no_of_articles\";s:2:\"10\";s:12:\"no_of_awards\";s:2:\"15\";s:17:\"no_of_memberships\";s:2:\"20\";s:8:\"duration\";s:3:\"360\";s:8:\"bookings\";s:4:\"true\";s:12:\"private_chat\";s:4:\"true\";s:8:\"featured\";s:4:\"true\";}\";s:10:\"created_at\";s:27:\"2020-01-15T13:15:53.000000Z\";s:10:\"updated_at\";s:27:\"2020-01-15T13:15:53.000000Z\";}','App\\Order',89,'2020-07-07 07:07:20','2020-07-07 07:07:20'),(205,'type','package','App\\Order',90,'2020-07-07 07:07:51','2020-07-07 07:07:51'),(206,'package','a:9:{s:2:\"id\";i:4;s:5:\"title\";s:7:\"Premium\";s:8:\"subtitle\";s:30:\"Popular Plan For Professionals\";s:4:\"slug\";s:7:\"premium\";s:4:\"cost\";d:120;s:5:\"trial\";i:0;s:7:\"options\";s:271:\"a:9:{s:14:\"no_of_services\";s:2:\"50\";s:15:\"no_of_brochures\";s:2:\"25\";s:14:\"no_of_articles\";s:2:\"10\";s:12:\"no_of_awards\";s:2:\"15\";s:17:\"no_of_memberships\";s:2:\"20\";s:8:\"duration\";s:3:\"360\";s:8:\"bookings\";s:4:\"true\";s:12:\"private_chat\";s:4:\"true\";s:8:\"featured\";s:4:\"true\";}\";s:10:\"created_at\";s:27:\"2020-01-15T13:15:53.000000Z\";s:10:\"updated_at\";s:27:\"2020-01-15T13:15:53.000000Z\";}','App\\Order',90,'2020-07-07 07:07:51','2020-07-07 07:07:51'),(207,'type','package','App\\Order',91,'2020-07-07 07:09:07','2020-07-07 07:09:07'),(208,'package','a:9:{s:2:\"id\";i:2;s:5:\"title\";s:5:\"Basic\";s:8:\"subtitle\";s:26:\"Extended Plan For Managers\";s:4:\"slug\";s:5:\"basic\";s:4:\"cost\";d:25;s:5:\"trial\";i:0;s:7:\"options\";s:244:\"a:8:{s:14:\"no_of_services\";s:2:\"50\";s:15:\"no_of_brochures\";s:2:\"25\";s:14:\"no_of_articles\";s:2:\"10\";s:12:\"no_of_awards\";s:2:\"15\";s:17:\"no_of_memberships\";s:2:\"20\";s:8:\"duration\";s:2:\"10\";s:8:\"bookings\";s:4:\"true\";s:12:\"private_chat\";s:4:\"true\";}\";s:10:\"created_at\";s:27:\"2020-01-15T13:15:53.000000Z\";s:10:\"updated_at\";s:27:\"2020-01-15T13:15:53.000000Z\";}','App\\Order',91,'2020-07-07 07:09:07','2020-07-07 07:09:07'),(211,'type','appointment','App\\Order',93,'2020-07-23 13:20:21','2020-07-23 13:20:21'),(212,'appointment','a:19:{s:2:\"id\";i:82;s:7:\"user_id\";i:240;s:11:\"hospital_id\";i:284;s:10:\"patient_id\";i:327;s:12:\"patient_name\";N;s:8:\"relation\";N;s:8:\"services\";N;s:8:\"comments\";N;s:16:\"appointment_time\";s:8:\"09:19 am\";s:16:\"appointment_date\";s:10:\"2020-07-24\";s:7:\"charges\";i:0;s:6:\"status\";s:7:\"pending\";s:10:\"created_at\";s:27:\"2020-07-23T13:00:52.000000Z\";s:10:\"updated_at\";s:27:\"2020-07-23T13:00:52.000000Z\";s:4:\"type\";s:5:\"visit\";s:9:\"follow_up\";N;s:6:\"booked\";N;s:14:\"direct_booking\";N;s:5:\"notes\";N;}','App\\Order',93,'2020-07-23 13:20:21','2020-07-23 13:20:21');
/*!40000 ALTER TABLE `order_metas` ENABLE KEYS */;
UNLOCK TABLES;

--
-- Table structure for table `orders`
--

DROP TABLE IF EXISTS `orders`;
/*!40101 SET @saved_cs_client     = @@character_set_client */;
/*!50503 SET character_set_client = utf8mb4 */;
CREATE TABLE `orders` (
  `id` bigint unsigned NOT NULL AUTO_INCREMENT,
  `user_id` int NOT NULL,
  `payment_gateway` varchar(191) CHARACTER SET utf8mb4 COLLATE utf8mb4_unicode_ci NOT NULL,
  `appointment_date` varchar(191) CHARACTER SET utf8mb4 COLLATE utf8mb4_unicode_ci DEFAULT NULL,
  `status` enum('pending','completed') CHARACTER SET utf8mb4 COLLATE utf8mb4_unicode_ci NOT NULL,
  `created_at` timestamp NULL DEFAULT NULL,
  `updated_at` timestamp NULL DEFAULT NULL,
  PRIMARY KEY (`id`)
) ENGINE=InnoDB AUTO_INCREMENT=95 DEFAULT CHARSET=utf8mb4 COLLATE=utf8mb4_unicode_ci;
/*!40101 SET character_set_client = @saved_cs_client */;

--
-- Dumping data for table `orders`
--

LOCK TABLES `orders` WRITE;
/*!40000 ALTER TABLE `orders` DISABLE KEYS */;
INSERT INTO `orders` VALUES (9,4,'paypal','2020-1-15','completed','2020-01-15 13:15:54','2020-01-15 13:15:54'),(10,21,'paypal','2020-1-15','completed','2020-01-15 13:15:54','2020-01-15 13:15:54'),(11,22,'paypal','2020-1-15','completed','2020-01-15 13:15:54','2020-01-15 13:15:54'),(12,23,'paypal','2020-1-15','completed','2020-01-15 13:15:54','2020-01-15 13:15:54'),(13,24,'paypal','2020-1-15','completed','2020-01-15 13:15:54','2020-01-15 13:15:54'),(14,25,'paypal',NULL,'pending','2020-01-15 14:52:54','2020-01-15 14:52:54'),(45,222,'paypal',NULL,'pending','2020-06-22 05:19:07','2020-06-22 05:19:07'),(47,224,'paypal',NULL,'pending','2020-06-22 05:20:54','2020-06-22 05:20:54'),(58,235,'paypal',NULL,'pending','2020-06-22 06:57:04','2020-06-22 06:57:04'),(60,237,'paypal',NULL,'pending','2020-06-22 06:58:51','2020-06-22 06:58:51'),(63,240,'paypal',NULL,'pending','2020-06-22 07:03:51','2020-06-22 07:03:51'),(64,241,'paypal',NULL,'pending','2020-06-22 07:04:48','2020-06-22 07:04:48'),(67,244,'paypal',NULL,'pending','2020-06-22 07:07:07','2020-06-22 07:07:07'),(71,248,'paypal',NULL,'pending','2020-06-22 07:10:06','2020-06-22 07:10:06'),(74,251,'paypal',NULL,'pending','2020-06-22 07:12:23','2020-06-22 07:12:23'),(76,253,'paypal',NULL,'pending','2020-06-22 07:14:14','2020-06-22 07:14:14'),(84,235,'paypal',NULL,'pending','2020-07-03 08:10:43','2020-07-03 08:10:43'),(85,235,'stripe',NULL,'pending','2020-07-03 08:10:49','2020-07-03 08:10:49'),(89,235,'paypal',NULL,'pending','2020-07-07 07:07:20','2020-07-07 07:07:20'),(90,235,'stripe',NULL,'pending','2020-07-07 07:07:51','2020-07-07 07:07:51'),(91,235,'paypal',NULL,'pending','2020-07-07 07:09:07','2020-07-07 07:09:07'),(93,327,'stripe','2020-07-24','pending','2020-07-23 13:20:21','2020-07-23 13:20:21');
/*!40000 ALTER TABLE `orders` ENABLE KEYS */;
UNLOCK TABLES;

--
-- Table structure for table `packages`
--

DROP TABLE IF EXISTS `packages`;
/*!40101 SET @saved_cs_client     = @@character_set_client */;
/*!50503 SET character_set_client = utf8mb4 */;
CREATE TABLE `packages` (
  `id` int unsigned NOT NULL AUTO_INCREMENT,
  `title` varchar(191) CHARACTER SET utf8mb4 COLLATE utf8mb4_unicode_ci NOT NULL,
  `subtitle` varchar(191) CHARACTER SET utf8mb4 COLLATE utf8mb4_unicode_ci NOT NULL,
  `slug` varchar(191) CHARACTER SET utf8mb4 COLLATE utf8mb4_unicode_ci NOT NULL,
  `cost` double(8,2) NOT NULL,
  `trial` tinyint NOT NULL,
  `options` text CHARACTER SET utf8mb4 COLLATE utf8mb4_unicode_ci NOT NULL,
  `created_at` timestamp NULL DEFAULT NULL,
  `updated_at` timestamp NULL DEFAULT NULL,
  PRIMARY KEY (`id`),
  UNIQUE KEY `packages_slug_unique` (`slug`)
) ENGINE=InnoDB AUTO_INCREMENT=7 DEFAULT CHARSET=utf8mb4 COLLATE=utf8mb4_unicode_ci;
/*!40101 SET character_set_client = @saved_cs_client */;

--
-- Dumping data for table `packages`
--

LOCK TABLES `packages` WRITE;
/*!40000 ALTER TABLE `packages` DISABLE KEYS */;
INSERT INTO `packages` VALUES (1,'Trial Package','30 Days Trial','trial-package',0.00,1,'a:8:{s:14:\"no_of_services\";s:2:\"10\";s:15:\"no_of_brochures\";s:2:\"20\";s:14:\"no_of_articles\";s:2:\"30\";s:12:\"no_of_awards\";s:2:\"25\";s:17:\"no_of_memberships\";s:2:\"28\";s:8:\"duration\";s:2:\"10\";s:8:\"bookings\";s:4:\"true\";s:12:\"private_chat\";s:4:\"true\";}','2020-01-15 13:15:53','2020-01-15 13:15:53'),(2,'Basic','Extended Plan For Managers','basic',25.00,0,'a:8:{s:14:\"no_of_services\";s:2:\"50\";s:15:\"no_of_brochures\";s:2:\"25\";s:14:\"no_of_articles\";s:2:\"10\";s:12:\"no_of_awards\";s:2:\"15\";s:17:\"no_of_memberships\";s:2:\"20\";s:8:\"duration\";s:2:\"10\";s:8:\"bookings\";s:4:\"true\";s:12:\"private_chat\";s:4:\"true\";}','2020-01-15 13:15:53','2020-01-15 13:15:53'),(3,'Standard','Starter Plan For Newbie','standard',90.00,0,'a:8:{s:14:\"no_of_services\";s:2:\"50\";s:15:\"no_of_brochures\";s:2:\"25\";s:14:\"no_of_articles\";s:2:\"10\";s:12:\"no_of_awards\";s:2:\"15\";s:17:\"no_of_memberships\";s:2:\"20\";s:8:\"duration\";s:2:\"30\";s:8:\"bookings\";s:4:\"true\";s:12:\"private_chat\";s:4:\"true\";}','2020-01-15 13:15:53','2020-01-15 13:15:53'),(4,'Premium','Popular Plan For Professionals','premium',120.00,0,'a:9:{s:14:\"no_of_services\";s:2:\"50\";s:15:\"no_of_brochures\";s:2:\"25\";s:14:\"no_of_articles\";s:2:\"10\";s:12:\"no_of_awards\";s:2:\"15\";s:17:\"no_of_memberships\";s:2:\"20\";s:8:\"duration\";s:3:\"360\";s:8:\"bookings\";s:4:\"true\";s:12:\"private_chat\";s:4:\"true\";s:8:\"featured\";s:4:\"true\";}','2020-01-15 13:15:53','2020-01-15 13:15:53');
/*!40000 ALTER TABLE `packages` ENABLE KEYS */;
UNLOCK TABLES;

--
-- Table structure for table `pages`
--

DROP TABLE IF EXISTS `pages`;
/*!40101 SET @saved_cs_client     = @@character_set_client */;
/*!50503 SET character_set_client = utf8mb4 */;
CREATE TABLE `pages` (
  `id` bigint unsigned NOT NULL AUTO_INCREMENT,
  `title` varchar(191) CHARACTER SET utf8mb4 COLLATE utf8mb4_unicode_ci NOT NULL,
  `slug` varchar(191) CHARACTER SET utf8mb4 COLLATE utf8mb4_unicode_ci NOT NULL,
  `body` longtext CHARACTER SET utf8mb4 COLLATE utf8mb4_unicode_ci NOT NULL,
  `meta` text CHARACTER SET utf8mb4 COLLATE utf8mb4_unicode_ci,
  `relation_type` int DEFAULT NULL,
  `created_at` timestamp NULL DEFAULT NULL,
  `updated_at` timestamp NULL DEFAULT NULL,
  PRIMARY KEY (`id`),
  UNIQUE KEY `pages_slug_unique` (`slug`)
) ENGINE=InnoDB AUTO_INCREMENT=10 DEFAULT CHARSET=utf8mb4 COLLATE=utf8mb4_unicode_ci;
/*!40101 SET character_set_client = @saved_cs_client */;

--
-- Dumping data for table `pages`
--

LOCK TABLES `pages` WRITE;
/*!40000 ALTER TABLE `pages` DISABLE KEYS */;
INSERT INTO `pages` VALUES (6,'About us','about-us','<h2 class=\"h4\" style=\"box-sizing: border-box; margin-top: 0px; margin-bottom: 0.5rem; font-family: \'Open Sans\', Arial, sans-serif; font-weight: 500; line-height: 1.2; color: #232426; font-size: 1.5rem;\">About DoctorFindy</h2>\n<p style=\"box-sizing: border-box; margin-top: 0px; margin-bottom: 1rem; color: #232426; font-family: \'Open Sans\', Arial, sans-serif; font-size: 16px;\">DoctorFindy is Pakistan&rsquo;s premier digital healthcare platform that aims to revolutionize the local healthcare market. It connects patients with the right doctors and enables the doctors to optimize their medical practices via their practice management software. Patients can use DoctorFindy&nbsp;(web or mobile app) for the online doctor appointment, e-consultation and online lab tests. On the other hand, the doctors can manage their appointments, automate their scheduling, manage medical records, and process billing.</p>','a:2:{s:8:\"seo_desc\";N;s:9:\"show_page\";s:5:\"false\";}',0,'2020-04-15 14:54:43','2020-04-15 14:56:02'),(8,'a','aas','<p>as</p>','a:2:{s:8:\"seo_desc\";s:2:\"as\";s:9:\"show_page\";s:4:\"true\";}',0,'2020-07-10 07:37:52','2020-07-10 07:37:52'),(9,'df','df','<p>df</p>','a:2:{s:8:\"seo_desc\";N;s:9:\"show_page\";s:4:\"true\";}',0,'2020-07-10 07:44:47','2020-07-10 07:44:47');
/*!40000 ALTER TABLE `pages` ENABLE KEYS */;
UNLOCK TABLES;

--
-- Table structure for table `password_resets`
--

DROP TABLE IF EXISTS `password_resets`;
/*!40101 SET @saved_cs_client     = @@character_set_client */;
/*!50503 SET character_set_client = utf8mb4 */;
CREATE TABLE `password_resets` (
  `email` varchar(191) CHARACTER SET utf8mb4 COLLATE utf8mb4_unicode_ci NOT NULL,
  `token` varchar(191) CHARACTER SET utf8mb4 COLLATE utf8mb4_unicode_ci NOT NULL,
  `created_at` timestamp NULL DEFAULT NULL,
  KEY `password_resets_email_index` (`email`)
) ENGINE=InnoDB DEFAULT CHARSET=utf8mb4 COLLATE=utf8mb4_unicode_ci;
/*!40101 SET character_set_client = @saved_cs_client */;

--
-- Dumping data for table `password_resets`
--

LOCK TABLES `password_resets` WRITE;
/*!40000 ALTER TABLE `password_resets` DISABLE KEYS */;
INSERT INTO `password_resets` VALUES ('rali4888@gmail.com','$2y$10$gLk2fm5B5h.rjV7gOzZHl.CDIXuObOH9QKM/FhSWcvldxEFx6XZRK','2020-07-03 06:59:47');
/*!40000 ALTER TABLE `password_resets` ENABLE KEYS */;
UNLOCK TABLES;

--
-- Table structure for table `payouts`
--

DROP TABLE IF EXISTS `payouts`;
/*!40101 SET @saved_cs_client     = @@character_set_client */;
/*!50503 SET character_set_client = utf8mb4 */;
CREATE TABLE `payouts` (
  `id` int unsigned NOT NULL AUTO_INCREMENT,
  `amount` varchar(191) CHARACTER SET utf8mb4 COLLATE utf8mb4_unicode_ci NOT NULL,
  `payment_method` varchar(191) CHARACTER SET utf8mb4 COLLATE utf8mb4_unicode_ci NOT NULL,
  `currency` varchar(191) CHARACTER SET utf8mb4 COLLATE utf8mb4_unicode_ci NOT NULL,
  `status` varchar(191) CHARACTER SET utf8mb4 COLLATE utf8mb4_unicode_ci NOT NULL,
  `payout_detail` text CHARACTER SET utf8mb4 COLLATE utf8mb4_unicode_ci,
  `created_at` timestamp NULL DEFAULT NULL,
  `updated_at` timestamp NULL DEFAULT NULL,
  `user_id` bigint unsigned NOT NULL,
  `order_id` bigint unsigned NOT NULL,
  PRIMARY KEY (`id`),
  KEY `payouts_user_id_foreign` (`user_id`),
  KEY `payouts_order_id_foreign` (`order_id`),
  CONSTRAINT `payouts_order_id_foreign` FOREIGN KEY (`order_id`) REFERENCES `orders` (`id`) ON DELETE CASCADE,
  CONSTRAINT `payouts_user_id_foreign` FOREIGN KEY (`user_id`) REFERENCES `users` (`id`) ON DELETE CASCADE
) ENGINE=InnoDB AUTO_INCREMENT=6 DEFAULT CHARSET=utf8mb4 COLLATE=utf8mb4_unicode_ci;
/*!40101 SET character_set_client = @saved_cs_client */;

--
-- Dumping data for table `payouts`
--

LOCK TABLES `payouts` WRITE;
/*!40000 ALTER TABLE `payouts` DISABLE KEYS */;
/*!40000 ALTER TABLE `payouts` ENABLE KEYS */;
UNLOCK TABLES;

--
-- Table structure for table `permissions`
--

DROP TABLE IF EXISTS `permissions`;
/*!40101 SET @saved_cs_client     = @@character_set_client */;
/*!50503 SET character_set_client = utf8mb4 */;
CREATE TABLE `permissions` (
  `id` int unsigned NOT NULL AUTO_INCREMENT,
  `name` varchar(191) CHARACTER SET utf8mb4 COLLATE utf8mb4_unicode_ci NOT NULL,
  `guard_name` varchar(191) CHARACTER SET utf8mb4 COLLATE utf8mb4_unicode_ci NOT NULL,
  `created_at` timestamp NULL DEFAULT NULL,
  `updated_at` timestamp NULL DEFAULT NULL,
  PRIMARY KEY (`id`)
) ENGINE=InnoDB AUTO_INCREMENT=2 DEFAULT CHARSET=utf8mb4 COLLATE=utf8mb4_unicode_ci;
/*!40101 SET character_set_client = @saved_cs_client */;

--
-- Dumping data for table `permissions`
--

LOCK TABLES `permissions` WRITE;
/*!40000 ALTER TABLE `permissions` DISABLE KEYS */;
INSERT INTO `permissions` VALUES (1,'create_skills','admin','2020-01-15 13:15:53','2020-01-15 13:15:53');
/*!40000 ALTER TABLE `permissions` ENABLE KEYS */;
UNLOCK TABLES;

--
-- Table structure for table `procedures`
--

DROP TABLE IF EXISTS `procedures`;
/*!40101 SET @saved_cs_client     = @@character_set_client */;
/*!50503 SET character_set_client = utf8mb4 */;
CREATE TABLE `procedures` (
  `id` int NOT NULL AUTO_INCREMENT,
  `name` varchar(190) DEFAULT NULL,
  `fee` varchar(190) DEFAULT NULL,
  `created_at` timestamp NULL DEFAULT NULL,
  `updated_at` timestamp NULL DEFAULT NULL,
  `color` varchar(45) DEFAULT NULL,
  `image` varchar(45) DEFAULT NULL,
  `description` longtext,
  `details` longtext,
  PRIMARY KEY (`id`)
) ENGINE=InnoDB AUTO_INCREMENT=256 DEFAULT CHARSET=latin1;
/*!40101 SET character_set_client = @saved_cs_client */;

--
-- Dumping data for table `procedures`
--

LOCK TABLES `procedures` WRITE;
/*!40000 ALTER TABLE `procedures` DISABLE KEYS */;
INSERT INTO `procedures` VALUES (33,'Adrenal Surgery','20000','2020-07-28 09:36:35','2020-09-21 06:00:18','green','1600668018-bypass-grafting-image.png','<p>Lorem ipsum dolor sit amet, consectetuer adipiscing elit. Maecenas feugiat consequat diam. Maecenas metus. Vivamus diam purus, cursus a, commodo non, facilisis vitae, nulla. Aenean dictum lacinia tortor. Nunc iaculis, nibh non iaculis aliquam, orci felis euismod neque, sed ornare massa mauris sed velit. Nulla pretium mi et risus. Fusce mi pede, tempor id, cursus ac, ullamcorper nec, enim. Sed tortor. Curabitur molestie. Duis velit augue, condimentum at, ultrices a, luctus ut, orci. Donec pellentesque egestas eros. Integer cursus, augue in cursus faucibus, eros pede bibendum sem, in tempus tellus justo quis ligula. Etiam eget tortor. Vestibulum rutrum, est ut placerat elementum, lectus nisl aliquam velit, tempor aliquam eros nunc nonummy metus. In eros metus, gravida a, gravida sed, lobortis id, turpis. Ut ultrices, ipsum at venenatis fringilla, sem nulla lacinia tellus, eget aliquet turpis mauris non enim. Nam turpis. Suspendisse lacinia. Curabitur ac tortor ut ipsum egestas elementum. Nunc imperdiet gravida mauris.</p>','{\"procedure_type\":\"surgical\",\"function\":\"filters and purifies the blood\",\"common_names\":\"dialysis\",\"pain_intensity\":\"painful\",\"procedure_duration\":\"4 to 5 hours\",\"hospital_days\":\"4 to 5 hours\",\"anesthesia_type\":\"general\"}'),(34,'Advancement Flaps','4000','2020-07-28 09:36:56','2020-09-21 06:31:12','pink','1600669782-coronary-image-2.png',NULL,'{\"procedure_type\":null,\"function\":null,\"common_names\":null,\"pain_intensity\":null,\"procedure_duration\":null,\"hospital_days\":null,\"anesthesia_type\":null}'),(35,'Alar Cartilage Resection Rhinoplasty','20000','2020-07-28 09:38:20','2020-09-21 05:47:51','green','1600667271-laparoscopic-image.png','<p>Lorem ipsum dolor sit amet, consectetuer adipiscing elit. Maecenas feugiat consequat diam. Maecenas metus. Vivamus diam purus, cursus a, commodo non, facilisis vitae, nulla. Aenean dictum lacinia tortor. Nunc iaculis, nibh non iaculis aliquam, orci felis euismod neque, sed ornare massa mauris sed velit. Nulla pretium mi et risus. Fusce mi pede, tempor id, cursus ac, ullamcorper nec, enim. Sed tortor. Curabitur molestie. Duis velit augue, condimentum at, ultrices a, luctus ut, orci. Donec pellentesque egestas eros. Integer cursus, augue in cursus faucibus, eros pede bibendum sem, in tempus tellus justo quis ligula. Etiam eget tortor. Vestibulum rutrum, est ut placerat elementum, lectus nisl aliquam velit, tempor aliquam eros nunc nonummy metus. In eros metus, gravida a, gravida sed, lobortis id, turpis. Ut ultrices, ipsum at venenatis fringilla, sem nulla lacinia tellus, eget aliquet turpis mauris non enim. Nam turpis. Suspendisse lacinia. Curabitur ac tortor ut ipsum egestas elementum. Nunc imperdiet gravida mauris.</p>','{\"procedure_type\":\"surgical\",\"function\":\"filters and purifies the blood\",\"common_names\":\"dialysis\",\"pain_intensity\":\"painful\",\"procedure_duration\":\"4 to 5 hours\",\"hospital_days\":\"4 to 5 hours\",\"anesthesia_type\":\"local\"}'),(37,'Allograft Reconstruction of the ACL-Deficient Knee','7000','2020-07-28 09:38:57','2020-09-21 06:31:22','cyan','1600668270-bypass-grafting-image.png',NULL,'{\"procedure_type\":null,\"function\":null,\"common_names\":null,\"pain_intensity\":null,\"procedure_duration\":null,\"hospital_days\":null,\"anesthesia_type\":null}'),(38,'Ambulatory EEG','60000','2020-07-28 09:39:12','2020-09-21 06:00:31','green','1600668031-kidney-image.png','<p>Lorem ipsum dolor sit amet, consectetuer adipiscing elit. Maecenas feugiat consequat diam. Maecenas metus. Vivamus diam purus, cursus a, commodo non, facilisis vitae, nulla. Aenean dictum lacinia tortor. Nunc iaculis, nibh non iaculis aliquam, orci felis euismod neque, sed ornare massa mauris sed velit. Nulla pretium mi et risus. Fusce mi pede, tempor id, cursus ac, ullamcorper nec, enim. Sed tortor. Curabitur molestie. Duis velit augue, condimentum at, ultrices a, luctus ut, orci. Donec pellentesque egestas eros. Integer cursus, augue in cursus faucibus, eros pede bibendum sem, in tempus tellus justo quis ligula. Etiam eget tortor. Vestibulum rutrum, est ut placerat elementum, lectus nisl aliquam velit, tempor aliquam eros nunc nonummy metus. In eros metus, gravida a, gravida sed, lobortis id, turpis. Ut ultrices, ipsum at venenatis fringilla, sem nulla lacinia tellus, eget aliquet turpis mauris non enim. Nam turpis. Suspendisse lacinia. Curabitur ac tortor ut ipsum egestas elementum. Nunc imperdiet gravida mauris.</p>','{\"procedure_type\":\"surgical\",\"function\":\"filters and purifies the blood\",\"common_names\":\"dialysis\",\"pain_intensity\":\"painful\",\"procedure_duration\":\"4 to 5 hours\",\"hospital_days\":\"4 to 5 hours\",\"anesthesia_type\":\"general\"}'),(39,'Ambulatory Phlebectomy for Treatment of Varicose Veins','80000','2020-07-28 09:39:28','2020-09-21 05:47:38','red','1600667258-laparoscopic-image.png','<p>Lorem ipsum dolor sit amet, consectetuer adipiscing elit. Maecenas feugiat consequat diam. Maecenas metus. Vivamus diam purus, cursus a, commodo non, facilisis vitae, nulla. Aenean dictum lacinia tortor. Nunc iaculis, nibh non iaculis aliquam, orci felis euismod neque, sed ornare massa mauris sed velit. Nulla pretium mi et risus. Fusce mi pede, tempor id, cursus ac, ullamcorper nec, enim. Sed tortor. Curabitur molestie. Duis velit augue, condimentum at, ultrices a, luctus ut, orci. Donec pellentesque egestas eros. Integer cursus, augue in cursus faucibus, eros pede bibendum sem, in tempus tellus justo quis ligula. Etiam eget tortor. Vestibulum rutrum, est ut placerat elementum, lectus nisl aliquam velit, tempor aliquam eros nunc nonummy metus. In eros metus, gravida a, gravida sed, lobortis id, turpis. Ut ultrices, ipsum at venenatis fringilla, sem nulla lacinia tellus, eget aliquet turpis mauris non enim. Nam turpis. Suspendisse lacinia. Curabitur ac tortor ut ipsum egestas elementum. Nunc imperdiet gravida mauris.</p>','{\"procedure_type\":\"surgical\",\"function\":\"filters and purifies the blood\",\"common_names\":\"dialysis\",\"pain_intensity\":\"painful\",\"procedure_duration\":\"4 to 5 hours\",\"hospital_days\":\"4 to 5 hours\",\"anesthesia_type\":\"local\"}'),(40,'Amniocentesis','60000','2020-07-28 09:39:50','2020-09-21 05:47:33','green','1600667253-laparoscopic-image.png','<p>Lorem ipsum dolor sit amet, consectetuer adipiscing elit. Maecenas feugiat consequat diam. Maecenas metus. Vivamus diam purus, cursus a, commodo non, facilisis vitae, nulla. Aenean dictum lacinia tortor. Nunc iaculis, nibh non iaculis aliquam, orci felis euismod neque, sed ornare massa mauris sed velit. Nulla pretium mi et risus. Fusce mi pede, tempor id, cursus ac, ullamcorper nec, enim. Sed tortor. Curabitur molestie. Duis velit augue, condimentum at, ultrices a, luctus ut, orci. Donec pellentesque egestas eros. Integer cursus, augue in cursus faucibus, eros pede bibendum sem, in tempus tellus justo quis ligula. Etiam eget tortor. Vestibulum rutrum, est ut placerat elementum, lectus nisl aliquam velit, tempor aliquam eros nunc nonummy metus. In eros metus, gravida a, gravida sed, lobortis id, turpis. Ut ultrices, ipsum at venenatis fringilla, sem nulla lacinia tellus, eget aliquet turpis mauris non enim. Nam turpis. Suspendisse lacinia. Curabitur ac tortor ut ipsum egestas elementum. Nunc imperdiet gravida mauris.</p>','{\"procedure_type\":\"surgical\",\"function\":\"filters and purifies the blood\",\"common_names\":\"dialysis\",\"pain_intensity\":\"painful\",\"procedure_duration\":\"4 to 5 hours\",\"hospital_days\":\"4 to 5 hours\",\"anesthesia_type\":\"general\"}'),(45,'Amygdalohippocampectomy','2000','2020-07-28 09:41:06','2020-07-28 09:41:06',NULL,NULL,NULL,NULL),(46,'Anal Fissurectomy','800000','2020-07-28 09:41:23','2020-09-21 05:46:05','red','1600667165-bypass-grafting-image.png','<p>Lorem ipsum dolor sit amet, consectetuer adipiscing elit. Maecenas feugiat consequat diam. Maecenas metus. Vivamus diam purus, cursus a, commodo non, facilisis vitae, nulla. Aenean dictum lacinia tortor. Nunc iaculis, nibh non iaculis aliquam, orci felis euismod neque, sed ornare massa mauris sed velit. Nulla pretium mi et risus. Fusce mi pede, tempor id, cursus ac, ullamcorper nec, enim. Sed tortor. Curabitur molestie. Duis velit augue, condimentum at, ultrices a, luctus ut, orci. Donec pellentesque egestas eros. Integer cursus, augue in cursus faucibus, eros pede bibendum sem, in tempus tellus justo quis ligula. Etiam eget tortor. Vestibulum rutrum, est ut placerat elementum, lectus nisl aliquam velit, tempor aliquam eros nunc nonummy metus. In eros metus, gravida a, gravida sed, lobortis id, turpis. Ut ultrices, ipsum at venenatis fringilla, sem nulla lacinia tellus, eget aliquet turpis mauris non enim. Nam turpis. Suspendisse lacinia. Curabitur ac tortor ut ipsum egestas elementum. Nunc imperdiet gravida mauris.</p>','{\"procedure_type\":\"non-surgical\",\"function\":\"filters and purifies the blood\",\"common_names\":\"dialysis\",\"pain_intensity\":\"less painful\",\"procedure_duration\":\"4 to 5 hours\",\"hospital_days\":\"4 to 5 hours\",\"anesthesia_type\":\"general\"}'),(47,'Anal Fistulotomy','60000','2020-07-28 09:41:43','2020-07-28 09:41:43',NULL,NULL,NULL,NULL),(49,'Anal Surgery for Hemorrhoids','60000','2020-07-28 09:42:26','2020-09-21 05:47:24','red','1600667244-laparoscopic-image.png','<p>Lorem ipsum dolor sit amet, consectetuer adipiscing elit. Maecenas feugiat consequat diam. Maecenas metus. Vivamus diam purus, cursus a, commodo non, facilisis vitae, nulla. Aenean dictum lacinia tortor. Nunc iaculis, nibh non iaculis aliquam, orci felis euismod neque, sed ornare massa mauris sed velit. Nulla pretium mi et risus. Fusce mi pede, tempor id, cursus ac, ullamcorper nec, enim. Sed tortor. Curabitur molestie. Duis velit augue, condimentum at, ultrices a, luctus ut, orci. Donec pellentesque egestas eros. Integer cursus, augue in cursus faucibus, eros pede bibendum sem, in tempus tellus justo quis ligula. Etiam eget tortor. Vestibulum rutrum, est ut placerat elementum, lectus nisl aliquam velit, tempor aliquam eros nunc nonummy metus. In eros metus, gravida a, gravida sed, lobortis id, turpis. Ut ultrices, ipsum at venenatis fringilla, sem nulla lacinia tellus, eget aliquet turpis mauris non enim. Nam turpis. Suspendisse lacinia. Curabitur ac tortor ut ipsum egestas elementum. Nunc imperdiet gravida mauris.</p>','{\"procedure_type\":\"non-surgical\",\"function\":\"filters and purifies the blood\",\"common_names\":\"dialysis\",\"pain_intensity\":\"less painful\",\"procedure_duration\":\"4 to 5 hours\",\"hospital_days\":\"4 to 5 hours\",\"anesthesia_type\":\"general\"}'),(50,'Anesthesia, Regional, Digital Block','7000','2020-07-28 09:42:40','2020-09-21 05:47:05','green','1600667225-kidney-image.png','<p>Lorem ipsum dolor sit amet, consectetuer adipiscing elit. Maecenas feugiat consequat diam. Maecenas metus. Vivamus diam purus, cursus a, commodo non, facilisis vitae, nulla. Aenean dictum lacinia tortor. Nunc iaculis, nibh non iaculis aliquam, orci felis euismod neque, sed ornare massa mauris sed velit. Nulla pretium mi et risus. Fusce mi pede, tempor id, cursus ac, ullamcorper nec, enim. Sed tortor. Curabitur molestie. Duis velit augue, condimentum at, ultrices a, luctus ut, orci. Donec pellentesque egestas eros. Integer cursus, augue in cursus faucibus, eros pede bibendum sem, in tempus tellus justo quis ligula. Etiam eget tortor. Vestibulum rutrum, est ut placerat elementum, lectus nisl aliquam velit, tempor aliquam eros nunc nonummy metus. In eros metus, gravida a, gravida sed, lobortis id, turpis. Ut ultrices, ipsum at venenatis fringilla, sem nulla lacinia tellus, eget aliquet turpis mauris non enim. Nam turpis. Suspendisse lacinia. Curabitur ac tortor ut ipsum egestas elementum. Nunc imperdiet gravida mauris.</p>','{\"procedure_type\":\"non-surgical\",\"function\":\"filters and purifies the blood\",\"common_names\":\"dialysis\",\"pain_intensity\":\"less painful\",\"procedure_duration\":\"4 to 5 hours\",\"hospital_days\":\"4 to 5 hours\",\"anesthesia_type\":\"general\"}'),(52,'Ankle Arthrocentesis','1000','2020-07-28 09:43:18','2020-09-21 05:46:45','blue','1600667205-delivery-image.png','<p>Lorem ipsum dolor sit amet, consectetuer adipiscing elit. Maecenas feugiat consequat diam. Maecenas metus. Vivamus diam purus, cursus a, commodo non, facilisis vitae, nulla. Aenean dictum lacinia tortor. Nunc iaculis, nibh non iaculis aliquam, orci felis euismod neque, sed ornare massa mauris sed velit. Nulla pretium mi et risus. Fusce mi pede, tempor id, cursus ac, ullamcorper nec, enim. Sed tortor. Curabitur molestie. Duis velit augue, condimentum at, ultrices a, luctus ut, orci. Donec pellentesque egestas eros. Integer cursus, augue in cursus faucibus, eros pede bibendum sem, in tempus tellus justo quis ligula. Etiam eget tortor. Vestibulum rutrum, est ut placerat elementum, lectus nisl aliquam velit, tempor aliquam eros nunc nonummy metus. In eros metus, gravida a, gravida sed, lobortis id, turpis. Ut ultrices, ipsum at venenatis fringilla, sem nulla lacinia tellus, eget aliquet turpis mauris non enim. Nam turpis. Suspendisse lacinia. Curabitur ac tortor ut ipsum egestas elementum. Nunc imperdiet gravida mauris.</p>','{\"procedure_type\":\"non-surgical\",\"function\":\"filters and purifies the blood\",\"common_names\":\"dialysis\",\"pain_intensity\":\"less painful\",\"procedure_duration\":\"4 to 5 hours\",\"hospital_days\":\"4 to 5 hours\",\"anesthesia_type\":\"local\"}'),(53,'Ankle Arthroscopy','3000','2020-07-28 09:43:37','2020-09-21 05:46:28','green','1600667188-coronary-image.png','<p>Lorem ipsum dolor sit amet, consectetuer adipiscing elit. Maecenas feugiat consequat diam. Maecenas metus. Vivamus diam purus, cursus a, commodo non, facilisis vitae, nulla. Aenean dictum lacinia tortor. Nunc iaculis, nibh non iaculis aliquam, orci felis euismod neque, sed ornare massa mauris sed velit. Nulla pretium mi et risus. Fusce mi pede, tempor id, cursus ac, ullamcorper nec, enim. Sed tortor. Curabitur molestie. Duis velit augue, condimentum at, ultrices a, luctus ut, orci. Donec pellentesque egestas eros. Integer cursus, augue in cursus faucibus, eros pede bibendum sem, in tempus tellus justo quis ligula. Etiam eget tortor. Vestibulum rutrum, est ut placerat elementum, lectus nisl aliquam velit, tempor aliquam eros nunc nonummy metus. In eros metus, gravida a, gravida sed, lobortis id, turpis. Ut ultrices, ipsum at venenatis fringilla, sem nulla lacinia tellus, eget aliquet turpis mauris non enim. Nam turpis. Suspendisse lacinia. Curabitur ac tortor ut ipsum egestas elementum. Nunc imperdiet gravida mauris.</p>','{\"procedure_type\":\"non-surgical\",\"function\":\"filters and purifies the blood\",\"common_names\":\"dialysis\",\"pain_intensity\":\"less painful\",\"procedure_duration\":\"4 to 5 hours\",\"hospital_days\":\"4 to 5 hours\",\"anesthesia_type\":\"general\"}'),(54,'Ankle Block','40000','2020-07-28 09:43:50','2020-07-28 09:43:50',NULL,NULL,NULL,NULL),(58,'Ankle-Brachial Index Measurement','2000','2020-07-28 09:45:03','2020-07-28 09:45:03',NULL,NULL,NULL,NULL),(60,'Anterior Cervical Discectomy','80000','2020-07-28 09:45:40','2020-07-28 09:45:40',NULL,NULL,NULL,NULL),(61,'Anterior Nasal Packing for Epistaxis','20000','2020-07-28 09:45:54','2020-07-28 09:45:54',NULL,NULL,NULL,NULL),(62,'Anterior Segment and Fundus Photography','20000','2020-07-28 09:46:17','2020-07-28 09:46:17',NULL,NULL,NULL,NULL),(63,'Anterior Subcranial Approach - Trauma','30000','2020-07-28 09:46:35','2020-07-28 09:46:35',NULL,NULL,NULL,NULL),(64,'Anterior Subfrontal Approach - Tumor Removal','10000','2020-07-28 09:47:00','2020-07-28 09:47:00',NULL,NULL,NULL,NULL),(66,'Antiepileptic Drugs','2000','2020-07-28 09:47:27','2020-07-28 09:47:27',NULL,NULL,NULL,NULL),(67,'Antiretroviral Therapy for HIV Infection','20000','2020-07-28 09:47:42','2020-07-28 09:47:42',NULL,NULL,NULL,NULL),(70,'APGAR Score','20000','2020-07-28 09:48:43','2020-07-28 09:48:43',NULL,NULL,NULL,NULL),(71,'Appendectomy','2000','2020-07-28 09:49:00','2020-07-28 09:49:00',NULL,NULL,NULL,NULL),(72,'Argon Laser Trabeculoplasty','20000','2020-07-28 09:49:21','2020-07-28 09:49:21',NULL,NULL,NULL,NULL),(76,'Artificial Urinary Sphincter Placement','80000','2020-07-28 09:50:30','2020-07-28 09:50:30',NULL,NULL,NULL,NULL),(77,'Arytenoidectomy','20000','2020-07-28 09:51:06','2020-07-28 09:51:06',NULL,NULL,NULL,NULL),(78,'ASA Physical Status Classification','20000','2020-07-28 09:51:25','2020-07-28 09:51:25',NULL,NULL,NULL,NULL),(79,'ASIA Impairment Scale','20000','2020-07-28 09:51:43','2020-07-28 09:51:43',NULL,NULL,NULL,NULL),(80,'Asian Blepharoplasty','60000','2020-07-28 09:51:58','2020-07-28 09:51:58',NULL,NULL,NULL,NULL),(83,'Audiology Pure-Tone Testing','200000','2020-07-28 09:52:42','2020-07-28 09:52:42',NULL,NULL,NULL,NULL),(84,'Augmentation Cystoplasty','9000','2020-07-28 09:53:03','2020-07-28 09:53:03',NULL,NULL,NULL,NULL),(85,'Auricular Hematoma Drainage','3000','2020-07-28 09:53:20','2020-07-28 09:53:20',NULL,NULL,NULL,NULL),(87,'Axillary Dissection','20000','2020-07-28 09:53:52','2020-07-28 09:53:52',NULL,NULL,NULL,NULL),(89,'Axillofemoral Bypass','80000','2020-07-28 09:54:25','2020-07-28 09:54:25',NULL,NULL,NULL,NULL),(90,'B-Scan Ocular Ultrasound','60000','2020-07-28 09:54:50','2020-07-28 09:54:50',NULL,NULL,NULL,NULL),(91,'Back Reconstruction','20000','2020-07-28 09:55:05','2020-07-28 09:55:05',NULL,NULL,NULL,NULL),(92,'Bag-Valve-Mask Ventilation','10000','2020-07-28 09:55:22','2020-07-28 09:55:22',NULL,NULL,NULL,NULL),(93,'Bakri Balloon Placement','30000','2020-07-28 09:55:37','2020-07-28 09:55:37',NULL,NULL,NULL,NULL),(94,'Balloon Sinuplasty','30000','2020-07-28 09:55:52','2020-07-28 09:55:52',NULL,NULL,NULL,NULL),(95,'Bariatric Surgery','20000','2020-07-28 09:56:08','2020-07-28 09:56:08',NULL,NULL,NULL,NULL),(96,'Barotrauma and Mechanical Ventilation','30000','2020-07-28 09:56:24','2020-07-28 09:56:24',NULL,NULL,NULL,NULL),(97,'Barthel Index','20000','2020-07-28 09:56:39','2020-07-28 09:56:39',NULL,NULL,NULL,NULL),(98,'Bartholin Abscess Drainage','20000','2020-07-28 09:56:54','2020-07-28 09:56:54',NULL,NULL,NULL,NULL),(99,'Bartholin Gland Marsupialization','20000','2020-07-28 09:57:10','2020-07-28 09:57:10',NULL,NULL,NULL,NULL),(100,'Basic Closed Rhinoplasty','3000','2020-07-28 09:57:30','2020-07-28 09:57:30',NULL,NULL,NULL,NULL),(104,'Bedside Ultrasonography Evaluation of Abdominal Aortic Aneurysm','20000','2020-07-28 09:58:31','2020-07-28 09:58:31',NULL,NULL,NULL,NULL),(105,'Bedside Ultrasonography for Gallbladder Disease','50000','2020-07-28 09:59:04','2020-07-28 09:59:04',NULL,NULL,NULL,NULL),(106,'Bedside Ultrasonography for Lumbar Puncture','2000','2020-07-28 09:59:27','2020-07-28 09:59:27',NULL,NULL,NULL,NULL),(108,'Bedside Ultrasonography in Deep Vein Thrombosis','20000','2020-07-28 09:59:56','2020-07-28 09:59:56',NULL,NULL,NULL,NULL),(110,'Beers Criteria: Independent of Diagnoses or Conditions','3000','2020-07-28 10:00:44','2020-07-28 10:00:44',NULL,NULL,NULL,NULL),(111,'Benzodiazepine Equivalency Table','10000','2020-07-28 10:01:00','2020-07-28 10:01:00',NULL,NULL,NULL,NULL),(112,'Bicipital Tendon Injection','10000','2020-07-28 10:01:17','2020-07-28 10:01:17',NULL,NULL,NULL,NULL),(113,'Biliary Stenting','60000','2020-07-28 10:01:34','2020-07-28 10:01:34',NULL,NULL,NULL,NULL),(114,'Bilobed Flaps','20000','2020-07-28 10:01:59','2020-07-28 10:01:59',NULL,NULL,NULL,NULL),(115,'Biopsy, Fine Needle, Neck Mass','20000','2020-07-28 10:02:16','2020-07-28 10:02:16',NULL,NULL,NULL,NULL),(116,'Bipedicled TRAM Breast Reconstruction','60000','2020-07-28 10:02:56','2020-07-28 10:02:56',NULL,NULL,NULL,NULL),(117,'Bladder Pressure Assessment','60000','2020-07-28 10:03:14','2020-07-28 10:03:14',NULL,NULL,NULL,NULL),(118,'Blood Pressure Assessment','40000','2020-07-28 10:03:29','2020-07-28 10:03:29',NULL,NULL,NULL,NULL),(119,'Blood Substitutes','20000','2020-07-28 10:03:48','2020-07-28 10:03:48',NULL,NULL,NULL,NULL),(120,'BLS - Adult Resuscitation','40000','2020-07-28 10:04:03','2020-07-28 10:04:03',NULL,NULL,NULL,NULL),(121,'BLS - Pediatric Resuscitation','3000','2020-07-28 10:04:19','2020-07-28 10:04:19',NULL,NULL,NULL,NULL),(122,'Body Contouring Flankoplasty and Thigh Lift','4000','2020-07-28 10:04:35','2020-07-28 10:04:35',NULL,NULL,NULL,NULL),(123,'Bone Biopsy','2000','2020-07-28 10:04:50','2020-07-28 10:04:50',NULL,NULL,NULL,NULL),(124,'Bone Densitometry','10000','2020-07-28 10:05:05','2020-07-28 10:05:05',NULL,NULL,NULL,NULL),(125,'Bone Marrow Aspiration and Biopsy','6000','2020-07-28 10:05:19','2020-07-28 10:05:19',NULL,NULL,NULL,NULL),(126,'Bone Marrow Donor Procedure','40000','2020-07-28 10:05:37','2020-07-28 10:05:37',NULL,NULL,NULL,NULL),(127,'Bone Scan','10000','2020-07-28 10:05:51','2020-07-28 10:05:51',NULL,NULL,NULL,NULL),(128,'Botulinum Toxin','1000','2020-07-28 10:06:14','2020-07-28 10:06:14',NULL,NULL,NULL,NULL),(129,'Botulinum Toxin for Laryngeal Dystonia','3000','2020-07-28 10:06:31','2020-07-28 10:06:31',NULL,NULL,NULL,NULL),(130,'Botulinum Toxin in Pain Management','60000','2020-07-28 10:06:46','2020-07-28 10:06:46',NULL,NULL,NULL,NULL),(131,'Botulinum Toxin Injections for Neurogenic Detrusor Overactivity','9000','2020-07-28 10:07:05','2020-07-28 10:07:05',NULL,NULL,NULL,NULL),(132,'Brachytherapy (Radioactive Seed Implantation Therapy) in Prostate Cancer','4000','2020-07-28 10:07:20','2020-07-28 10:07:20',NULL,NULL,NULL,NULL),(133,'Brain Biopsy','2000','2020-07-28 10:07:37','2020-07-28 10:07:37',NULL,NULL,NULL,NULL),(134,'Brain Magnetic Resonance Imaging','2000','2020-07-28 10:07:53','2020-07-28 10:07:53',NULL,NULL,NULL,NULL),(135,'Braunwald Classification of Unstable Angina','40000','2020-07-28 10:08:09','2020-07-28 10:08:09',NULL,NULL,NULL,NULL),(136,'Breast Amputation','1000','2020-07-28 10:08:28','2020-07-28 10:08:28',NULL,NULL,NULL,NULL),(137,'Breast Biopsy','4000','2020-07-28 10:08:44','2020-07-28 10:08:44',NULL,NULL,NULL,NULL),(138,'Breast Biopsy With Needle Localization','30000','2020-07-28 10:08:59','2020-07-28 10:08:59',NULL,NULL,NULL,NULL),(139,'Breast Cancer Screening','50000','2020-07-28 10:09:17','2020-07-28 10:09:17',NULL,NULL,NULL,NULL),(140,'Breast Cancer Surgery','2000','2020-07-28 10:09:35','2020-07-28 10:09:35',NULL,NULL,NULL,NULL),(141,'Breast Examination','20000','2020-07-28 10:09:51','2020-07-28 10:09:51',NULL,NULL,NULL,NULL),(142,'Breast Implants','2000','2020-07-28 10:10:07','2020-07-28 10:10:07',NULL,NULL,NULL,NULL),(144,'Breast Mastopexy','2000','2020-07-28 10:10:40','2020-07-28 10:10:40',NULL,NULL,NULL,NULL),(145,'Breast Positron Emission Tomography','30000','2020-07-28 10:11:01','2020-07-28 10:11:01',NULL,NULL,NULL,NULL),(146,'Breast Reconstruction Refinements and Finishing Touches','20000','2020-07-28 10:11:19','2020-07-28 10:11:19',NULL,NULL,NULL,NULL),(147,'Breast Reconstruction With Acellular Dermis','5000','2020-07-28 10:11:34','2020-07-28 10:11:34',NULL,NULL,NULL,NULL),(149,'Breast Stereotactic Core Biopsy/Fine Needle Aspiration','60000','2020-07-28 10:12:09','2020-07-28 10:12:09',NULL,NULL,NULL,NULL),(150,'Breast Ultrasonography','4000','2020-07-28 10:12:25','2020-07-28 10:12:25',NULL,NULL,NULL,NULL),(151,'Breast Ultrasound','2000','2020-07-28 10:12:42','2020-07-28 10:12:42',NULL,NULL,NULL,NULL),(152,'Breast-Conserving Surgery','60000','2020-07-28 10:13:02','2020-07-28 10:13:02',NULL,NULL,NULL,NULL),(154,'Breech Delivery','7000','2020-07-28 10:13:45','2020-07-28 10:13:45',NULL,NULL,NULL,NULL),(156,'Bristow Procedure','5000','2020-07-28 10:14:18','2020-07-28 10:14:18',NULL,NULL,NULL,NULL),(157,'Bronchial Thermoplasty','5000','2020-07-28 10:14:34','2020-07-28 10:14:34',NULL,NULL,NULL,NULL),(158,'Bronchial Thermoplasty','5000','2020-07-28 10:15:02','2020-07-28 10:15:02',NULL,NULL,NULL,NULL),(159,'Bronchovascular Sleeve Resection','3000','2020-07-28 10:15:20','2020-07-28 10:15:20',NULL,NULL,NULL,NULL),(160,'Browplasty','4000','2020-07-28 10:15:35','2020-07-28 10:15:35',NULL,NULL,NULL,NULL),(161,'Bullard Laryngoscopy','7000','2020-07-28 10:15:57','2020-07-28 10:15:57',NULL,NULL,NULL,NULL),(162,'Bullectomy','4000','2020-07-28 10:16:17','2020-07-28 10:16:17',NULL,NULL,NULL,NULL),(163,'Burch Colposuspension','2000','2020-07-28 10:16:32','2020-07-28 10:16:32',NULL,NULL,NULL,NULL),(164,'Burn Resuscitation and Early Management','7000','2020-07-28 10:16:52','2020-07-28 10:16:52',NULL,NULL,NULL,NULL),(165,'Buttocks Contouring','2000','2020-07-28 10:17:08','2020-07-28 10:17:08',NULL,NULL,NULL,NULL),(166,'Bypass Grafting','20000','2020-07-28 10:17:31','2020-07-28 10:17:31',NULL,NULL,NULL,NULL),(167,'C-Section','20000','2020-07-28 10:17:49','2020-07-28 10:17:49',NULL,NULL,NULL,NULL),(168,'Calf and Ankle Liposuction','6000','2020-07-28 10:18:08','2020-07-28 10:18:08',NULL,NULL,NULL,NULL),(169,'Calf Augmentation','20000','2020-07-28 10:18:35','2020-07-28 10:18:35',NULL,NULL,NULL,NULL),(170,'Canadian C-Spine Rule','2000','2020-07-28 10:18:50','2020-07-28 10:18:50',NULL,NULL,NULL,NULL),(171,'Canadian Cardiovascular Society Grading System for Stable Angina','70000','2020-07-28 10:19:08','2020-07-28 10:19:08',NULL,NULL,NULL,NULL),(172,'Canalith-Repositioning Maneuvers','7000','2020-07-28 10:20:23','2020-07-28 10:20:23',NULL,NULL,NULL,NULL),(173,'Canalplasty','20000','2020-07-28 10:20:42','2020-07-28 10:20:42',NULL,NULL,NULL,NULL),(174,'Capsule Endoscopy','10000','2020-07-28 10:20:58','2020-07-28 10:20:58',NULL,NULL,NULL,NULL),(175,'Carbon Dioxide Laser Skin Resurfacing','4000','2020-07-28 10:21:31','2020-07-28 10:21:31',NULL,NULL,NULL,NULL),(176,'Carbon Dioxide Laser Surgery in Gynecology','4000','2020-07-28 10:21:48','2020-07-28 10:21:48',NULL,NULL,NULL,NULL),(177,'Carbon Monoxide Screening','2000','2020-07-28 10:22:05','2020-07-28 10:22:05',NULL,NULL,NULL,NULL),(178,'Cardiac Catheterization of the Left Heart','60000','2020-07-28 10:22:22','2020-07-28 10:22:22',NULL,NULL,NULL,NULL),(179,'Cardiac Evaluation using Bedside Ultrasonography','6000','2020-07-28 10:22:37','2020-07-28 10:22:37',NULL,NULL,NULL,NULL),(180,'Cardiac Marker Changes Over Time','2000','2020-07-28 10:22:53','2020-07-28 10:22:53',NULL,NULL,NULL,NULL),(181,'Cardiac Resynchronization Therapy','70000','2020-07-28 10:23:09','2020-07-28 10:23:09',NULL,NULL,NULL,NULL),(182,'Cardiac Tamponade','3000','2020-07-28 10:23:26','2020-07-28 10:23:26',NULL,NULL,NULL,NULL),(183,'Cardiopulmonary Resuscitation (CPR)','2000','2020-07-28 10:23:42','2020-07-28 10:23:42',NULL,NULL,NULL,NULL),(184,'Cardioverter-Defibrillator Implantation','1000','2020-07-28 10:23:57','2020-07-28 10:23:57',NULL,NULL,NULL,NULL),(185,'Carotid Artery Stenting','2000','2020-07-28 10:24:13','2020-07-28 10:24:13',NULL,NULL,NULL,NULL),(186,'Carotid Bypass and Reconstruction','50000','2020-07-28 10:24:30','2020-07-28 10:24:30',NULL,NULL,NULL,NULL),(187,'Carotid Endarterectomy','60000','2020-07-28 10:24:48','2020-07-28 10:24:48',NULL,NULL,NULL,NULL),(188,'Carotid Ultrasound','6000','2020-07-28 10:25:04','2020-07-28 10:25:04',NULL,NULL,NULL,NULL),(189,'Carpal Tunnel Steroid Injection','2000','2020-07-28 10:25:20','2020-07-28 10:25:20',NULL,NULL,NULL,NULL),(190,'Cataract Surgery','7000','2020-07-28 10:25:40','2020-07-28 10:25:40',NULL,NULL,NULL,NULL),(191,'Catheter Ablation','3000','2020-07-28 10:25:57','2020-07-28 10:25:57',NULL,NULL,NULL,NULL),(192,'CBRNE - Biological Warfare Mass Casualty Management','20000','2020-07-28 10:26:14','2020-07-28 10:26:14',NULL,NULL,NULL,NULL),(193,'CBRNE - Chemical Decontamination','1000','2020-07-28 10:26:32','2020-07-28 10:26:32',NULL,NULL,NULL,NULL),(194,'CBRNE - Chemical Warfare Mass Casualty Management','30000','2020-07-28 10:26:48','2020-07-28 10:26:48',NULL,NULL,NULL,NULL),(195,'CBRNE - Evaluation of a Biological Warfare Victim','5000','2020-07-28 10:27:19','2020-07-28 10:27:19',NULL,NULL,NULL,NULL),(196,'CBRNE - Evaluation of a Chemical Warfare Victim','2000','2020-07-28 10:27:35','2020-07-28 10:27:35',NULL,NULL,NULL,NULL),(197,'CBRNE - Nuclear and Radiologic Decontamination','30000','2020-07-28 10:27:50','2020-07-28 10:27:50',NULL,NULL,NULL,NULL),(198,'Central Pedicle Breast Reduction','2000','2020-07-28 10:28:06','2020-07-28 10:28:06',NULL,NULL,NULL,NULL),(199,'Central Venous Access Via External Jugular Vein','10000','2020-07-28 10:28:23','2020-07-28 10:28:23',NULL,NULL,NULL,NULL),(200,'Central Venous Access via Posterior Approach to the Internal Jugular Vein','5000','2020-07-28 10:28:41','2020-07-28 10:28:41',NULL,NULL,NULL,NULL),(201,'Central Venous Access via Subclavian Approach to the Subclavian Vein','10000','2020-07-28 10:28:57','2020-07-28 10:28:57',NULL,NULL,NULL,NULL),(202,'Central Venous Access via Supraclavicular Approach to the Subclavian Vein','10000','2020-07-28 10:29:15','2020-07-28 10:29:15',NULL,NULL,NULL,NULL),(203,'Central Venous Access via Tunneled Anterior Approach to the Internal Jugular Vein','1000','2020-07-28 10:29:34','2020-07-28 10:29:34',NULL,NULL,NULL,NULL),(204,'Cephalic Vein Cutdown','7000','2020-07-28 10:29:50','2020-07-28 10:29:50',NULL,NULL,NULL,NULL),(205,'Cerebral Vasospasm After Subarachnoid Hemorrhage','40000','2020-07-28 10:30:07','2020-07-28 10:30:07',NULL,NULL,NULL,NULL),(206,'Cerumen Impaction Removal','8000','2020-07-28 10:30:24','2020-07-28 10:30:24',NULL,NULL,NULL,NULL),(207,'Cervical Arthrodesis','1000','2020-07-28 10:30:41','2020-07-28 10:30:41',NULL,NULL,NULL,NULL),(208,'Cervical Biopsy','2000','2020-07-28 10:30:58','2020-07-28 10:30:58',NULL,NULL,NULL,NULL),(209,'Cervical Cerclage','5000','2020-07-28 10:31:16','2020-07-28 10:31:16',NULL,NULL,NULL,NULL),(210,'Cervical Laminectomy','70000','2020-07-28 10:31:33','2020-07-28 10:31:33',NULL,NULL,NULL,NULL),(211,'Cervical Lymphadenectomy','6000','2020-07-28 10:31:57','2020-07-28 10:31:57',NULL,NULL,NULL,NULL),(212,'Cesarean Delivery','6000','2020-07-28 10:32:18','2020-07-28 10:32:18',NULL,NULL,NULL,NULL),(213,'Cesarean Hysterectomy','60000','2020-07-28 10:32:35','2020-07-28 10:32:35',NULL,NULL,NULL,NULL),(214,'Cesarean Section','40000','2020-07-28 10:32:54','2020-07-28 10:32:54',NULL,NULL,NULL,NULL),(215,'CHADS2 Score for Stroke Risk Assessment in Atrial Fibrillation','3000','2020-07-28 10:33:11','2020-07-28 10:33:11',NULL,NULL,NULL,NULL),(216,'Chalazion Procedures','20000','2020-07-28 10:33:29','2020-07-28 10:33:29',NULL,NULL,NULL,NULL),(217,'Cheek Reconstruction Procedures','1000','2020-07-28 10:33:46','2020-07-28 10:33:46',NULL,NULL,NULL,NULL),(218,'Chemical Peels','8000','2020-07-28 10:34:10','2020-07-28 10:34:10',NULL,NULL,NULL,NULL),(219,'Chemical Restraint','1000','2020-07-28 10:34:27','2020-07-28 10:34:27',NULL,NULL,NULL,NULL),(220,'Chest Wall Reconstruction','6000','2020-07-28 10:34:44','2020-07-28 10:34:44',NULL,NULL,NULL,NULL),(221,'Cholangioscopy','60000','2020-07-28 10:35:04','2020-07-28 10:35:04',NULL,NULL,NULL,NULL),(222,'Cholecystectomy','7000','2020-07-28 10:35:20','2020-07-28 10:35:20',NULL,NULL,NULL,NULL),(223,'Choledochojejunostomy','3000','2020-07-28 10:36:10','2020-07-28 10:36:10',NULL,NULL,NULL,NULL),(224,'Chorionic Villus Sampling (CVS)','20000','2020-07-28 10:36:29','2020-07-28 10:36:29',NULL,NULL,NULL,NULL),(225,'Chromoendoscopy','2000','2020-07-28 10:36:46','2020-07-28 10:36:46',NULL,NULL,NULL,NULL),(226,'Circumcision','7000','2020-07-28 10:37:04','2020-07-28 10:37:04',NULL,NULL,NULL,NULL),(227,'Classifications of Antiarrhythmic Agents','4000','2020-07-28 10:37:23','2020-07-28 10:37:23',NULL,NULL,NULL,NULL),(228,'Clear Lens Extraction Myopia','6000','2020-07-28 10:37:40','2020-07-28 10:37:40',NULL,NULL,NULL,NULL),(229,'Closure of Complicated Wounds','80000','2020-07-28 10:37:59','2020-07-28 10:37:59',NULL,NULL,NULL,NULL),(230,'Coccygectomy','2000','2020-07-28 10:38:17','2020-07-28 10:38:17',NULL,NULL,NULL,NULL),(231,'Cochlear Implant Surgery','5000','2020-07-28 10:38:35','2020-07-28 10:38:35',NULL,NULL,NULL,NULL),(232,'Cognitive Behavioral Therapy for Depression','2000','2020-07-28 10:38:54','2020-07-28 10:38:54',NULL,NULL,NULL,NULL),(233,'Colon Resection','10000','2020-07-28 10:39:12','2020-07-28 10:39:12',NULL,NULL,NULL,NULL),(234,'Colonoscopy','2000','2020-07-28 10:39:31','2020-07-28 10:39:31',NULL,NULL,NULL,NULL),(235,'Colpocleisis','5000','2020-07-28 10:39:54','2020-07-28 10:39:54',NULL,NULL,NULL,NULL),(236,'Colposcopy','5000','2020-07-28 10:40:15','2020-07-28 10:40:15',NULL,NULL,NULL,NULL),(237,'Comparison of Revascularization Procedures in Coronary Artery Disease','2000','2020-07-28 10:40:32','2020-07-28 10:40:32',NULL,NULL,NULL,NULL),(238,'Compartment Pressure Measurement','4000','2020-07-28 10:40:49','2020-07-28 10:40:49',NULL,NULL,NULL,NULL),(239,'Complex Ear Laceration','2000','2020-07-28 10:41:07','2020-07-28 10:41:07',NULL,NULL,NULL,NULL),(240,'Complex Lip Laceration','65000','2020-07-28 10:41:24','2020-07-28 10:41:24',NULL,NULL,NULL,NULL),(241,'Complex Tongue Laceration','23000','2020-07-28 10:41:43','2020-07-28 10:41:43',NULL,NULL,NULL,NULL),(242,'Composite Facelift','1000','2020-07-28 10:42:02','2020-07-28 10:42:02',NULL,NULL,NULL,NULL),(243,'Conization of Cervix','2000','2020-07-28 10:42:19','2020-07-28 10:42:19',NULL,NULL,NULL,NULL),(244,'Conjunctival Foreign Body Removal','1000','2020-07-28 10:42:36','2020-07-28 10:42:36',NULL,NULL,NULL,NULL),(245,'Contact Lens Removal','5000','2020-07-28 10:42:56','2020-07-28 10:42:56',NULL,NULL,NULL,NULL),(246,'Contraception','34000','2020-07-28 10:43:15','2020-07-28 10:43:15',NULL,NULL,NULL,NULL),(247,'Contraceptive Implant Placement','2500','2020-07-28 10:43:32','2020-07-28 10:43:32',NULL,NULL,NULL,NULL),(248,'Controlled Substance Schedules','1800','2020-07-28 10:43:51','2020-07-28 10:43:51',NULL,NULL,NULL,NULL),(249,'Cooling Techniques for Hyperthermia','4500','2020-07-28 10:44:09','2020-07-28 10:44:09',NULL,NULL,NULL,NULL),(250,'Corneal Foreign Body Removal','1500','2020-07-28 10:44:27','2020-07-28 10:44:27',NULL,NULL,NULL,NULL),(251,'Corneal Topography and Imaging','4500','2020-07-28 10:44:46','2020-07-28 10:44:46',NULL,NULL,NULL,NULL),(253,'Coronary CT Angiography','1200','2020-07-28 10:45:32','2020-07-28 10:45:32',NULL,NULL,NULL,NULL),(254,'testing updating','20000','2020-08-19 06:54:04','2020-08-19 06:54:40','green','1597820044-1.jpg',NULL,NULL);
/*!40000 ALTER TABLE `procedures` ENABLE KEYS */;
UNLOCK TABLES;

--
-- Table structure for table `reports`
--

DROP TABLE IF EXISTS `reports`;
/*!40101 SET @saved_cs_client     = @@character_set_client */;
/*!50503 SET character_set_client = utf8mb4 */;
CREATE TABLE `reports` (
  `id` bigint unsigned NOT NULL AUTO_INCREMENT,
  `name` varchar(191) CHARACTER SET utf8mb4 COLLATE utf8mb4_unicode_ci NOT NULL,
  `email` varchar(191) CHARACTER SET utf8mb4 COLLATE utf8mb4_unicode_ci NOT NULL,
  `description` text CHARACTER SET utf8mb4 COLLATE utf8mb4_unicode_ci NOT NULL,
  `created_at` timestamp NULL DEFAULT NULL,
  `updated_at` timestamp NULL DEFAULT NULL,
  `doctor_id` varchar(45) COLLATE utf8mb4_unicode_ci DEFAULT NULL,
  `user_id` varchar(45) COLLATE utf8mb4_unicode_ci DEFAULT NULL,
  `phone_number` varchar(45) COLLATE utf8mb4_unicode_ci DEFAULT NULL,
  PRIMARY KEY (`id`)
) ENGINE=InnoDB AUTO_INCREMENT=24 DEFAULT CHARSET=utf8mb4 COLLATE=utf8mb4_unicode_ci;
/*!40101 SET character_set_client = @saved_cs_client */;

--
-- Dumping data for table `reports`
--

LOCK TABLES `reports` WRITE;
/*!40000 ALTER TABLE `reports` DISABLE KEYS */;
INSERT INTO `reports` VALUES (1,'rao nasir','roanasir7860@gmail.com','hello every one...','2020-03-09 14:17:57','2020-03-09 14:17:57',NULL,NULL,NULL),(2,'some','someone@gmail.com','description','2020-03-31 06:54:20','2020-03-31 06:54:20',NULL,NULL,NULL),(3,'Consultation','ullamco@gmail.com','Lahore\nMon, Tue, Wed, Thu, Fri, Sat, Sun,\n0% Satisfied Customers\nStarting From PKR 0\n Available Today','2020-05-21 09:45:23','2020-05-21 09:45:23',NULL,NULL,NULL),(4,'ullamco laboris nisi','+923447546583@wew','To book an appointment with Doctor Or, you can also call at +92344 7546583 from 9 AM to 11 PM to book appointment with Doctor .','2020-06-05 07:02:14','2020-06-05 07:02:14',NULL,NULL,NULL),(5,'Umer','umerdev228@gmail.com','asdfa dsa fdsaf ads fdsa fdsa fdsafadsf dsaf dsa fdsa fadsfdsa adsfds fads fdsafdsaf dsafdsaf','2020-06-16 04:32:07','2020-06-16 04:32:07','2','','0345-0435621'),(6,'asdfa','umerdev228@gmail.com','dfsa dsaf dsaf dsaf dsafadsf sadf ads fdsafasfsaf sadfdas','2020-06-16 04:35:37','2020-06-16 04:35:37','2','','03003000300'),(7,'adsfas','umerdev228@gmail.com','asdf fdsa ads fsdf dsa fsafdsa fads dsa fadsf adsf das fads fsadf','2020-06-16 04:36:46','2020-06-16 04:36:46','2','','03003311223'),(8,'asdfasd','umerdev228@gmail.com','dsaf dsaf dsf dsafdsaf sadf dsa fasd fdsa fadsfasdfdsaf adsf ads','2020-06-16 04:40:15','2020-06-16 04:40:15','2','','03022233456'),(9,'asfas','asdf@dasf.com','dafads','2020-06-16 04:41:29','2020-06-16 04:41:29','2','','24323232'),(10,'adsfa','asd@fasd.com','adsfas','2020-06-16 04:42:46','2020-06-16 04:42:46','2','','232332323'),(11,'asdf','asfd@sdaf.com','adsfdasfads','2020-06-16 04:45:56','2020-06-16 04:45:56','2','','012312312312'),(12,'dfsaf','adsf@mail.com','asfdas afddsaf dsfs dfds  fdsafds fd','2020-06-16 04:46:56','2020-06-16 04:46:56','2','','46154951416'),(13,'test email','abc@gmail.com','this doc is reported','2020-06-18 06:50:51','2020-06-18 06:50:51','5','2','0345-0435621'),(14,'test','abc@gmail.com','sdfsdfsff','2020-06-18 06:53:24','2020-06-18 06:53:24','5','2','0252502'),(15,'test','abc@gmail.com','lkk','2020-06-18 06:59:21','2020-06-18 06:59:21','5','2','0252502'),(16,'asdfads','dsaf@dsaf.com','dsf dsa fads dsa fdsa fsda','2020-06-18 09:52:48','2020-06-18 09:52:48','36','4','0345-0435621'),(17,'fgsfd','fdgsd@gdaf.com','sdgsfdgfds fdsg dfgdf fdgfds fd gfd fddg fdg fd','2020-06-18 10:05:17','2020-06-18 10:05:17','36','4','03003030330'),(18,'sdfgfds','fdsg@gfdsg.com','sdaf dsf adsf dsafdsaf','2020-06-18 10:10:43','2020-06-18 10:10:43','36','4','03000030333'),(19,'test mo','maliksikander11@gmail.com','acacacacaca','2020-06-19 10:33:25','2020-06-19 10:33:25','2','1','0252502'),(20,'asdfsad','sadf@sda.com','adsfadsf dsf ds fdsa fds','2020-06-19 10:51:13','2020-06-19 10:51:13','2','24','03003030330'),(21,'mr harry','harry@gmail.com','hello evry one','2020-07-21 13:38:04','2020-07-21 13:38:04','236','321','03003434340'),(22,'efefe','ferferff','ferferferf','2020-09-21 08:50:04','2020-09-21 08:50:04','222','1','923322323230'),(23,'efefe','ferferff','ferferferf','2020-09-21 08:50:04','2020-09-21 08:50:04','222','1','923322323230');
/*!40000 ALTER TABLE `reports` ENABLE KEYS */;
UNLOCK TABLES;

--
-- Table structure for table `role_has_permissions`
--

DROP TABLE IF EXISTS `role_has_permissions`;
/*!40101 SET @saved_cs_client     = @@character_set_client */;
/*!50503 SET character_set_client = utf8mb4 */;
CREATE TABLE `role_has_permissions` (
  `permission_id` int unsigned NOT NULL,
  `role_id` int unsigned NOT NULL,
  PRIMARY KEY (`permission_id`,`role_id`),
  KEY `role_has_permissions_role_id_foreign` (`role_id`),
  CONSTRAINT `role_has_permissions_permission_id_foreign` FOREIGN KEY (`permission_id`) REFERENCES `permissions` (`id`) ON DELETE CASCADE,
  CONSTRAINT `role_has_permissions_role_id_foreign` FOREIGN KEY (`role_id`) REFERENCES `roles` (`id`) ON DELETE CASCADE
) ENGINE=InnoDB DEFAULT CHARSET=utf8mb4 COLLATE=utf8mb4_unicode_ci;
/*!40101 SET character_set_client = @saved_cs_client */;

--
-- Dumping data for table `role_has_permissions`
--

LOCK TABLES `role_has_permissions` WRITE;
/*!40000 ALTER TABLE `role_has_permissions` DISABLE KEYS */;
/*!40000 ALTER TABLE `role_has_permissions` ENABLE KEYS */;
UNLOCK TABLES;

--
-- Table structure for table `roles`
--

DROP TABLE IF EXISTS `roles`;
/*!40101 SET @saved_cs_client     = @@character_set_client */;
/*!50503 SET character_set_client = utf8mb4 */;
CREATE TABLE `roles` (
  `id` int unsigned NOT NULL AUTO_INCREMENT,
  `name` varchar(191) CHARACTER SET utf8mb4 COLLATE utf8mb4_unicode_ci NOT NULL,
  `role_type` varchar(191) CHARACTER SET utf8mb4 COLLATE utf8mb4_unicode_ci NOT NULL,
  `guard_name` varchar(191) CHARACTER SET utf8mb4 COLLATE utf8mb4_unicode_ci NOT NULL,
  `created_at` timestamp NULL DEFAULT NULL,
  `updated_at` timestamp NULL DEFAULT NULL,
  PRIMARY KEY (`id`)
) ENGINE=InnoDB AUTO_INCREMENT=11 DEFAULT CHARSET=utf8mb4 COLLATE=utf8mb4_unicode_ci;
/*!40101 SET character_set_client = @saved_cs_client */;

--
-- Dumping data for table `roles`
--

LOCK TABLES `roles` WRITE;
/*!40000 ALTER TABLE `roles` DISABLE KEYS */;
INSERT INTO `roles` VALUES (1,'admin','admin','web','2020-01-15 13:15:52','2020-01-15 13:15:52'),(2,'doctor','doctor','web','2020-01-15 13:15:52','2020-01-15 13:15:52'),(3,'hospital','hospital','web','2020-01-15 13:15:52','2020-01-15 13:15:52'),(4,'patient','patient','web','2020-01-15 13:15:52','2020-01-15 13:15:52'),(5,'laboratory','laboratory','web',NULL,NULL),(6,'super_admin','super_admin','web','2020-07-28 09:08:12','2020-07-28 09:08:12'),(7,'editor','editor','web','2020-07-28 09:08:24','2020-07-28 09:08:24'),(8,'manager','manager','web','2020-07-28 09:08:32','2020-07-28 09:08:32'),(9,'csr','csr','web','2020-07-28 09:08:41','2020-07-28 09:08:41');
/*!40000 ALTER TABLE `roles` ENABLE KEYS */;
UNLOCK TABLES;

--
-- Table structure for table `service_disease`
--

DROP TABLE IF EXISTS `service_disease`;
/*!40101 SET @saved_cs_client     = @@character_set_client */;
/*!50503 SET character_set_client = utf8mb4 */;
CREATE TABLE `service_disease` (
  `id` bigint unsigned NOT NULL AUTO_INCREMENT,
  `disease_id` int NOT NULL,
  `service_id` int NOT NULL,
  `created_at` timestamp NULL DEFAULT NULL,
  `updated_at` timestamp NULL DEFAULT NULL,
  PRIMARY KEY (`id`)
) ENGINE=InnoDB AUTO_INCREMENT=154 DEFAULT CHARSET=utf8mb4 COLLATE=utf8mb4_unicode_ci;
/*!40101 SET character_set_client = @saved_cs_client */;

--
-- Dumping data for table `service_disease`
--

LOCK TABLES `service_disease` WRITE;
/*!40000 ALTER TABLE `service_disease` DISABLE KEYS */;
INSERT INTO `service_disease` VALUES (58,38,1,NULL,NULL),(59,38,2,NULL,NULL),(60,38,11,NULL,NULL),(61,38,10,NULL,NULL),(62,39,2,NULL,NULL),(63,39,4,NULL,NULL),(64,39,6,NULL,NULL),(65,39,10,NULL,NULL),(66,40,1,NULL,NULL),(67,40,4,NULL,NULL),(68,40,10,NULL,NULL),(69,40,13,NULL,NULL),(79,42,13,NULL,NULL),(80,42,1,NULL,NULL),(81,42,6,NULL,NULL),(82,1,3,NULL,NULL),(83,1,4,NULL,NULL),(84,1,14,NULL,NULL),(85,1,10,NULL,NULL),(86,1,11,NULL,NULL),(87,1,13,NULL,NULL),(88,1,12,NULL,NULL),(89,1,2,NULL,NULL),(94,2,1,NULL,NULL),(95,2,2,NULL,NULL),(96,2,6,NULL,NULL),(97,2,9,NULL,NULL),(98,7,5,NULL,NULL),(99,7,6,NULL,NULL),(100,7,8,NULL,NULL),(101,7,10,NULL,NULL),(102,28,11,NULL,NULL),(103,28,3,NULL,NULL),(104,28,5,NULL,NULL),(105,28,9,NULL,NULL),(124,41,13,NULL,NULL),(125,41,1,NULL,NULL),(126,41,5,NULL,NULL),(127,41,8,NULL,NULL),(140,29,6,NULL,NULL),(141,29,13,NULL,NULL),(142,31,2,NULL,NULL),(143,31,6,NULL,NULL),(144,31,10,NULL,NULL),(145,32,3,NULL,NULL),(146,33,4,NULL,NULL),(147,33,6,NULL,NULL),(148,33,11,NULL,NULL),(149,35,6,NULL,NULL),(150,36,6,NULL,NULL),(151,36,3,NULL,NULL),(152,37,2,NULL,NULL),(153,37,10,NULL,NULL);
/*!40000 ALTER TABLE `service_disease` ENABLE KEYS */;
UNLOCK TABLES;

--
-- Table structure for table `services`
--

DROP TABLE IF EXISTS `services`;
/*!40101 SET @saved_cs_client     = @@character_set_client */;
/*!50503 SET character_set_client = utf8mb4 */;
CREATE TABLE `services` (
  `id` bigint unsigned NOT NULL AUTO_INCREMENT,
  `title` varchar(191) CHARACTER SET utf8mb4 COLLATE utf8mb4_unicode_ci NOT NULL,
  `slug` varchar(191) CHARACTER SET utf8mb4 COLLATE utf8mb4_unicode_ci NOT NULL,
  `speciality_id` int NOT NULL DEFAULT '0',
  `description` text CHARACTER SET utf8mb4 COLLATE utf8mb4_unicode_ci,
  `created_at` timestamp NULL DEFAULT NULL,
  `updated_at` timestamp NULL DEFAULT NULL,
  `type` varchar(191) COLLATE utf8mb4_unicode_ci DEFAULT NULL,
  `top` varchar(45) COLLATE utf8mb4_unicode_ci DEFAULT NULL,
  `trending` int unsigned DEFAULT '0',
  `image` varchar(45) COLLATE utf8mb4_unicode_ci DEFAULT NULL,
  PRIMARY KEY (`id`),
  UNIQUE KEY `services_slug_unique` (`slug`)
) ENGINE=InnoDB AUTO_INCREMENT=27 DEFAULT CHARSET=utf8mb4 COLLATE=utf8mb4_unicode_ci;
/*!40101 SET character_set_client = @saved_cs_client */;

--
-- Dumping data for table `services`
--

LOCK TABLES `services` WRITE;
/*!40000 ALTER TABLE `services` DISABLE KEYS */;
INSERT INTO `services` VALUES (2,'Adolescent medicine','adolescent-medicine',6,'Excepteur sint occaecat cupidatat non proident, saeunt in culpa qui officia cupidatat.','2020-01-15 13:15:52','2020-01-15 13:15:52',NULL,'1',0,NULL),(3,'Aerospace medicine','aerospace-medicine',3,'Excepteur sint occaecat cupidatat non proident, saeunt in culpa qui officia cupidatat.','2020-01-15 13:15:52','2020-07-15 06:02:31','service','1',0,NULL),(4,'Anatomical pathology','anatomical-pathology',3,'Excepteur sint occaecat cupidatat non proident, saeunt in culpa qui officia cupidatat.','2020-01-15 13:15:52','2020-07-15 06:02:42','service','1',0,NULL),(6,'Biochemical genetics','biochemical-genetics',3,'Excepteur sint occaecat cupidatat non proident, saeunt in culpa qui officia cupidatat.','2020-01-15 13:15:52','2020-07-15 06:02:48','service',NULL,0,NULL),(10,'Cardiothoracic radiology','cardiothoracic-radiology',3,'Excepteur sint occaecat cupidatat non proident, saeunt in culpa qui officia cupidatat.','2020-01-15 13:15:52','2020-07-15 06:02:57','service','1',0,NULL),(11,'Cardiovascular','cardiovascular',5,'Excepteur sint occaecat cupidatat non proident, saeunt in culpa qui officia cupidatat.','2020-01-15 13:15:52','2020-04-21 10:59:41',NULL,NULL,0,NULL),(13,'Chemical pathology','chemical-pathology',1,'Excepteur sint occaecat cupidatat non proident, saeunt in culpa qui officia cupidatat.','2020-01-15 13:15:52','2020-01-15 13:15:52',NULL,'1',0,NULL),(14,'Chest radiology','chest-radiology',4,'Excepteur sint occaecat cupidatat non proident, saeunt in culpa qui officia cupidatat.','2020-01-15 13:15:52','2020-01-15 13:15:52',NULL,NULL,0,NULL),(16,'Child psychiatry','child-psychiatry',31,'Excepteur sint occaecat cupidatat non proident, saeunt in culpa qui officia cupidatat.','2020-01-15 13:15:52','2020-06-26 09:15:21','service',NULL,0,NULL),(24,'COVID Management','covid-management',29,'Excepteur sint occaecat cupidatat non proident, saeunt in culpa qui officia cupidatat.','2020-06-30 12:54:11','2020-06-30 12:54:11','service',NULL,0,NULL),(25,'Metabolic Disorders Management','metabolic-disorders-management',30,'Excepteur sint occaecat cupidatat non proident, saeunt in culpa qui officia cupidatat.','2020-06-30 12:54:35','2020-06-30 12:54:35','service',NULL,0,NULL),(26,'Respiratory and Urinary Disorder','respiratory-and-urinary-disorder',33,'Excepteur sint occaecat cupidatat non proident, saeunt in culpa qui officia cupidatat.','2020-06-30 12:55:23','2020-06-30 12:55:23','service',NULL,0,NULL);
/*!40000 ALTER TABLE `services` ENABLE KEYS */;
UNLOCK TABLES;

--
-- Table structure for table `site_managements`
--

DROP TABLE IF EXISTS `site_managements`;
/*!40101 SET @saved_cs_client     = @@character_set_client */;
/*!50503 SET character_set_client = utf8mb4 */;
CREATE TABLE `site_managements` (
  `id` bigint unsigned NOT NULL AUTO_INCREMENT,
  `meta_key` varchar(191) CHARACTER SET utf8mb4 COLLATE utf8mb4_unicode_ci NOT NULL,
  `meta_value` text CHARACTER SET utf8mb4 COLLATE utf8mb4_unicode_ci NOT NULL,
  `created_at` timestamp NULL DEFAULT NULL,
  `updated_at` timestamp NULL DEFAULT NULL,
  PRIMARY KEY (`id`)
) ENGINE=InnoDB AUTO_INCREMENT=309 DEFAULT CHARSET=utf8mb4 COLLATE=utf8mb4_unicode_ci;
/*!40101 SET character_set_client = @saved_cs_client */;

--
-- Dumping data for table `site_managements`
--

LOCK TABLES `site_managements` WRITE;
/*!40000 ALTER TABLE `site_managements` DISABLE KEYS */;
INSERT INTO `site_managements` VALUES (260,'subscribe_now_sec','{\"show_how_work_sec\":\"true\",\"title\":\"Subscribe Now\",\"hw_desc\":\"<p>Lorem Ipsum is simply dummy text of the printing and typesetting industry. Lorem Ipsum has been the industry\'s<\\/p>\"}','2020-09-02 09:51:42','2020-09-02 09:51:42'),(261,'how_work_tabs','{\"hidden_how_it_works_img\":\"1599040389-a.jpg\",\"tabs\":{\"0\":{\"title\":\"testing title\",\"subtitle\":\"testing title\",\"btn_title\":\"btn\",\"btn_url\":\"#\"},\"2\":{\"title\":\"testing title 2\",\"subtitle\":\"testing title 2\",\"btn_title\":\"btn\",\"btn_url\":\"#\"}}}','2020-09-02 09:53:09','2020-09-02 09:53:09'),(262,'show_how_work_tabs','true','2020-09-02 09:53:09','2020-09-02 09:53:09'),(263,'services_tab_sec','[{\"title\":\"Benefits of DoctorFindy\",\"subtitle\":\"Benefits of DoctorFindy\",\"btn_title\":\"btn\",\"btn_url\":\"#\"},{\"title\":\"Benefits of DoctorFindy 2\",\"subtitle\":\"Benefits of DoctorFindy 2\",\"btn_title\":\"btn\",\"btn_url\":\"#\"}]','2020-09-02 09:54:01','2020-09-02 09:54:01'),(264,'show_services_section','true','2020-09-02 09:54:01','2020-09-02 09:54:01'),(265,'benefits_online_profile','{\"hidden_benefits_online_img\":\"1599040481-8.jpg\",\"tabs\":{\"0\":{\"title\":\"Benefits of Online DoctorFindy profile\",\"subtitle\":\"Benefits of Online DoctorFindy profile\"},\"2\":{\"title\":\"Benefits of Online DoctorFindy profile 2\",\"subtitle\":\"Benefits of Online DoctorFindy profile 2\"}}}','2020-09-02 09:54:41','2020-09-02 09:54:41'),(266,'show_onlinetabs','true','2020-09-02 09:54:41','2020-09-02 09:54:41'),(267,'benefits_online_doctor','{\"hidden_benefits_onlinedoctor_img\":\"1599040518-7.jpg\",\"tabs\":{\"0\":{\"title\":\"Benefits of Online Consultation a Doctor\",\"subtitle\":\"Benefits of Online Consultation a Doctor\"},\"2\":{\"title\":\"Benefits of Online Consultation a Doctor 2\",\"subtitle\":\"Benefits of Online Consultation a Doctor 2\"}}}','2020-09-02 09:55:18','2020-09-02 09:55:18'),(268,'show_onlinedoctortabs','true','2020-09-02 09:55:18','2020-09-02 09:55:18'),(269,'data_protection','{\"show_article_sec\":\"true\",\"title\":\"Lorem Ipsum is simply\",\"subtitle\":\"Lorem Ipsum is simply\",\"description\":\"Lorem Ipsum is simply dummy text of the printing and typesetting industry. Lorem Ipsum has been the industry\'s\",\"hidden_data_protection_img\":\"1599040553-5.jpg\"}','2020-09-02 09:55:53','2020-09-02 09:55:53'),(271,'banner_video_section','{\"show_bannervide_sec\":\"true\",\"title\":\"Practice Doctor Banner Section\",\"description\":\"Lorem Ipsum is simply dummy text of the printing and typesetting industry. Lorem Ipsum has been the industry\'s\",\"button\":\"btn\",\"url\":\"#\",\"hidden_banner_section_img\":\"1599040618-a.jpg\"}','2020-09-02 09:56:58','2020-09-02 09:56:58'),(272,'map_image','{\"hidden_map_img\":\"1599040658-b.jpg\"}','2020-09-02 09:57:38','2020-09-02 09:57:38'),(273,'onlin_video_banner_sec','{\"show_onlin_video_sec\":\"true\",\"heading\":\"Online Video Consultation Banner Section\",\"subheading\":\"Online Video Consultation Banner Section\",\"below_title\":\"Online Video Consultation Banner Section\",\"btn\":\"btn\",\"url\":\"#\",\"hidden_onlin_video_img\":\"1599040700-b.jpg\"}','2020-09-02 09:58:20','2020-09-02 09:58:20'),(274,'procedure_banner_section','{\"show_procedure_banner_sec\":\"true\",\"heading\":\"Procedure Banner Section\",\"hidden_procedure_banner_img\":\"1599040741-6.jpg\"}','2020-09-02 09:59:01','2020-09-02 09:59:01'),(275,'city_wise_doctor_section','{\"show_city_wise_doctor_sec\":\"true\",\"heading\":\"City wise Doctor Banner Section\",\"hidden_city_wise_doctor_img\":\"1599040769-1.jpg\"}','2020-09-02 09:59:29','2020-09-02 09:59:29'),(276,'city_wise_hospital_section','{\"show_city_wise_hospital_sec\":\"true\",\"heading\":\"City wise Hospital Banner Section\",\"hidden_city_wise_hospital_img\":\"1599040830-8.jpg\"}','2020-09-02 10:00:30','2020-09-02 10:00:30'),(281,'health_community_banner','{\"show_health_community_banner\":\"true\",\"title\":\"Health Community Banner Section\",\"subtitle\":\"Health Community Banner Section\",\"hidden_health_community_img\":\"1599040929-b.jpg\"}','2020-09-02 10:02:09','2020-09-02 10:02:09'),(282,'health_community_slider','{\"0\":{\"title\":\"Health Community Slider\",\"subtitle\":\"Lorem Ipsum is simply dummy text of the printing and typesetting industry. Lorem Ipsum has been the industry\'s\",\"description\":\"Lorem Ipsum is simply dummy text of the printing and typesetting industry. Lorem Ipsum has been the industry\'s\",\"health_img\":\"1599040997-6.jpg\"},\"2\":{\"title\":\"Lorem Ipsum is simply\",\"subtitle\":\"Lorem Ipsum is simply\",\"description\":\"Lorem Ipsum is simply dummy text of the printing and typesetting industry. Lorem Ipsum has been the industry\'s\",\"health_img\":\"1599040997-5.jpg\"}}','2020-09-02 10:03:17','2020-09-02 10:03:17'),(283,'show_healthtabs','true','2020-09-02 10:03:17','2020-09-02 10:03:17'),(284,'health_discussion_banner','{\"show_health_discussion_banner\":\"true\",\"title\":\"Lorem Ipsum is simply dummy text\",\"description\":\"Lorem Ipsum is simply dummy text of the printing and typesetting industry. Lorem Ipsum has been the industry\'s\"}','2020-09-02 10:03:46','2020-09-02 10:03:46'),(295,'topbar_settings','{\"enable_topbar\":\"true\",\"title\":\"Call Now\",\"number\":\"0345-0435621\",\"btn\":\"Book an Appointment\",\"url\":\"https:\\/\\/www.google.com\\/\",\"enable_social_icons\":\"true\"}','2020-09-08 08:56:57','2020-09-08 08:56:57'),(296,'home_search_banner','{\"show_search_banner\":\"true\",\"search_banner_subheading\":\"red\",\"search_banner_btn_title\":\"green\",\"hidden_search_banner_img\":\"1599555629-banner-3.png\",\"search_form_title\":\"Find Your\",\"search_banner_heading\":\"Nearest\",\"tabs\":[{\"title\":\"Doctors\"},{\"title\":\"Hospitals\"},{\"title\":\"labs\"}]}','2020-09-08 09:00:29','2020-09-08 09:00:29'),(297,'home_slider','[{\"slide_title_one\":\"Book a Doctor\",\"slide_title_two\":\"fas fa-stethoscope\"},{\"slide_title_one\":\"Book a Test\",\"slide_title_two\":\"fas fa-file-alt\"},{\"slide_title_one\":\"Video Consultation\",\"slide_title_two\":\"fas fa-video\"},{\"slide_title_one\":\"Ask a Question\",\"slide_title_two\":\"fas fa-question\"}]','2020-09-08 09:01:00','2020-09-08 09:01:00'),(299,'download_app_sec','{\"show_app_sec\":\"true\",\"title\":\"Care on the Go\",\"subtitle\":\"Download Mobile app\",\"description\":\"<ul class=\\\"mobile_notes\\\" style=\\\"box-sizing: border-box; margin-top: 0px; margin-bottom: 1rem; list-style: none; padding: 0px; line-height: 45px; color: #073b4c; font-family: robotoregular;\\\" data-v-a8db6b84=\\\"\\\">\\n<li class=\\\"text_sm_12 m-xs-0 md_line_height\\\" style=\\\"box-sizing: border-box;\\\" data-v-a8db6b84=\\\"\\\">&nbsp;<span class=\\\"w-80 d-inline-block text_12 ml-3 ml-xs-1\\\" style=\\\"box-sizing: border-box; display: inline-block !important; margin-left: 1rem !important; width: 432px; font-size: 12px;\\\" data-v-a8db6b84=\\\"\\\">Book appointments<\\/span><\\/li>\\n<li class=\\\"text_sm_12 m-xs-0 md_line_height\\\" style=\\\"box-sizing: border-box;\\\" data-v-a8db6b84=\\\"\\\">&nbsp;<span class=\\\"w-80 d-inline-block text_12 ml-3 ml-xs-1\\\" style=\\\"box-sizing: border-box; display: inline-block !important; margin-left: 1rem !important; width: 432px; font-size: 12px;\\\" data-v-a8db6b84=\\\"\\\">Lab test<\\/span><\\/li>\\n<li class=\\\"text_sm_12 m-xs-0 md_line_height\\\" style=\\\"box-sizing: border-box;\\\" data-v-a8db6b84=\\\"\\\">&nbsp;<span class=\\\"w-80 d-inline-block text_12 ml-3 ml-xs-1\\\" style=\\\"box-sizing: border-box; display: inline-block !important; margin-left: 1rem !important; width: 432px; font-size: 12px;\\\" data-v-a8db6b84=\\\"\\\">Consult doctors online<\\/span><\\/li>\\n<li class=\\\"text_sm_12 m-xs-0 md_line_height\\\" style=\\\"box-sizing: border-box;\\\" data-v-a8db6b84=\\\"\\\">&nbsp;<span class=\\\"w-80 d-inline-block text_12 ml-3 ml-xs-1\\\" style=\\\"box-sizing: border-box; display: inline-block !important; margin-left: 1rem !important; width: 432px; font-size: 12px;\\\" data-v-a8db6b84=\\\"\\\">Store health records<\\/span><\\/li>\\n<li class=\\\"text_sm_12 m-xs-0 md_line_height\\\" style=\\\"box-sizing: border-box; font-size: 20px;\\\" data-v-a8db6b84=\\\"\\\">&nbsp;<span class=\\\"w-80 d-inline-block text_12 ml-3 ml-xs-1\\\" style=\\\"box-sizing: border-box; display: inline-block !important; margin-left: 1rem !important; width: 432px; font-size: 12px;\\\" data-v-a8db6b84=\\\"\\\">Read health tips<\\/span><\\/li>\\n<\\/ul>\",\"app_sec_img\":\"1599487535-down.png\",\"android_url\":\"https:\\/\\/www.android.com\\/\",\"android_img\":\"1599040252-googleplay.png\",\"ios_url\":\"https:\\/\\/www.ios-app.com\\/\",\"ios_img\":\"1599040252-app.png\"}','2020-09-08 09:04:05','2020-09-08 09:04:05'),(300,'header_service','{\"0\":{\"title\":\"All Diseases\",\"subtitle\":\"https:\\/\\/www.google.com\\/\",\"tab_img\":\"1599556197-all_disease.png\"},\"2\":{\"title\":\"All specialties\",\"subtitle\":\"https:\\/\\/www.google.com\\/\",\"tab_img\":\"1599556197-all_specialties.png\"},\"4\":{\"title\":\"Book a test\",\"subtitle\":\"https:\\/\\/www.google.com\\/\",\"tab_img\":\"1599556197-book_a_test.png\"},\"6\":{\"title\":\"Doctors in Pakistan\",\"subtitle\":\"https:\\/\\/www.google.com\\/\",\"tab_img\":\"1599556197-doctor_in_pakistan.png\"},\"8\":{\"title\":\"Hospitals in Pakistan\",\"subtitle\":\"https:\\/\\/www.google.com\\/\",\"tab_img\":\"1599556197-hospital_in_pakistan.png\"},\"10\":{\"title\":\"Services\",\"subtitle\":\"https:\\/\\/www.google.com\\/\",\"tab_img\":\"1599556197-services.png\"},\"12\":{\"title\":\"Find a doctor\",\"subtitle\":\"https:\\/\\/www.google.com\\/\",\"tab_img\":\"1599556197-find_a_doctor.png\"}}','2020-09-08 09:09:57','2020-09-08 09:09:57'),(301,'show_headertabs','true','2020-09-08 09:09:57','2020-09-08 09:09:57'),(302,'home_doctor_sec','{\"show_about_sec\":\"true\",\"title\":\"Are you a Doctor\",\"subtitle\":\"Join our team\",\"btn_one_title\":\"Join as a Doctor\",\"btn_one_url\":\"https:\\/\\/www.google.com\\/\",\"hidden_about_us_img\":\"1599555779-doctor-image.png\"}','2020-09-10 12:16:16','2020-09-10 12:16:16'),(303,'sign_up_section','{\"show_signup_sec\":\"true\",\"title\":\"Discover Pakistan Best\",\"description\":\"Doctors Consultation\",\"hidden_sign_up_img\":\"1599740456-discover-doctor-consultation.png\"}','2020-09-10 12:20:56','2020-09-10 12:20:56'),(304,'socials','[{\"title\":\"facebook\",\"url\":\"http:\\/\\/facebook.com\\/\",\"icon\":\"fa fa-facebook\"},{\"title\":\"googleplus\",\"url\":\"http:\\/\\/google-plus.com\\/\",\"icon\":\"fa fa-google-plus\"},{\"title\":\"twitter\",\"url\":\"http:\\/\\/twitter.com\\/\",\"icon\":\"fa fa-twitter\"},{\"title\":\"linkedin\",\"url\":\"http:\\/\\/linkedin.com\\/\",\"icon\":\"fa fa-linkedin\"},{\"title\":\"instagram\",\"url\":\"http:\\/\\/instagram.com\\/\",\"icon\":\"fa fa-instagram\"},{\"title\":\"youtube\",\"url\":\"https:\\/\\/www.youtube.com\\/\",\"icon\":\"fa fa-youtube-play\"}]','2020-09-11 11:15:47','2020-09-11 11:15:47'),(306,'footer_settings','{\"show_contact_info_sec\":\"true\",\"c_info_img_one\":null,\"c_info_title_one\":null,\"c_info_number\":null,\"c_info_img_two\":null,\"c_info_title_two\":null,\"c_info_email\":null,\"footer_logo\":\"1600174439-footer-logo.png\",\"about_us_note\":\"<p>Lorem Ipsum is simply dummy text of the printing and typesetting industry. Lorem Ipsum has been the industry\'sLorem Ipsum is simply dummy text of the printing and typesetting industry. Lorem Ipsum has been the industry\'s<\\/p>\",\"address\":null,\"email\":null,\"phone\":null,\"enable_footer_socials\":\"true\",\"copyright\":\"Copyright 2020 by Msnsoft.\",\"twitter_user_name\":null,\"consumer_key\":null,\"consumer_secret\":null,\"access_token\":null,\"access_token_secret\":null,\"number_of_tweets\":null,\"menu_one_title\":null,\"menu_two_title\":null,\"menu_three_title\":null,\"menu_four_title\":null,\"first_location\":\"0\",\"second_location\":\"0\"}','2020-09-15 12:53:59','2020-09-15 12:53:59'),(307,'general_settings','{\"site_logo\":\"1600174501-KnockDock.png\",\"site_favicon\":\"1599041495-logo.png\",\"gmap_api_key\":null,\"language\":\"en\",\"body-lang-class\":\"lang-en\",\"display_registration\":\"true\",\"display_chat\":\"true\",\"enable_primary_color\":\"true\",\"primary_color\":\"#3fabf3\",\"enable_secondary_color\":\"true\",\"secondary_color\":\"#ff5851\",\"enable_tertiary_color\":\"true\",\"tertiary_color\":\"#3d4461\"}','2020-09-15 12:55:01','2020-09-15 12:55:01'),(308,'list_doctor_inner_section','{\"show_doctor_inner_section\":\"true\",\"title\":\"City\",\"subtitle\":\"Wise\",\"btn\":\"List of Doctor\",\"url\":\"Inner Section\",\"description\":\"City Wise List of Doctor Inner Section\\r\\nCity Wise List of Doctor Inner Section\\r\\n\\r\\nCity Wise List of Doctor Inner Section\\r\\nCity Wise List of Doctor Inner Section\\r\\n\\r\\nCity Wise List of Doctor Inner Section\\r\\nCity Wise List of Doctor Inner Section\\r\\n\\r\\nCity Wise List of Doctor Inner Section\\r\\nCity Wise List of Doctor Inner Section\",\"hidden_doctor_inner_img\":\"5.jpg\"}','2020-09-17 04:46:39','2020-09-17 04:46:39');
/*!40000 ALTER TABLE `site_managements` ENABLE KEYS */;
UNLOCK TABLES;

--
-- Table structure for table `specialities`
--

DROP TABLE IF EXISTS `specialities`;
/*!40101 SET @saved_cs_client     = @@character_set_client */;
/*!50503 SET character_set_client = utf8mb4 */;
CREATE TABLE `specialities` (
  `id` bigint unsigned NOT NULL AUTO_INCREMENT,
  `title` varchar(191) CHARACTER SET utf8mb4 COLLATE utf8mb4_unicode_ci NOT NULL,
  `slug` varchar(191) CHARACTER SET utf8mb4 COLLATE utf8mb4_unicode_ci NOT NULL,
  `description` text CHARACTER SET utf8mb4 COLLATE utf8mb4_unicode_ci,
  `image` varchar(191) CHARACTER SET utf8mb4 COLLATE utf8mb4_unicode_ci DEFAULT NULL,
  `created_at` timestamp NULL DEFAULT NULL,
  `updated_at` timestamp NULL DEFAULT NULL,
  `type` varchar(191) COLLATE utf8mb4_unicode_ci DEFAULT NULL,
  `top` varchar(45) COLLATE utf8mb4_unicode_ci DEFAULT NULL,
  `trending` int unsigned DEFAULT '0',
  `user_type` varchar(191) COLLATE utf8mb4_unicode_ci DEFAULT NULL,
  PRIMARY KEY (`id`)
) ENGINE=InnoDB AUTO_INCREMENT=37 DEFAULT CHARSET=utf8mb4 COLLATE=utf8mb4_unicode_ci;
/*!40101 SET character_set_client = @saved_cs_client */;

--
-- Dumping data for table `specialities`
--

LOCK TABLES `specialities` WRITE;
/*!40000 ALTER TABLE `specialities` DISABLE KEYS */;
INSERT INTO `specialities` VALUES (1,'Allergy & Immunology','allergy-immunology','<p>Excepteur sint occaecat cupidatat non proident, saeunt in culpa qui officia cupidatat.</p>','1584088760-Allergy-&-Immunology.png','2020-01-15 13:15:52','2020-07-01 14:08:49','speciality','1',0,'Allergy & Immunologist'),(2,'Anesthesiology','anesthesiology','<p>Excepteur sint occaecat cupidatat non proident, saeunt in culpa qui officia cupidatat.</p>','1584088775-Anesthesiology.png','2020-01-15 13:15:52','2020-07-01 14:09:37','speciality','1',0,'Anesthesiologist'),(3,'Dermatologist','dermatologist','<p>Excepteur sint occaecat cupidatat non proident, saeunt in culpa qui officia cupidatat.</p>','1584088903-dermatology.png','2020-01-15 13:15:52','2020-07-01 14:09:56','speciality','1',0,'Dermatologist'),(4,'Diagnostic radiology','diagnostic-radiology','<p>Excepteur sint occaecat cupidatat non proident, saeunt in culpa qui officia cupidatat.</p>','1584089376-diagnostic-radiology.png','2020-01-15 13:15:52','2020-07-02 09:43:27','speciality','1',3,'Diagnostic radiologist'),(5,'Emergency medicine','emergency-medicine','<p>Excepteur sint occaecat cupidatat non proident, saeunt in culpa qui officia cupidatat.</p>','1584089393-Emergency_medicine.png','2020-01-15 13:15:52','2020-07-02 13:31:42','speciality','1',21,'Emergency medicines'),(6,'Family medicine','family-medicine','<p>Excepteur sint occaecat cupidatat non proident, saeunt in culpa qui officia cupidatat.</p>','1584089542-Family_medicine.png','2020-01-15 13:15:52','2020-07-06 13:28:18','speciality','1',45,'Family medicines'),(7,'Internal medicine','internal-medicine','<p>Excepteur sint occaecat cupidatat non proident, saeunt in culpa qui officia cupidatat.</p>','1584089557-Internal_medicine.png','2020-01-15 13:15:52','2020-07-06 13:17:49','speciality','1',26,'Internal medicines'),(8,'Medical genetics','medical-genetics','<p>Excepteur sint occaecat cupidatat non proident, saeunt in culpa qui officia cupidatat.</p>','1584089572-Medical_Genetics.png','2020-01-15 13:15:52','2020-07-07 06:32:56','speciality','1',82,'Medical genetics'),(29,'urology','urology','<p>Excepteur sint occaecat cupidatat non proident, saeunt in culpa qui officia cupidatat.</p>','1591160118-Urology.png','2020-05-22 06:05:02','2020-07-01 14:11:10','speciality',NULL,0,'urologist'),(30,'obstetrics-an-gynecology','obstetrics-an-gynecology','<p>Excepteur sint occaecat cupidatat non proident, saeunt in culpa qui officia cupidatat.</p>',NULL,'2020-05-22 06:05:48','2020-07-01 14:11:21','speciality',NULL,0,'obstetrics-an-gynecologist'),(31,'neurology','neurology','<p>Excepteur sint occaecat cupidatat non proident, saeunt in culpa qui officia cupidatat.</p>','1591160218-neurology.png','2020-05-22 06:06:40','2020-07-01 14:11:59','speciality',NULL,0,'neurologist'),(32,'ophthalmology','ophthalmology','<p>Excepteur sint occaecat cupidatat non proident, saeunt in culpa qui officia cupidatat.</p>','1591160243-ophthalmology.png','2020-05-22 06:08:40','2020-07-01 14:12:06','speciality',NULL,0,'ophthalmologist'),(33,'psychiatry','psychiatry','<p>Excepteur sint occaecat cupidatat non proident, saeunt in culpa qui officia cupidatat.</p>',NULL,'2020-05-22 06:09:18','2020-07-01 14:12:24','speciality',NULL,0,'psychiatric'),(34,'surgery','surgery','<p>Excepteur sint occaecat cupidatat non proident, saeunt in culpa qui officia cupidatat.</p>',NULL,'2020-05-22 06:09:50','2020-07-01 14:12:34','speciality',NULL,0,'surgerist'),(35,'simple','simple',NULL,'1593611184-1.jpg','2020-07-01 13:45:29','2020-07-01 14:13:01','speciality',NULL,0,'simplest');
/*!40000 ALTER TABLE `specialities` ENABLE KEYS */;
UNLOCK TABLES;

--
-- Table structure for table `symptom_service`
--

DROP TABLE IF EXISTS `symptom_service`;
/*!40101 SET @saved_cs_client     = @@character_set_client */;
/*!50503 SET character_set_client = utf8mb4 */;
CREATE TABLE `symptom_service` (
  `id` bigint unsigned NOT NULL AUTO_INCREMENT,
  `symptom_id` int NOT NULL,
  `service_id` int NOT NULL,
  `created_at` timestamp NULL DEFAULT NULL,
  `updated_at` timestamp NULL DEFAULT NULL,
  PRIMARY KEY (`id`)
) ENGINE=InnoDB AUTO_INCREMENT=169 DEFAULT CHARSET=utf8mb4 COLLATE=utf8mb4_unicode_ci;
/*!40101 SET character_set_client = @saved_cs_client */;

--
-- Dumping data for table `symptom_service`
--

LOCK TABLES `symptom_service` WRITE;
/*!40000 ALTER TABLE `symptom_service` DISABLE KEYS */;
INSERT INTO `symptom_service` VALUES (86,1,1,NULL,NULL),(87,1,6,NULL,NULL),(88,1,9,NULL,NULL),(95,2,2,NULL,NULL),(96,2,6,NULL,NULL),(97,2,10,NULL,NULL),(98,3,3,NULL,NULL),(99,3,8,NULL,NULL),(100,3,11,NULL,NULL),(101,11,2,NULL,NULL),(102,11,6,NULL,NULL),(103,11,9,NULL,NULL),(104,11,10,NULL,NULL),(105,10,3,NULL,NULL),(106,10,8,NULL,NULL),(107,10,12,NULL,NULL),(108,10,1,NULL,NULL),(109,9,2,NULL,NULL),(110,9,6,NULL,NULL),(111,9,13,NULL,NULL),(112,9,10,NULL,NULL),(113,8,5,NULL,NULL),(114,8,8,NULL,NULL),(115,8,12,NULL,NULL),(116,7,4,NULL,NULL),(117,7,6,NULL,NULL),(118,7,12,NULL,NULL),(119,6,3,NULL,NULL),(120,6,13,NULL,NULL),(121,6,8,NULL,NULL),(122,6,1,NULL,NULL),(123,5,4,NULL,NULL),(124,5,13,NULL,NULL),(125,5,8,NULL,NULL),(126,4,4,NULL,NULL),(127,4,6,NULL,NULL),(128,4,12,NULL,NULL),(129,21,2,NULL,NULL),(130,21,8,NULL,NULL),(131,21,12,NULL,NULL),(132,20,1,NULL,NULL),(133,20,8,NULL,NULL),(134,20,12,NULL,NULL),(135,20,9,NULL,NULL),(136,20,5,NULL,NULL),(137,19,2,NULL,NULL),(138,19,6,NULL,NULL),(139,19,10,NULL,NULL),(140,19,9,NULL,NULL),(141,18,1,NULL,NULL),(142,18,4,NULL,NULL),(143,18,9,NULL,NULL),(144,18,8,NULL,NULL),(145,17,1,NULL,NULL),(146,17,6,NULL,NULL),(147,17,10,NULL,NULL),(148,16,3,NULL,NULL),(149,16,8,NULL,NULL),(150,16,10,NULL,NULL),(151,16,13,NULL,NULL),(152,15,4,NULL,NULL),(153,15,1,NULL,NULL),(154,15,8,NULL,NULL),(155,15,12,NULL,NULL),(156,14,1,NULL,NULL),(157,14,4,NULL,NULL),(158,14,6,NULL,NULL),(159,14,9,NULL,NULL),(160,13,3,NULL,NULL),(161,13,12,NULL,NULL),(162,13,6,NULL,NULL),(163,13,13,NULL,NULL),(164,12,4,NULL,NULL),(165,12,1,NULL,NULL),(166,12,6,NULL,NULL),(167,12,11,NULL,NULL),(168,12,13,NULL,NULL);
/*!40000 ALTER TABLE `symptom_service` ENABLE KEYS */;
UNLOCK TABLES;

--
-- Table structure for table `symptom_test`
--

DROP TABLE IF EXISTS `symptom_test`;
/*!40101 SET @saved_cs_client     = @@character_set_client */;
/*!50503 SET character_set_client = utf8mb4 */;
CREATE TABLE `symptom_test` (
  `id` int NOT NULL AUTO_INCREMENT,
  `test_id` varchar(50) DEFAULT NULL,
  `symptom_id` varchar(50) DEFAULT NULL,
  `created_at` timestamp NULL DEFAULT NULL,
  `updated_at` timestamp NULL DEFAULT NULL,
  PRIMARY KEY (`id`)
) ENGINE=InnoDB AUTO_INCREMENT=33 DEFAULT CHARSET=latin1;
/*!40101 SET character_set_client = @saved_cs_client */;

--
-- Dumping data for table `symptom_test`
--

LOCK TABLES `symptom_test` WRITE;
/*!40000 ALTER TABLE `symptom_test` DISABLE KEYS */;
INSERT INTO `symptom_test` VALUES (17,'7','4',NULL,NULL),(18,'7','5',NULL,NULL),(19,'7','7',NULL,NULL),(20,'8','1',NULL,NULL),(21,'8','14',NULL,NULL),(22,'8','15',NULL,NULL),(23,'9','1',NULL,NULL),(24,'9','4',NULL,NULL),(25,'9','5',NULL,NULL),(26,'9','6',NULL,NULL),(27,'9','8',NULL,NULL),(29,'10','4',NULL,NULL),(30,'10','5',NULL,NULL);
/*!40000 ALTER TABLE `symptom_test` ENABLE KEYS */;
UNLOCK TABLES;

--
-- Table structure for table `symptoms`
--

DROP TABLE IF EXISTS `symptoms`;
/*!40101 SET @saved_cs_client     = @@character_set_client */;
/*!50503 SET character_set_client = utf8mb4 */;
CREATE TABLE `symptoms` (
  `id` bigint unsigned NOT NULL AUTO_INCREMENT,
  `title` varchar(191) COLLATE utf8mb4_unicode_ci NOT NULL,
  `slug` varchar(191) COLLATE utf8mb4_unicode_ci NOT NULL,
  `description` text COLLATE utf8mb4_unicode_ci,
  `top` int DEFAULT NULL,
  `image` varchar(191) COLLATE utf8mb4_unicode_ci DEFAULT NULL,
  `type` varchar(191) COLLATE utf8mb4_unicode_ci DEFAULT NULL,
  `created_at` timestamp NULL DEFAULT NULL,
  `updated_at` timestamp NULL DEFAULT NULL,
  PRIMARY KEY (`id`)
) ENGINE=InnoDB AUTO_INCREMENT=22 DEFAULT CHARSET=utf8mb4 COLLATE=utf8mb4_unicode_ci;
/*!40101 SET character_set_client = @saved_cs_client */;

--
-- Dumping data for table `symptoms`
--

LOCK TABLES `symptoms` WRITE;
/*!40000 ALTER TABLE `symptoms` DISABLE KEYS */;
INSERT INTO `symptoms` VALUES (1,'Eating problems','eating-problems',NULL,1,'surgery.png','speciality','2020-05-12 07:29:19','2020-06-03 07:23:24'),(2,'Bladder changes','bladder-changes',NULL,NULL,'2.jpg','speciality','2020-05-12 07:30:34','2020-06-03 11:05:38'),(3,'Bowel changes','bowel-changes',NULL,NULL,'can.png','speciality','2020-05-12 07:31:43','2020-06-03 11:08:14'),(4,'Abdominal Pain','abdominal-pain',NULL,NULL,'can.png','speciality','2020-05-12 07:33:53','2020-06-03 11:10:14'),(5,'Arm Pain','arm-pain','<p>Arm pain is any pain in the arms, including the shoulder, wrist, and elbow joint. Arm pain is often a sign of overuse, such as typing or playing golf or tennis, but it can be a symptom of heart attack, especially when accompanied by chest pressure, excessive sweating, and nausea. Treatments for arm pain often include rest and ceasing or modifying the physical activity that caused the pain.</p>',NULL,'can.png','speciality','2020-05-12 07:35:36','2020-06-03 11:10:06'),(6,'Back Pain','back-pain','<p>Back pain is an everyday problem for many people, characterized by pain and discomfort in the lower and upper back, legs, and buttocks that can be mild and episodic or chronic and debilitating. Symptoms associated with back pain include injuries to the nerves, vertebrae, muscles, or tissues in the back area. Treatments are varied, with some people finding relief with over-the-counter pain medication and muscle relaxants, others requiring long-term rehabilitation or even surgery.</p>',NULL,'can.png','speciality','2020-05-12 07:36:27','2020-06-03 11:09:54'),(7,'Body Aches','body-aches','<p>Body aches are diffuse discomfort felt in the muscles, bones, and tissues, often as a symptom of colds and flu or strenuous exercise. Some people have body aches as a symptom of emotional distress or depression. Body aches usually get better with rest and over-the-counter medication and rarely require medical treatment.</p>',NULL,'can.png','speciality','2020-05-12 07:38:59','2020-06-03 11:09:46'),(8,'Breast Pain','breast-pain','<p>A person with breast pain has aching and discomfort of the skin around the breast area, including breast tissue, the muscles of the chest, upper arms and shoulders, and the nipples. Breast pain is often caused by hormonal fluctuations. It can also be a symptom of fibrocystic breasts and benign or cancerous breast tumors.</p>',NULL,'can.png','speciality','2020-05-12 07:41:08','2020-06-03 11:09:40'),(9,'Breathing Difficulty','breathing-difficulty','<p>A person who has breathing difficulties can&rsquo;t take in enough oxygen due to exhaustion, poor lung function, pressure on the lungs or chest, or an obstruction of the respiratory passages. Common causes of breathing problems include asthma, allergies, viral infections that affect the lungs, and poor physical health. Treatments include bronchodilators and inhalers.</p>',1,'can.png','speciality','2020-05-12 07:42:08','2020-06-03 11:09:08'),(10,'Chest Pain','chest-pain','<p>Chest pain is the &ldquo;clenched fist&rdquo; feeling of burning discomfort and squeezing in your chest, neck, and arms, often accompanied by sweating, dizziness, and fatigue. While chest pain can have many causes, angina, a type of chest pain caused by reduced blood flow to the heart, could be a symptom of a heart attack and is a medical emergency.</p>',NULL,'can.png','speciality','2020-05-12 07:42:52','2020-06-03 11:08:57'),(11,'Congestion','congestion','<p>Congestion, or blocked nasal passages, usually occurs as a symptom of cold, flu, or allergies, although some people feel congested because of a deviated septum. Nasal congestion has two primary causes: dried, inflamed sinus passages and the accumulation of mucus. Congestion can be treated at home with over-the-counter medication, nose drops, and by sipping hot tea or soup.</p>',1,'can.png','speciality','2020-05-12 07:44:02','2020-06-03 11:08:44'),(12,'Cough','cough','<p>A cough is a protective reflex that clears the throat and respiratory system of irritants and obstructions. Coughs can be dry or productive, which means they clear the lungs of mucus and phlegm, and are often a symptom of environmental pollution or a respiratory infection. Treatments for coughs include over-the-counter cough suppressants or, in the case of chronic cough due to infection, antibiotics or inhaled corticosteroids.</p>',1,'can.png','speciality','2020-05-12 07:45:36','2020-06-03 11:11:51'),(13,'Diarrhea','diarrhea','<p>Diarrhea means you have very loose or liquid stools three or more times per day over a period of time. Diarrhea is a common symptom of gastrointestinal distress, including viral or bacterial infections or parasites, although it can also be a symptom of poor eating habits and stress. While diarrhea is very common and rarely life-threatening, it can lead to dehydration, so see your doctor if it persists for more than a couple of days.</p>',1,'can.png','speciality','2020-05-12 07:46:13','2020-06-03 11:11:44'),(14,'Ear Pain','ear-pain','<p>Ear pain usually originates inside the ear canal, but it can also come from pain or injury to the jaw, teeth, head area, or neck. Symptoms of ear pain may include discomfort or ringing of the ears, sinus pain, redness, and bleeding or pus coming from the ear. You can treat most ear pain at home with hot compresses and over-the-counter pain medication, although some ear infections may require treatment with antibiotics.</p>',NULL,'can.png','speciality','2020-05-12 07:47:01','2020-06-03 11:11:38'),(15,'Excessive sweating','excessive-sweating','<p>A person with excessive sweating has very active sweat glands and produces abundant bodily moisture, especially around the armpits, feet, hands, and groin area. While not life-threatening, these symptoms can cause nervousness, social anxiety, and stigma. Treatments include high-grade topical antiperspirants and Botox injections, to block overactive sweat glands.</p>',NULL,'can.png','speciality','2020-05-12 07:48:39','2020-06-03 11:11:32'),(16,'Faintness','faintness','<p>Faintness is a very common symptom that makes you feel dizzy, lightheaded, and on the brink of physical collapse due to lack of blood flow to the brain. Causes of faintness include low blood pressure, hypoglycemia, dehydration, head injuries, drug side effects, and vertigo. If you feel faint, the best thing to do is sit or lie down so you don&rsquo;t fall and injure yourself.</p>',1,'can.png','speciality','2020-05-12 07:49:18','2020-06-03 11:11:24'),(17,'Fatigue','fatigue','<p>Fatigue is the feeling of being bone-tired and completely depleted of energy. People become fatigued because of lack of sleep, medication side effects, and extreme exertion, although fatigue is a symptom of many medical problems, including sleep apnea, chronic fatigue syndrome, and autoimmune conditions such as multiple sclerosis and fibromyalgia.</p>',1,'can.png','speciality','2020-05-12 07:51:54','2020-06-03 11:11:16'),(18,'Fever','fever','<p>A person who has a fever has a body temperature above the normal of 98.6 degrees F. Symptoms associated with fevers include cold, clammy skin; shivering; and an inability to concentrate. Fevers are a common sign of many acute conditions, such as flu. A core body temperature above 104 degrees F is a medical emergency and requires immediate treatment.</p>',1,'can.png','speciality','2020-05-12 07:52:44','2020-06-03 11:11:09'),(19,'Gas','gas','<p>Flatulence is caused when gas from the intestines and bowels is expelled through the anus. While often embarrassing, passing gas is a natural byproduct of respiration and digestion and rarely constitutes a health problem. Painful or excessive gas can be a symptom of bloating, indigestion, heartburn, ulcerative colitis, or Crohn&rsquo;s disease.</p>',1,'can.png','speciality','2020-05-12 07:53:38','2020-06-03 11:11:02'),(20,'Headaches','headaches','<p>Headaches are continuous pain and tension in the head and neck or behind the eyes. Tension, cluster, and migraine headaches are common headache types, caused by a variety of factors, from lack of sleep to medication use to inflammatory activity in the brain. Many headaches can be treated at home with rest and over-the-counter pain medication.</p>',NULL,'can.png','speciality','2020-05-12 07:54:57','2020-06-03 12:17:36'),(21,'Nausea','nausea','<p>A person with nausea has the feeling that they are going to vomit. Nausea is a common symptom of viral infections such as flu, although it can also be a symptom of food poisoning, altitude sickness, motion sickness, or emotional trauma. At-home treatments for nausea include rest, bland food, cold carbonated drinks, ginger tea, and applying pressure to the inside of the wrist.</p>',1,'can.png','speciality','2020-05-12 07:56:13','2020-06-03 11:10:48');
/*!40000 ALTER TABLE `symptoms` ENABLE KEYS */;
UNLOCK TABLES;

--
-- Table structure for table `teams`
--

DROP TABLE IF EXISTS `teams`;
/*!40101 SET @saved_cs_client     = @@character_set_client */;
/*!50503 SET character_set_client = utf8mb4 */;
CREATE TABLE `teams` (
  `id` bigint unsigned NOT NULL AUTO_INCREMENT,
  `user_id` varchar(45) COLLATE utf8mb4_unicode_ci NOT NULL,
  `doctor_id` int NOT NULL,
  `slots` text CHARACTER SET utf8mb4 COLLATE utf8mb4_unicode_ci NOT NULL,
  `message` varchar(191) CHARACTER SET utf8mb4 COLLATE utf8mb4_unicode_ci NOT NULL,
  `status` enum('pending','approved','cancelled') CHARACTER SET utf8mb4 COLLATE utf8mb4_unicode_ci NOT NULL DEFAULT 'pending',
  `created_at` timestamp NULL DEFAULT NULL,
  `updated_at` timestamp NULL DEFAULT NULL,
  PRIMARY KEY (`id`)
) ENGINE=InnoDB AUTO_INCREMENT=206 DEFAULT CHARSET=utf8mb4 COLLATE=utf8mb4_unicode_ci;
/*!40101 SET character_set_client = @saved_cs_client */;

--
-- Dumping data for table `teams`
--

LOCK TABLES `teams` WRITE;
/*!40000 ALTER TABLE `teams` DISABLE KEYS */;
INSERT INTO `teams` VALUES (173,'275',235,'{\"services\":{\"speciality\":[{\"speciality_id\":\"3\",\"speciality_services\":[{\"service\":\"6\",\"price\":\"500\"}]},{\"speciality_id\":\"2\"}]},\"days\":[\"mon\",\"tue\",\"wed\",\"thu\",\"sat\"],\"mon\":{\"start_time\":\"12:10 pm\",\"end_time\":\"12:50 am\",\"intervals\":\"20\",\"duration\":\"20\",\"number_of_slots\":\"19\",\"spaces\":\"2\",\"slots\":{\"12:10 pm-12:50 pm\":{\"space\":\"2\"},\"12:50 pm-01:30 pm\":{\"space\":\"2\"},\"01:30 pm-02:10 pm\":{\"space\":\"2\"},\"02:10 pm-02:50 pm\":{\"space\":\"2\"},\"02:50 pm-03:30 pm\":{\"space\":\"2\"},\"03:30 pm-04:10 pm\":{\"space\":\"2\"},\"04:10 pm-04:50 pm\":{\"space\":\"2\"},\"04:50 pm-05:30 pm\":{\"space\":\"2\"},\"05:30 pm-06:10 pm\":{\"space\":\"2\"},\"06:10 pm-06:50 pm\":{\"space\":\"2\"},\"06:50 pm-07:30 pm\":{\"space\":\"2\"},\"07:30 pm-08:10 pm\":{\"space\":\"2\"},\"08:10 pm-08:50 pm\":{\"space\":\"2\"},\"08:50 pm-09:30 pm\":{\"space\":\"2\"},\"09:30 pm-10:10 pm\":{\"space\":\"2\"},\"10:10 pm-10:50 pm\":{\"space\":\"2\"},\"10:50 pm-11:30 pm\":{\"space\":\"2\"},\"11:30 pm-12:10 am\":{\"space\":\"2\"},\"12:10 am-12:50 am\":{\"space\":\"2\"}},\"consultation_fee\":\"500\"},\"tue\":{\"start_time\":\"12:10 pm\",\"end_time\":\"12:50 am\",\"intervals\":\"20\",\"duration\":\"20\",\"number_of_slots\":\"19\",\"spaces\":\"2\",\"slots\":{\"12:10 pm-12:50 pm\":{\"space\":\"2\"},\"12:50 pm-01:30 pm\":{\"space\":\"2\"},\"01:30 pm-02:10 pm\":{\"space\":\"2\"},\"02:10 pm-02:50 pm\":{\"space\":\"2\"},\"02:50 pm-03:30 pm\":{\"space\":\"2\"},\"03:30 pm-04:10 pm\":{\"space\":\"2\"},\"04:10 pm-04:50 pm\":{\"space\":\"2\"},\"04:50 pm-05:30 pm\":{\"space\":\"2\"},\"05:30 pm-06:10 pm\":{\"space\":\"2\"},\"06:10 pm-06:50 pm\":{\"space\":\"2\"},\"06:50 pm-07:30 pm\":{\"space\":\"2\"},\"07:30 pm-08:10 pm\":{\"space\":\"2\"},\"08:10 pm-08:50 pm\":{\"space\":\"2\"},\"08:50 pm-09:30 pm\":{\"space\":\"2\"},\"09:30 pm-10:10 pm\":{\"space\":\"2\"},\"10:10 pm-10:50 pm\":{\"space\":\"2\"},\"10:50 pm-11:30 pm\":{\"space\":\"2\"},\"11:30 pm-12:10 am\":{\"space\":\"2\"},\"12:10 am-12:50 am\":{\"space\":\"2\"}},\"consultation_fee\":\"500\"},\"wed\":{\"start_time\":\"12:10 pm\",\"end_time\":\"12:50 am\",\"intervals\":\"20\",\"duration\":\"20\",\"number_of_slots\":\"19\",\"spaces\":\"2\",\"slots\":{\"12:10 pm-12:50 pm\":{\"space\":\"2\"},\"12:50 pm-01:30 pm\":{\"space\":\"2\"},\"01:30 pm-02:10 pm\":{\"space\":\"2\"},\"02:10 pm-02:50 pm\":{\"space\":\"2\"},\"02:50 pm-03:30 pm\":{\"space\":\"2\"},\"03:30 pm-04:10 pm\":{\"space\":\"2\"},\"04:10 pm-04:50 pm\":{\"space\":\"2\"},\"04:50 pm-05:30 pm\":{\"space\":\"2\"},\"05:30 pm-06:10 pm\":{\"space\":\"2\"},\"06:10 pm-06:50 pm\":{\"space\":\"2\"},\"06:50 pm-07:30 pm\":{\"space\":\"2\"},\"07:30 pm-08:10 pm\":{\"space\":\"2\"},\"08:10 pm-08:50 pm\":{\"space\":\"2\"},\"08:50 pm-09:30 pm\":{\"space\":\"2\"},\"09:30 pm-10:10 pm\":{\"space\":\"2\"},\"10:10 pm-10:50 pm\":{\"space\":\"2\"},\"10:50 pm-11:30 pm\":{\"space\":\"2\"},\"11:30 pm-12:10 am\":{\"space\":\"2\"},\"12:10 am-12:50 am\":{\"space\":\"2\"}},\"consultation_fee\":\"500\"},\"thu\":{\"start_time\":\"12:10 pm\",\"end_time\":\"12:50 am\",\"intervals\":\"20\",\"duration\":\"20\",\"number_of_slots\":\"19\",\"spaces\":\"2\",\"slots\":{\"12:10 pm-12:50 pm\":{\"space\":\"2\"},\"12:50 pm-01:30 pm\":{\"space\":\"2\"},\"01:30 pm-02:10 pm\":{\"space\":\"2\"},\"02:10 pm-02:50 pm\":{\"space\":\"2\"},\"02:50 pm-03:30 pm\":{\"space\":\"2\"},\"03:30 pm-04:10 pm\":{\"space\":\"2\"},\"04:10 pm-04:50 pm\":{\"space\":\"2\"},\"04:50 pm-05:30 pm\":{\"space\":\"2\"},\"05:30 pm-06:10 pm\":{\"space\":\"2\"},\"06:10 pm-06:50 pm\":{\"space\":\"2\"},\"06:50 pm-07:30 pm\":{\"space\":\"2\"},\"07:30 pm-08:10 pm\":{\"space\":\"2\"},\"08:10 pm-08:50 pm\":{\"space\":\"2\"},\"08:50 pm-09:30 pm\":{\"space\":\"2\"},\"09:30 pm-10:10 pm\":{\"space\":\"2\"},\"10:10 pm-10:50 pm\":{\"space\":\"2\"},\"10:50 pm-11:30 pm\":{\"space\":\"2\"},\"11:30 pm-12:10 am\":{\"space\":\"2\"},\"12:10 am-12:50 am\":{\"space\":\"2\"}},\"consultation_fee\":\"500\"},\"sat\":{\"start_time\":\"12:10 pm\",\"end_time\":\"12:50 am\",\"intervals\":\"20\",\"duration\":\"20\",\"number_of_slots\":\"19\",\"spaces\":\"2\",\"slots\":{\"12:10 pm-12:50 pm\":{\"space\":\"2\"},\"12:50 pm-01:30 pm\":{\"space\":\"2\"},\"01:30 pm-02:10 pm\":{\"space\":\"2\"},\"02:10 pm-02:50 pm\":{\"space\":\"2\"},\"02:50 pm-03:30 pm\":{\"space\":\"2\"},\"03:30 pm-04:10 pm\":{\"space\":\"2\"},\"04:10 pm-04:50 pm\":{\"space\":\"2\"},\"04:50 pm-05:30 pm\":{\"space\":\"2\"},\"05:30 pm-06:10 pm\":{\"space\":\"2\"},\"06:10 pm-06:50 pm\":{\"space\":\"2\"},\"06:50 pm-07:30 pm\":{\"space\":\"2\"},\"07:30 pm-08:10 pm\":{\"space\":\"2\"},\"08:10 pm-08:50 pm\":{\"space\":\"2\"},\"08:50 pm-09:30 pm\":{\"space\":\"2\"},\"09:30 pm-10:10 pm\":{\"space\":\"2\"},\"10:10 pm-10:50 pm\":{\"space\":\"2\"},\"10:50 pm-11:30 pm\":{\"space\":\"2\"},\"11:30 pm-12:10 am\":{\"space\":\"2\"},\"12:10 am-12:50 am\":{\"space\":\"2\"}},\"consultation_fee\":\"500\"},\"consultation_fee\":\"500\"}','message','pending','2020-09-16 06:09:59','2020-09-16 06:09:59'),(177,'267',240,'{\"services\":{\"speciality\":[{\"speciality_id\":\"1\"},{\"speciality_id\":\"4\"}]},\"days\":[\"tue\",\"wed\",\"sat\",\"sun\"],\"tue\":{\"start_time\":\"11:23 am\",\"end_time\":\"7:23 pm\",\"intervals\":\"10\",\"duration\":\"30\",\"number_of_slots\":\"12\",\"spaces\":\"2\",\"slots\":{\"11:23 am-12:03 pm\":{\"space\":\"2\"},\"12:03 pm-12:43 pm\":{\"space\":\"2\"},\"12:43 pm-01:23 pm\":{\"space\":\"2\"},\"01:23 pm-02:03 pm\":{\"space\":\"2\"},\"02:03 pm-02:43 pm\":{\"space\":\"2\"},\"02:43 pm-03:23 pm\":{\"space\":\"2\"},\"03:23 pm-04:03 pm\":{\"space\":\"2\"},\"04:03 pm-04:43 pm\":{\"space\":\"2\"},\"04:43 pm-05:23 pm\":{\"space\":\"2\"},\"05:23 pm-06:03 pm\":{\"space\":\"2\"},\"06:03 pm-06:43 pm\":{\"space\":\"2\"},\"06:43 pm-07:23 pm\":{\"space\":\"2\"}},\"consultation_fee\":\"12\"},\"wed\":{\"start_time\":\"11:23 am\",\"end_time\":\"7:23 pm\",\"intervals\":\"10\",\"duration\":\"30\",\"number_of_slots\":\"12\",\"spaces\":\"2\",\"slots\":{\"11:23 am-12:03 pm\":{\"space\":\"2\"},\"12:03 pm-12:43 pm\":{\"space\":\"2\"},\"12:43 pm-01:23 pm\":{\"space\":\"2\"},\"01:23 pm-02:03 pm\":{\"space\":\"2\"},\"02:03 pm-02:43 pm\":{\"space\":\"2\"},\"02:43 pm-03:23 pm\":{\"space\":\"2\"},\"03:23 pm-04:03 pm\":{\"space\":\"2\"},\"04:03 pm-04:43 pm\":{\"space\":\"2\"},\"04:43 pm-05:23 pm\":{\"space\":\"2\"},\"05:23 pm-06:03 pm\":{\"space\":\"2\"},\"06:03 pm-06:43 pm\":{\"space\":\"2\"},\"06:43 pm-07:23 pm\":{\"space\":\"2\"}},\"consultation_fee\":\"12\"},\"sat\":{\"start_time\":\"11:23 am\",\"end_time\":\"7:23 pm\",\"intervals\":\"10\",\"duration\":\"30\",\"number_of_slots\":\"12\",\"spaces\":\"2\",\"slots\":{\"11:23 am-12:03 pm\":{\"space\":\"2\"},\"12:03 pm-12:43 pm\":{\"space\":\"2\"},\"12:43 pm-01:23 pm\":{\"space\":\"2\"},\"01:23 pm-02:03 pm\":{\"space\":\"2\"},\"02:03 pm-02:43 pm\":{\"space\":\"2\"},\"02:43 pm-03:23 pm\":{\"space\":\"2\"},\"03:23 pm-04:03 pm\":{\"space\":\"2\"},\"04:03 pm-04:43 pm\":{\"space\":\"2\"},\"04:43 pm-05:23 pm\":{\"space\":\"2\"},\"05:23 pm-06:03 pm\":{\"space\":\"2\"},\"06:03 pm-06:43 pm\":{\"space\":\"2\"},\"06:43 pm-07:23 pm\":{\"space\":\"2\"}},\"consultation_fee\":\"12\"},\"sun\":{\"start_time\":\"11:23 am\",\"end_time\":\"7:23 pm\",\"intervals\":\"10\",\"duration\":\"30\",\"number_of_slots\":\"12\",\"spaces\":\"2\",\"slots\":{\"11:23 am-12:03 pm\":{\"space\":\"2\"},\"12:03 pm-12:43 pm\":{\"space\":\"2\"},\"12:43 pm-01:23 pm\":{\"space\":\"2\"},\"01:23 pm-02:03 pm\":{\"space\":\"2\"},\"02:03 pm-02:43 pm\":{\"space\":\"2\"},\"02:43 pm-03:23 pm\":{\"space\":\"2\"},\"03:23 pm-04:03 pm\":{\"space\":\"2\"},\"04:03 pm-04:43 pm\":{\"space\":\"2\"},\"04:43 pm-05:23 pm\":{\"space\":\"2\"},\"05:23 pm-06:03 pm\":{\"space\":\"2\"},\"06:03 pm-06:43 pm\":{\"space\":\"2\"},\"06:43 pm-07:23 pm\":{\"space\":\"2\"}},\"consultation_fee\":\"12\"},\"consultation_fee\":\"12\"}','message','pending','2020-09-16 06:18:38','2020-09-16 06:18:38'),(181,'270',248,'{\"services\":{\"speciality\":[{\"speciality_id\":\"3\",\"speciality_services\":[{\"service\":\"6\",\"price\":\"500\"}]},{\"speciality_id\":\"2\"}]},\"days\":[\"mon\",\"tue\",\"wed\",\"thu\",\"sat\",\"sun\"],\"mon\":{\"start_time\":\"12:26 pm\",\"end_time\":\"9:36 pm\",\"intervals\":\"20\",\"duration\":\"30\",\"number_of_slots\":\"11\",\"spaces\":\"2\",\"slots\":{\"12:26 pm-01:16 pm\":{\"space\":\"2\"},\"01:16 pm-02:06 pm\":{\"space\":\"2\"},\"02:06 pm-02:56 pm\":{\"space\":\"2\"},\"02:56 pm-03:46 pm\":{\"space\":\"2\"},\"03:46 pm-04:36 pm\":{\"space\":\"2\"},\"04:36 pm-05:26 pm\":{\"space\":\"2\"},\"05:26 pm-06:16 pm\":{\"space\":\"2\"},\"06:16 pm-07:06 pm\":{\"space\":\"2\"},\"07:06 pm-07:56 pm\":{\"space\":\"2\"},\"07:56 pm-08:46 pm\":{\"space\":\"2\"},\"08:46 pm-09:36 pm\":{\"space\":\"2\"}},\"consultation_fee\":\"12\"},\"tue\":{\"start_time\":\"12:26 pm\",\"end_time\":\"9:36 pm\",\"intervals\":\"20\",\"duration\":\"30\",\"number_of_slots\":\"11\",\"spaces\":\"2\",\"slots\":{\"12:26 pm-01:16 pm\":{\"space\":\"2\"},\"01:16 pm-02:06 pm\":{\"space\":\"2\"},\"02:06 pm-02:56 pm\":{\"space\":\"2\"},\"02:56 pm-03:46 pm\":{\"space\":\"2\"},\"03:46 pm-04:36 pm\":{\"space\":\"2\"},\"04:36 pm-05:26 pm\":{\"space\":\"2\"},\"05:26 pm-06:16 pm\":{\"space\":\"2\"},\"06:16 pm-07:06 pm\":{\"space\":\"2\"},\"07:06 pm-07:56 pm\":{\"space\":\"2\"},\"07:56 pm-08:46 pm\":{\"space\":\"2\"},\"08:46 pm-09:36 pm\":{\"space\":\"2\"}},\"consultation_fee\":\"12\"},\"wed\":{\"start_time\":\"12:26 pm\",\"end_time\":\"9:36 pm\",\"intervals\":\"20\",\"duration\":\"30\",\"number_of_slots\":\"11\",\"spaces\":\"2\",\"slots\":{\"12:26 pm-01:16 pm\":{\"space\":\"2\"},\"01:16 pm-02:06 pm\":{\"space\":\"2\"},\"02:06 pm-02:56 pm\":{\"space\":\"2\"},\"02:56 pm-03:46 pm\":{\"space\":\"2\"},\"03:46 pm-04:36 pm\":{\"space\":\"2\"},\"04:36 pm-05:26 pm\":{\"space\":\"2\"},\"05:26 pm-06:16 pm\":{\"space\":\"2\"},\"06:16 pm-07:06 pm\":{\"space\":\"2\"},\"07:06 pm-07:56 pm\":{\"space\":\"2\"},\"07:56 pm-08:46 pm\":{\"space\":\"2\"},\"08:46 pm-09:36 pm\":{\"space\":\"2\"}},\"consultation_fee\":\"12\"},\"thu\":{\"start_time\":\"12:26 pm\",\"end_time\":\"9:36 pm\",\"intervals\":\"20\",\"duration\":\"30\",\"number_of_slots\":\"11\",\"spaces\":\"2\",\"slots\":{\"12:26 pm-01:16 pm\":{\"space\":\"2\"},\"01:16 pm-02:06 pm\":{\"space\":\"2\"},\"02:06 pm-02:56 pm\":{\"space\":\"2\"},\"02:56 pm-03:46 pm\":{\"space\":\"2\"},\"03:46 pm-04:36 pm\":{\"space\":\"2\"},\"04:36 pm-05:26 pm\":{\"space\":\"2\"},\"05:26 pm-06:16 pm\":{\"space\":\"2\"},\"06:16 pm-07:06 pm\":{\"space\":\"2\"},\"07:06 pm-07:56 pm\":{\"space\":\"2\"},\"07:56 pm-08:46 pm\":{\"space\":\"2\"},\"08:46 pm-09:36 pm\":{\"space\":\"2\"}},\"consultation_fee\":\"12\"},\"sat\":{\"start_time\":\"12:26 pm\",\"end_time\":\"9:36 pm\",\"intervals\":\"20\",\"duration\":\"30\",\"number_of_slots\":\"11\",\"spaces\":\"2\",\"slots\":{\"12:26 pm-01:16 pm\":{\"space\":\"2\"},\"01:16 pm-02:06 pm\":{\"space\":\"2\"},\"02:06 pm-02:56 pm\":{\"space\":\"2\"},\"02:56 pm-03:46 pm\":{\"space\":\"2\"},\"03:46 pm-04:36 pm\":{\"space\":\"2\"},\"04:36 pm-05:26 pm\":{\"space\":\"2\"},\"05:26 pm-06:16 pm\":{\"space\":\"2\"},\"06:16 pm-07:06 pm\":{\"space\":\"2\"},\"07:06 pm-07:56 pm\":{\"space\":\"2\"},\"07:56 pm-08:46 pm\":{\"space\":\"2\"},\"08:46 pm-09:36 pm\":{\"space\":\"2\"}},\"consultation_fee\":\"12\"},\"sun\":{\"start_time\":\"12:26 pm\",\"end_time\":\"9:36 pm\",\"intervals\":\"20\",\"duration\":\"30\",\"number_of_slots\":\"11\",\"spaces\":\"2\",\"slots\":{\"12:26 pm-01:16 pm\":{\"space\":\"2\"},\"01:16 pm-02:06 pm\":{\"space\":\"2\"},\"02:06 pm-02:56 pm\":{\"space\":\"2\"},\"02:56 pm-03:46 pm\":{\"space\":\"2\"},\"03:46 pm-04:36 pm\":{\"space\":\"2\"},\"04:36 pm-05:26 pm\":{\"space\":\"2\"},\"05:26 pm-06:16 pm\":{\"space\":\"2\"},\"06:16 pm-07:06 pm\":{\"space\":\"2\"},\"07:06 pm-07:56 pm\":{\"space\":\"2\"},\"07:56 pm-08:46 pm\":{\"space\":\"2\"},\"08:46 pm-09:36 pm\":{\"space\":\"2\"}},\"consultation_fee\":\"12\"},\"consultation_fee\":\"12\"}','message','pending','2020-09-16 06:23:09','2020-09-16 06:23:09'),(182,'270',253,'{\"services\":{\"speciality\":[{\"speciality_id\":\"5\",\"speciality_services\":[{\"service\":\"11\",\"price\":\"600\"}]},{\"speciality_id\":\"34\"}]},\"days\":[\"mon\",\"tue\",\"wed\",\"sat\",\"sun\"],\"mon\":{\"start_time\":\"3:27 pm\",\"end_time\":\"9:47 am\",\"intervals\":\"60\",\"duration\":\"50\",\"number_of_slots\":\"10\",\"spaces\":\"3\",\"slots\":{\"3:27 pm-05:17 pm\":{\"space\":\"3\"},\"05:17 pm-07:07 pm\":{\"space\":\"3\"},\"07:07 pm-08:57 pm\":{\"space\":\"3\"},\"08:57 pm-10:47 pm\":{\"space\":\"3\"},\"10:47 pm-12:37 am\":{\"space\":\"3\"},\"12:37 am-02:27 am\":{\"space\":\"3\"},\"02:27 am-04:17 am\":{\"space\":\"3\"},\"04:17 am-06:07 am\":{\"space\":\"3\"},\"06:07 am-07:57 am\":{\"space\":\"3\"},\"07:57 am-09:47 am\":{\"space\":\"3\"}},\"consultation_fee\":\"45\"},\"tue\":{\"start_time\":\"3:27 pm\",\"end_time\":\"9:47 am\",\"intervals\":\"60\",\"duration\":\"50\",\"number_of_slots\":\"10\",\"spaces\":\"3\",\"slots\":{\"3:27 pm-05:17 pm\":{\"space\":\"3\"},\"05:17 pm-07:07 pm\":{\"space\":\"3\"},\"07:07 pm-08:57 pm\":{\"space\":\"3\"},\"08:57 pm-10:47 pm\":{\"space\":\"3\"},\"10:47 pm-12:37 am\":{\"space\":\"3\"},\"12:37 am-02:27 am\":{\"space\":\"3\"},\"02:27 am-04:17 am\":{\"space\":\"3\"},\"04:17 am-06:07 am\":{\"space\":\"3\"},\"06:07 am-07:57 am\":{\"space\":\"3\"},\"07:57 am-09:47 am\":{\"space\":\"3\"}},\"consultation_fee\":\"45\"},\"wed\":{\"start_time\":\"3:27 pm\",\"end_time\":\"9:47 am\",\"intervals\":\"60\",\"duration\":\"50\",\"number_of_slots\":\"10\",\"spaces\":\"3\",\"slots\":{\"3:27 pm-05:17 pm\":{\"space\":\"3\"},\"05:17 pm-07:07 pm\":{\"space\":\"3\"},\"07:07 pm-08:57 pm\":{\"space\":\"3\"},\"08:57 pm-10:47 pm\":{\"space\":\"3\"},\"10:47 pm-12:37 am\":{\"space\":\"3\"},\"12:37 am-02:27 am\":{\"space\":\"3\"},\"02:27 am-04:17 am\":{\"space\":\"3\"},\"04:17 am-06:07 am\":{\"space\":\"3\"},\"06:07 am-07:57 am\":{\"space\":\"3\"},\"07:57 am-09:47 am\":{\"space\":\"3\"}},\"consultation_fee\":\"45\"},\"sat\":{\"start_time\":\"3:27 pm\",\"end_time\":\"9:47 am\",\"intervals\":\"60\",\"duration\":\"50\",\"number_of_slots\":\"10\",\"spaces\":\"3\",\"slots\":{\"3:27 pm-05:17 pm\":{\"space\":\"3\"},\"05:17 pm-07:07 pm\":{\"space\":\"3\"},\"07:07 pm-08:57 pm\":{\"space\":\"3\"},\"08:57 pm-10:47 pm\":{\"space\":\"3\"},\"10:47 pm-12:37 am\":{\"space\":\"3\"},\"12:37 am-02:27 am\":{\"space\":\"3\"},\"02:27 am-04:17 am\":{\"space\":\"3\"},\"04:17 am-06:07 am\":{\"space\":\"3\"},\"06:07 am-07:57 am\":{\"space\":\"3\"},\"07:57 am-09:47 am\":{\"space\":\"3\"}},\"consultation_fee\":\"45\"},\"sun\":{\"start_time\":\"3:27 pm\",\"end_time\":\"9:47 am\",\"intervals\":\"60\",\"duration\":\"50\",\"number_of_slots\":\"10\",\"spaces\":\"3\",\"slots\":{\"3:27 pm-05:17 pm\":{\"space\":\"3\"},\"05:17 pm-07:07 pm\":{\"space\":\"3\"},\"07:07 pm-08:57 pm\":{\"space\":\"3\"},\"08:57 pm-10:47 pm\":{\"space\":\"3\"},\"10:47 pm-12:37 am\":{\"space\":\"3\"},\"12:37 am-02:27 am\":{\"space\":\"3\"},\"02:27 am-04:17 am\":{\"space\":\"3\"},\"04:17 am-06:07 am\":{\"space\":\"3\"},\"06:07 am-07:57 am\":{\"space\":\"3\"},\"07:57 am-09:47 am\":{\"space\":\"3\"}},\"consultation_fee\":\"45\"},\"consultation_fee\":\"45\"}','message','pending','2020-09-16 06:24:30','2020-09-16 06:24:30'),(184,'267',253,'{\"services\":{\"speciality\":[{\"speciality_id\":\"5\",\"speciality_services\":[{\"service\":\"11\",\"price\":\"600\"}]},{\"speciality_id\":\"34\"}]},\"days\":[\"mon\",\"tue\",\"wed\",\"sat\",\"sun\"],\"mon\":{\"start_time\":\"2:26 pm\",\"end_time\":\"5:36 am\",\"intervals\":\"60\",\"duration\":\"10\",\"number_of_slots\":\"13\",\"spaces\":\"2\",\"slots\":{\"2:26 pm-03:36 pm\":{\"space\":\"2\"},\"03:36 pm-04:46 pm\":{\"space\":\"2\"},\"04:46 pm-05:56 pm\":{\"space\":\"2\"},\"05:56 pm-07:06 pm\":{\"space\":\"2\"},\"07:06 pm-08:16 pm\":{\"space\":\"2\"},\"08:16 pm-09:26 pm\":{\"space\":\"2\"},\"09:26 pm-10:36 pm\":{\"space\":\"2\"},\"10:36 pm-11:46 pm\":{\"space\":\"2\"},\"11:46 pm-12:56 am\":{\"space\":\"2\"},\"12:56 am-02:06 am\":{\"space\":\"2\"},\"02:06 am-03:16 am\":{\"space\":\"2\"},\"03:16 am-04:26 am\":{\"space\":\"2\"},\"04:26 am-05:36 am\":{\"space\":\"2\"}},\"consultation_fee\":\"34\"},\"tue\":{\"start_time\":\"2:26 pm\",\"end_time\":\"5:36 am\",\"intervals\":\"60\",\"duration\":\"10\",\"number_of_slots\":\"13\",\"spaces\":\"2\",\"slots\":{\"2:26 pm-03:36 pm\":{\"space\":\"2\"},\"03:36 pm-04:46 pm\":{\"space\":\"2\"},\"04:46 pm-05:56 pm\":{\"space\":\"2\"},\"05:56 pm-07:06 pm\":{\"space\":\"2\"},\"07:06 pm-08:16 pm\":{\"space\":\"2\"},\"08:16 pm-09:26 pm\":{\"space\":\"2\"},\"09:26 pm-10:36 pm\":{\"space\":\"2\"},\"10:36 pm-11:46 pm\":{\"space\":\"2\"},\"11:46 pm-12:56 am\":{\"space\":\"2\"},\"12:56 am-02:06 am\":{\"space\":\"2\"},\"02:06 am-03:16 am\":{\"space\":\"2\"},\"03:16 am-04:26 am\":{\"space\":\"2\"},\"04:26 am-05:36 am\":{\"space\":\"2\"}},\"consultation_fee\":\"34\"},\"wed\":{\"start_time\":\"2:26 pm\",\"end_time\":\"5:36 am\",\"intervals\":\"60\",\"duration\":\"10\",\"number_of_slots\":\"13\",\"spaces\":\"2\",\"slots\":{\"2:26 pm-03:36 pm\":{\"space\":\"2\"},\"03:36 pm-04:46 pm\":{\"space\":\"2\"},\"04:46 pm-05:56 pm\":{\"space\":\"2\"},\"05:56 pm-07:06 pm\":{\"space\":\"2\"},\"07:06 pm-08:16 pm\":{\"space\":\"2\"},\"08:16 pm-09:26 pm\":{\"space\":\"2\"},\"09:26 pm-10:36 pm\":{\"space\":\"2\"},\"10:36 pm-11:46 pm\":{\"space\":\"2\"},\"11:46 pm-12:56 am\":{\"space\":\"2\"},\"12:56 am-02:06 am\":{\"space\":\"2\"},\"02:06 am-03:16 am\":{\"space\":\"2\"},\"03:16 am-04:26 am\":{\"space\":\"2\"},\"04:26 am-05:36 am\":{\"space\":\"2\"}},\"consultation_fee\":\"34\"},\"sat\":{\"start_time\":\"2:26 pm\",\"end_time\":\"5:36 am\",\"intervals\":\"60\",\"duration\":\"10\",\"number_of_slots\":\"13\",\"spaces\":\"2\",\"slots\":{\"2:26 pm-03:36 pm\":{\"space\":\"2\"},\"03:36 pm-04:46 pm\":{\"space\":\"2\"},\"04:46 pm-05:56 pm\":{\"space\":\"2\"},\"05:56 pm-07:06 pm\":{\"space\":\"2\"},\"07:06 pm-08:16 pm\":{\"space\":\"2\"},\"08:16 pm-09:26 pm\":{\"space\":\"2\"},\"09:26 pm-10:36 pm\":{\"space\":\"2\"},\"10:36 pm-11:46 pm\":{\"space\":\"2\"},\"11:46 pm-12:56 am\":{\"space\":\"2\"},\"12:56 am-02:06 am\":{\"space\":\"2\"},\"02:06 am-03:16 am\":{\"space\":\"2\"},\"03:16 am-04:26 am\":{\"space\":\"2\"},\"04:26 am-05:36 am\":{\"space\":\"2\"}},\"consultation_fee\":\"34\"},\"sun\":{\"start_time\":\"2:26 pm\",\"end_time\":\"5:36 am\",\"intervals\":\"60\",\"duration\":\"10\",\"number_of_slots\":\"13\",\"spaces\":\"2\",\"slots\":{\"2:26 pm-03:36 pm\":{\"space\":\"2\"},\"03:36 pm-04:46 pm\":{\"space\":\"2\"},\"04:46 pm-05:56 pm\":{\"space\":\"2\"},\"05:56 pm-07:06 pm\":{\"space\":\"2\"},\"07:06 pm-08:16 pm\":{\"space\":\"2\"},\"08:16 pm-09:26 pm\":{\"space\":\"2\"},\"09:26 pm-10:36 pm\":{\"space\":\"2\"},\"10:36 pm-11:46 pm\":{\"space\":\"2\"},\"11:46 pm-12:56 am\":{\"space\":\"2\"},\"12:56 am-02:06 am\":{\"space\":\"2\"},\"02:06 am-03:16 am\":{\"space\":\"2\"},\"03:16 am-04:26 am\":{\"space\":\"2\"},\"04:26 am-05:36 am\":{\"space\":\"2\"}},\"consultation_fee\":\"34\"},\"consultation_fee\":\"34\"}','message','pending','2020-09-16 06:26:28','2020-09-16 06:26:28'),(191,'279',240,'{\"services\":{\"speciality\":[{\"speciality_id\":\"1\",\"speciality_services\":[{\"service\":\"13\",\"price\":\"500\"}]},{\"speciality_id\":\"4\"}]},\"days\":[\"mon\",\"tue\",\"wed\",\"fri\"],\"mon\":{\"start_time\":\"12:31 pm\",\"end_time\":\"7:51 pm\",\"intervals\":\"20\",\"duration\":\"20\",\"number_of_slots\":\"11\",\"spaces\":\"2\",\"slots\":{\"12:31 pm-01:11 pm\":{\"space\":\"2\"},\"01:11 pm-01:51 pm\":{\"space\":\"2\"},\"01:51 pm-02:31 pm\":{\"space\":\"2\"},\"02:31 pm-03:11 pm\":{\"space\":\"2\"},\"03:11 pm-03:51 pm\":{\"space\":\"2\"},\"03:51 pm-04:31 pm\":{\"space\":\"2\"},\"04:31 pm-05:11 pm\":{\"space\":\"2\"},\"05:11 pm-05:51 pm\":{\"space\":\"2\"},\"05:51 pm-06:31 pm\":{\"space\":\"2\"},\"06:31 pm-07:11 pm\":{\"space\":\"2\"},\"07:11 pm-07:51 pm\":{\"space\":\"2\"}},\"consultation_fee\":\"45\"},\"tue\":{\"start_time\":\"12:31 pm\",\"end_time\":\"7:51 pm\",\"intervals\":\"20\",\"duration\":\"20\",\"number_of_slots\":\"11\",\"spaces\":\"2\",\"slots\":{\"12:31 pm-01:11 pm\":{\"space\":\"2\"},\"01:11 pm-01:51 pm\":{\"space\":\"2\"},\"01:51 pm-02:31 pm\":{\"space\":\"2\"},\"02:31 pm-03:11 pm\":{\"space\":\"2\"},\"03:11 pm-03:51 pm\":{\"space\":\"2\"},\"03:51 pm-04:31 pm\":{\"space\":\"2\"},\"04:31 pm-05:11 pm\":{\"space\":\"2\"},\"05:11 pm-05:51 pm\":{\"space\":\"2\"},\"05:51 pm-06:31 pm\":{\"space\":\"2\"},\"06:31 pm-07:11 pm\":{\"space\":\"2\"},\"07:11 pm-07:51 pm\":{\"space\":\"2\"}},\"consultation_fee\":\"45\"},\"wed\":{\"start_time\":\"12:31 pm\",\"end_time\":\"7:51 pm\",\"intervals\":\"20\",\"duration\":\"20\",\"number_of_slots\":\"11\",\"spaces\":\"2\",\"slots\":{\"12:31 pm-01:11 pm\":{\"space\":\"2\"},\"01:11 pm-01:51 pm\":{\"space\":\"2\"},\"01:51 pm-02:31 pm\":{\"space\":\"2\"},\"02:31 pm-03:11 pm\":{\"space\":\"2\"},\"03:11 pm-03:51 pm\":{\"space\":\"2\"},\"03:51 pm-04:31 pm\":{\"space\":\"2\"},\"04:31 pm-05:11 pm\":{\"space\":\"2\"},\"05:11 pm-05:51 pm\":{\"space\":\"2\"},\"05:51 pm-06:31 pm\":{\"space\":\"2\"},\"06:31 pm-07:11 pm\":{\"space\":\"2\"},\"07:11 pm-07:51 pm\":{\"space\":\"2\"}},\"consultation_fee\":\"45\"},\"fri\":{\"start_time\":\"12:31 pm\",\"end_time\":\"7:51 pm\",\"intervals\":\"20\",\"duration\":\"20\",\"number_of_slots\":\"11\",\"spaces\":\"2\",\"slots\":{\"12:31 pm-01:11 pm\":{\"space\":\"2\"},\"01:11 pm-01:51 pm\":{\"space\":\"2\"},\"01:51 pm-02:31 pm\":{\"space\":\"2\"},\"02:31 pm-03:11 pm\":{\"space\":\"2\"},\"03:11 pm-03:51 pm\":{\"space\":\"2\"},\"03:51 pm-04:31 pm\":{\"space\":\"2\"},\"04:31 pm-05:11 pm\":{\"space\":\"2\"},\"05:11 pm-05:51 pm\":{\"space\":\"2\"},\"05:51 pm-06:31 pm\":{\"space\":\"2\"},\"06:31 pm-07:11 pm\":{\"space\":\"2\"},\"07:11 pm-07:51 pm\":{\"space\":\"2\"}},\"consultation_fee\":\"45\"},\"consultation_fee\":\"45\"}','message','pending','2020-09-17 06:31:08','2020-09-17 06:31:08'),(192,'279',235,'{\"services\":{\"speciality\":[{\"speciality_id\":\"3\",\"speciality_services\":[{\"service\":\"6\",\"price\":\"500\"}]},{\"speciality_id\":\"2\"}]},\"days\":[\"tue\",\"wed\",\"thu\",\"sat\",\"sun\"],\"tue\":{\"start_time\":\"12:33 pm\",\"end_time\":\"8:3 pm\",\"intervals\":\"30\",\"duration\":\"20\",\"number_of_slots\":\"9\",\"spaces\":\"3\",\"slots\":{\"12:33 pm-01:23 pm\":{\"space\":\"3\"},\"01:23 pm-02:13 pm\":{\"space\":\"3\"},\"02:13 pm-03:03 pm\":{\"space\":\"3\"},\"03:03 pm-03:53 pm\":{\"space\":\"3\"},\"03:53 pm-04:43 pm\":{\"space\":\"3\"},\"04:43 pm-05:33 pm\":{\"space\":\"3\"},\"05:33 pm-06:23 pm\":{\"space\":\"3\"},\"06:23 pm-07:13 pm\":{\"space\":\"3\"},\"07:13 pm-08:03 pm\":{\"space\":\"3\"}},\"consultation_fee\":\"34\"},\"wed\":{\"start_time\":\"12:33 pm\",\"end_time\":\"8:3 pm\",\"intervals\":\"30\",\"duration\":\"20\",\"number_of_slots\":\"9\",\"spaces\":\"3\",\"slots\":{\"12:33 pm-01:23 pm\":{\"space\":\"3\"},\"01:23 pm-02:13 pm\":{\"space\":\"3\"},\"02:13 pm-03:03 pm\":{\"space\":\"3\"},\"03:03 pm-03:53 pm\":{\"space\":\"3\"},\"03:53 pm-04:43 pm\":{\"space\":\"3\"},\"04:43 pm-05:33 pm\":{\"space\":\"3\"},\"05:33 pm-06:23 pm\":{\"space\":\"3\"},\"06:23 pm-07:13 pm\":{\"space\":\"3\"},\"07:13 pm-08:03 pm\":{\"space\":\"3\"}},\"consultation_fee\":\"34\"},\"thu\":{\"start_time\":\"12:33 pm\",\"end_time\":\"8:3 pm\",\"intervals\":\"30\",\"duration\":\"20\",\"number_of_slots\":\"9\",\"spaces\":\"3\",\"slots\":{\"12:33 pm-01:23 pm\":{\"space\":\"3\"},\"01:23 pm-02:13 pm\":{\"space\":\"3\"},\"02:13 pm-03:03 pm\":{\"space\":\"3\"},\"03:03 pm-03:53 pm\":{\"space\":\"3\"},\"03:53 pm-04:43 pm\":{\"space\":\"3\"},\"04:43 pm-05:33 pm\":{\"space\":\"3\"},\"05:33 pm-06:23 pm\":{\"space\":\"3\"},\"06:23 pm-07:13 pm\":{\"space\":\"3\"},\"07:13 pm-08:03 pm\":{\"space\":\"3\"}},\"consultation_fee\":\"34\"},\"sat\":{\"start_time\":\"12:33 pm\",\"end_time\":\"8:3 pm\",\"intervals\":\"30\",\"duration\":\"20\",\"number_of_slots\":\"9\",\"spaces\":\"3\",\"slots\":{\"12:33 pm-01:23 pm\":{\"space\":\"3\"},\"01:23 pm-02:13 pm\":{\"space\":\"3\"},\"02:13 pm-03:03 pm\":{\"space\":\"3\"},\"03:03 pm-03:53 pm\":{\"space\":\"3\"},\"03:53 pm-04:43 pm\":{\"space\":\"3\"},\"04:43 pm-05:33 pm\":{\"space\":\"3\"},\"05:33 pm-06:23 pm\":{\"space\":\"3\"},\"06:23 pm-07:13 pm\":{\"space\":\"3\"},\"07:13 pm-08:03 pm\":{\"space\":\"3\"}},\"consultation_fee\":\"34\"},\"sun\":{\"start_time\":\"12:33 pm\",\"end_time\":\"8:3 pm\",\"intervals\":\"30\",\"duration\":\"20\",\"number_of_slots\":\"9\",\"spaces\":\"3\",\"slots\":{\"12:33 pm-01:23 pm\":{\"space\":\"3\"},\"01:23 pm-02:13 pm\":{\"space\":\"3\"},\"02:13 pm-03:03 pm\":{\"space\":\"3\"},\"03:03 pm-03:53 pm\":{\"space\":\"3\"},\"03:53 pm-04:43 pm\":{\"space\":\"3\"},\"04:43 pm-05:33 pm\":{\"space\":\"3\"},\"05:33 pm-06:23 pm\":{\"space\":\"3\"},\"06:23 pm-07:13 pm\":{\"space\":\"3\"},\"07:13 pm-08:03 pm\":{\"space\":\"3\"}},\"consultation_fee\":\"34\"},\"consultation_fee\":\"34\"}','message','pending','2020-09-17 06:32:24','2020-09-17 06:32:24'),(193,'279',248,'{\"services\":{\"speciality\":[{\"speciality_id\":\"3\"},{\"speciality_id\":\"2\"}]},\"days\":[\"mon\",\"tue\",\"wed\",\"fri\",\"sat\",\"sun\"],\"mon\":{\"start_time\":\"1:35 pm\",\"end_time\":\"7:35 pm\",\"intervals\":\"10\",\"duration\":\"30\",\"number_of_slots\":\"9\",\"spaces\":\"1\",\"slots\":{\"1:35 pm-02:15 pm\":{\"space\":\"1\"},\"02:15 pm-02:55 pm\":{\"space\":\"1\"},\"02:55 pm-03:35 pm\":{\"space\":\"1\"},\"03:35 pm-04:15 pm\":{\"space\":\"1\"},\"04:15 pm-04:55 pm\":{\"space\":\"1\"},\"04:55 pm-05:35 pm\":{\"space\":\"1\"},\"05:35 pm-06:15 pm\":{\"space\":\"1\"},\"06:15 pm-06:55 pm\":{\"space\":\"1\"},\"06:55 pm-07:35 pm\":{\"space\":\"1\"}},\"consultation_fee\":\"34\"},\"tue\":{\"start_time\":\"1:35 pm\",\"end_time\":\"7:35 pm\",\"intervals\":\"10\",\"duration\":\"30\",\"number_of_slots\":\"9\",\"spaces\":\"1\",\"slots\":{\"1:35 pm-02:15 pm\":{\"space\":\"1\"},\"02:15 pm-02:55 pm\":{\"space\":\"1\"},\"02:55 pm-03:35 pm\":{\"space\":\"1\"},\"03:35 pm-04:15 pm\":{\"space\":\"1\"},\"04:15 pm-04:55 pm\":{\"space\":\"1\"},\"04:55 pm-05:35 pm\":{\"space\":\"1\"},\"05:35 pm-06:15 pm\":{\"space\":\"1\"},\"06:15 pm-06:55 pm\":{\"space\":\"1\"},\"06:55 pm-07:35 pm\":{\"space\":\"1\"}},\"consultation_fee\":\"34\"},\"wed\":{\"start_time\":\"1:35 pm\",\"end_time\":\"7:35 pm\",\"intervals\":\"10\",\"duration\":\"30\",\"number_of_slots\":\"9\",\"spaces\":\"1\",\"slots\":{\"1:35 pm-02:15 pm\":{\"space\":\"1\"},\"02:15 pm-02:55 pm\":{\"space\":\"1\"},\"02:55 pm-03:35 pm\":{\"space\":\"1\"},\"03:35 pm-04:15 pm\":{\"space\":\"1\"},\"04:15 pm-04:55 pm\":{\"space\":\"1\"},\"04:55 pm-05:35 pm\":{\"space\":\"1\"},\"05:35 pm-06:15 pm\":{\"space\":\"1\"},\"06:15 pm-06:55 pm\":{\"space\":\"1\"},\"06:55 pm-07:35 pm\":{\"space\":\"1\"}},\"consultation_fee\":\"34\"},\"fri\":{\"start_time\":\"1:35 pm\",\"end_time\":\"7:35 pm\",\"intervals\":\"10\",\"duration\":\"30\",\"number_of_slots\":\"9\",\"spaces\":\"1\",\"slots\":{\"1:35 pm-02:15 pm\":{\"space\":\"1\"},\"02:15 pm-02:55 pm\":{\"space\":\"1\"},\"02:55 pm-03:35 pm\":{\"space\":\"1\"},\"03:35 pm-04:15 pm\":{\"space\":\"1\"},\"04:15 pm-04:55 pm\":{\"space\":\"1\"},\"04:55 pm-05:35 pm\":{\"space\":\"1\"},\"05:35 pm-06:15 pm\":{\"space\":\"1\"},\"06:15 pm-06:55 pm\":{\"space\":\"1\"},\"06:55 pm-07:35 pm\":{\"space\":\"1\"}},\"consultation_fee\":\"34\"},\"sat\":{\"start_time\":\"1:35 pm\",\"end_time\":\"7:35 pm\",\"intervals\":\"10\",\"duration\":\"30\",\"number_of_slots\":\"9\",\"spaces\":\"1\",\"slots\":{\"1:35 pm-02:15 pm\":{\"space\":\"1\"},\"02:15 pm-02:55 pm\":{\"space\":\"1\"},\"02:55 pm-03:35 pm\":{\"space\":\"1\"},\"03:35 pm-04:15 pm\":{\"space\":\"1\"},\"04:15 pm-04:55 pm\":{\"space\":\"1\"},\"04:55 pm-05:35 pm\":{\"space\":\"1\"},\"05:35 pm-06:15 pm\":{\"space\":\"1\"},\"06:15 pm-06:55 pm\":{\"space\":\"1\"},\"06:55 pm-07:35 pm\":{\"space\":\"1\"}},\"consultation_fee\":\"34\"},\"sun\":{\"start_time\":\"1:35 pm\",\"end_time\":\"7:35 pm\",\"intervals\":\"10\",\"duration\":\"30\",\"number_of_slots\":\"9\",\"spaces\":\"1\",\"slots\":{\"1:35 pm-02:15 pm\":{\"space\":\"1\"},\"02:15 pm-02:55 pm\":{\"space\":\"1\"},\"02:55 pm-03:35 pm\":{\"space\":\"1\"},\"03:35 pm-04:15 pm\":{\"space\":\"1\"},\"04:15 pm-04:55 pm\":{\"space\":\"1\"},\"04:55 pm-05:35 pm\":{\"space\":\"1\"},\"05:35 pm-06:15 pm\":{\"space\":\"1\"},\"06:15 pm-06:55 pm\":{\"space\":\"1\"},\"06:55 pm-07:35 pm\":{\"space\":\"1\"}},\"consultation_fee\":\"34\"},\"consultation_fee\":\"34\"}','message','pending','2020-09-17 06:33:36','2020-09-17 06:33:36'),(194,'275',237,'{\"services\":{\"speciality\":[{\"speciality_id\":\"3\",\"speciality_services\":[{\"service\":\"10\",\"price\":\"500\"}]},{\"speciality_id\":\"2\"}]},\"days\":[\"mon\",\"tue\",\"fri\",\"sat\"],\"mon\":{\"start_time\":\"12:37 pm\",\"end_time\":\"6:37 pm\",\"intervals\":\"20\",\"duration\":\"20\",\"number_of_slots\":\"9\",\"spaces\":\"3\",\"slots\":{\"12:37 pm-01:17 pm\":{\"space\":\"3\"},\"01:17 pm-01:57 pm\":{\"space\":\"3\"},\"01:57 pm-02:37 pm\":{\"space\":\"3\"},\"02:37 pm-03:17 pm\":{\"space\":\"3\"},\"03:17 pm-03:57 pm\":{\"space\":\"3\"},\"03:57 pm-04:37 pm\":{\"space\":\"3\"},\"04:37 pm-05:17 pm\":{\"space\":\"3\"},\"05:17 pm-05:57 pm\":{\"space\":\"3\"},\"05:57 pm-06:37 pm\":{\"space\":\"3\"}},\"consultation_fee\":\"600\"},\"tue\":{\"start_time\":\"12:37 pm\",\"end_time\":\"6:37 pm\",\"intervals\":\"20\",\"duration\":\"20\",\"number_of_slots\":\"9\",\"spaces\":\"3\",\"slots\":{\"12:37 pm-01:17 pm\":{\"space\":\"3\"},\"01:17 pm-01:57 pm\":{\"space\":\"3\"},\"01:57 pm-02:37 pm\":{\"space\":\"3\"},\"02:37 pm-03:17 pm\":{\"space\":\"3\"},\"03:17 pm-03:57 pm\":{\"space\":\"3\"},\"03:57 pm-04:37 pm\":{\"space\":\"3\"},\"04:37 pm-05:17 pm\":{\"space\":\"3\"},\"05:17 pm-05:57 pm\":{\"space\":\"3\"},\"05:57 pm-06:37 pm\":{\"space\":\"3\"}},\"consultation_fee\":\"600\"},\"fri\":{\"start_time\":\"12:37 pm\",\"end_time\":\"6:37 pm\",\"intervals\":\"20\",\"duration\":\"20\",\"number_of_slots\":\"9\",\"spaces\":\"3\",\"slots\":{\"12:37 pm-01:17 pm\":{\"space\":\"3\"},\"01:17 pm-01:57 pm\":{\"space\":\"3\"},\"01:57 pm-02:37 pm\":{\"space\":\"3\"},\"02:37 pm-03:17 pm\":{\"space\":\"3\"},\"03:17 pm-03:57 pm\":{\"space\":\"3\"},\"03:57 pm-04:37 pm\":{\"space\":\"3\"},\"04:37 pm-05:17 pm\":{\"space\":\"3\"},\"05:17 pm-05:57 pm\":{\"space\":\"3\"},\"05:57 pm-06:37 pm\":{\"space\":\"3\"}},\"consultation_fee\":\"600\"},\"sat\":{\"start_time\":\"12:37 pm\",\"end_time\":\"6:37 pm\",\"intervals\":\"20\",\"duration\":\"20\",\"number_of_slots\":\"9\",\"spaces\":\"3\",\"slots\":{\"12:37 pm-01:17 pm\":{\"space\":\"3\"},\"01:17 pm-01:57 pm\":{\"space\":\"3\"},\"01:57 pm-02:37 pm\":{\"space\":\"3\"},\"02:37 pm-03:17 pm\":{\"space\":\"3\"},\"03:17 pm-03:57 pm\":{\"space\":\"3\"},\"03:57 pm-04:37 pm\":{\"space\":\"3\"},\"04:37 pm-05:17 pm\":{\"space\":\"3\"},\"05:17 pm-05:57 pm\":{\"space\":\"3\"},\"05:57 pm-06:37 pm\":{\"space\":\"3\"}},\"consultation_fee\":\"600\"},\"consultation_fee\":\"600\"}','message','pending','2020-09-17 06:37:48','2020-09-17 06:37:48'),(195,'279',237,'{\"services\":{\"speciality\":[{\"speciality_id\":\"3\"},{\"speciality_id\":\"2\"}]},\"days\":[\"mon\",\"tue\",\"fri\",\"sat\",\"sun\"],\"mon\":{\"start_time\":\"1:38 pm\",\"end_time\":\"3:38 pm\",\"intervals\":\"5\",\"duration\":\"10\",\"number_of_slots\":\"8\",\"spaces\":\"1\",\"slots\":{\"1:38 pm-01:53 pm\":{\"space\":\"1\"},\"01:53 pm-02:08 pm\":{\"space\":\"1\"},\"02:08 pm-02:23 pm\":{\"space\":\"1\"},\"02:23 pm-02:38 pm\":{\"space\":\"1\"},\"02:38 pm-02:53 pm\":{\"space\":\"1\"},\"02:53 pm-03:08 pm\":{\"space\":\"1\"},\"03:08 pm-03:23 pm\":{\"space\":\"1\"},\"03:23 pm-03:38 pm\":{\"space\":\"1\"}},\"consultation_fee\":\"34\"},\"tue\":{\"start_time\":\"1:38 pm\",\"end_time\":\"3:38 pm\",\"intervals\":\"5\",\"duration\":\"10\",\"number_of_slots\":\"8\",\"spaces\":\"1\",\"slots\":{\"1:38 pm-01:53 pm\":{\"space\":\"1\"},\"01:53 pm-02:08 pm\":{\"space\":\"1\"},\"02:08 pm-02:23 pm\":{\"space\":\"1\"},\"02:23 pm-02:38 pm\":{\"space\":\"1\"},\"02:38 pm-02:53 pm\":{\"space\":\"1\"},\"02:53 pm-03:08 pm\":{\"space\":\"1\"},\"03:08 pm-03:23 pm\":{\"space\":\"1\"},\"03:23 pm-03:38 pm\":{\"space\":\"1\"}},\"consultation_fee\":\"34\"},\"fri\":{\"start_time\":\"1:38 pm\",\"end_time\":\"3:38 pm\",\"intervals\":\"5\",\"duration\":\"10\",\"number_of_slots\":\"8\",\"spaces\":\"1\",\"slots\":{\"1:38 pm-01:53 pm\":{\"space\":\"1\"},\"01:53 pm-02:08 pm\":{\"space\":\"1\"},\"02:08 pm-02:23 pm\":{\"space\":\"1\"},\"02:23 pm-02:38 pm\":{\"space\":\"1\"},\"02:38 pm-02:53 pm\":{\"space\":\"1\"},\"02:53 pm-03:08 pm\":{\"space\":\"1\"},\"03:08 pm-03:23 pm\":{\"space\":\"1\"},\"03:23 pm-03:38 pm\":{\"space\":\"1\"}},\"consultation_fee\":\"34\"},\"sat\":{\"start_time\":\"1:38 pm\",\"end_time\":\"3:38 pm\",\"intervals\":\"5\",\"duration\":\"10\",\"number_of_slots\":\"8\",\"spaces\":\"1\",\"slots\":{\"1:38 pm-01:53 pm\":{\"space\":\"1\"},\"01:53 pm-02:08 pm\":{\"space\":\"1\"},\"02:08 pm-02:23 pm\":{\"space\":\"1\"},\"02:23 pm-02:38 pm\":{\"space\":\"1\"},\"02:38 pm-02:53 pm\":{\"space\":\"1\"},\"02:53 pm-03:08 pm\":{\"space\":\"1\"},\"03:08 pm-03:23 pm\":{\"space\":\"1\"},\"03:23 pm-03:38 pm\":{\"space\":\"1\"}},\"consultation_fee\":\"34\"},\"sun\":{\"start_time\":\"1:38 pm\",\"end_time\":\"3:38 pm\",\"intervals\":\"5\",\"duration\":\"10\",\"number_of_slots\":\"8\",\"spaces\":\"1\",\"slots\":{\"1:38 pm-01:53 pm\":{\"space\":\"1\"},\"01:53 pm-02:08 pm\":{\"space\":\"1\"},\"02:08 pm-02:23 pm\":{\"space\":\"1\"},\"02:23 pm-02:38 pm\":{\"space\":\"1\"},\"02:38 pm-02:53 pm\":{\"space\":\"1\"},\"02:53 pm-03:08 pm\":{\"space\":\"1\"},\"03:08 pm-03:23 pm\":{\"space\":\"1\"},\"03:23 pm-03:38 pm\":{\"space\":\"1\"}},\"consultation_fee\":\"34\"},\"consultation_fee\":\"34\"}','message','pending','2020-09-17 06:38:12','2020-09-17 06:38:12'),(196,'270',224,'{\"services\":{\"speciality\":[{\"speciality_id\":\"3\",\"speciality_services\":[{\"service\":\"4\",\"price\":\"300\"}]}]},\"days\":[\"mon\",\"tue\",\"sat\",\"sun\"],\"mon\":{\"start_time\":\"1:40 pm\",\"end_time\":\"8:10 pm\",\"intervals\":\"10\",\"duration\":\"20\",\"number_of_slots\":\"13\",\"spaces\":\"1\",\"slots\":{\"1:40 pm-02:10 pm\":{\"space\":\"1\"},\"02:10 pm-02:40 pm\":{\"space\":\"1\"},\"02:40 pm-03:10 pm\":{\"space\":\"1\"},\"03:10 pm-03:40 pm\":{\"space\":\"1\"},\"03:40 pm-04:10 pm\":{\"space\":\"1\"},\"04:10 pm-04:40 pm\":{\"space\":\"1\"},\"04:40 pm-05:10 pm\":{\"space\":\"1\"},\"05:10 pm-05:40 pm\":{\"space\":\"1\"},\"05:40 pm-06:10 pm\":{\"space\":\"1\"},\"06:10 pm-06:40 pm\":{\"space\":\"1\"},\"06:40 pm-07:10 pm\":{\"space\":\"1\"},\"07:10 pm-07:40 pm\":{\"space\":\"1\"},\"07:40 pm-08:10 pm\":{\"space\":\"1\"}},\"consultation_fee\":\"67\"},\"tue\":{\"start_time\":\"1:40 pm\",\"end_time\":\"8:10 pm\",\"intervals\":\"10\",\"duration\":\"20\",\"number_of_slots\":\"13\",\"spaces\":\"1\",\"slots\":{\"1:40 pm-02:10 pm\":{\"space\":\"1\"},\"02:10 pm-02:40 pm\":{\"space\":\"1\"},\"02:40 pm-03:10 pm\":{\"space\":\"1\"},\"03:10 pm-03:40 pm\":{\"space\":\"1\"},\"03:40 pm-04:10 pm\":{\"space\":\"1\"},\"04:10 pm-04:40 pm\":{\"space\":\"1\"},\"04:40 pm-05:10 pm\":{\"space\":\"1\"},\"05:10 pm-05:40 pm\":{\"space\":\"1\"},\"05:40 pm-06:10 pm\":{\"space\":\"1\"},\"06:10 pm-06:40 pm\":{\"space\":\"1\"},\"06:40 pm-07:10 pm\":{\"space\":\"1\"},\"07:10 pm-07:40 pm\":{\"space\":\"1\"},\"07:40 pm-08:10 pm\":{\"space\":\"1\"}},\"consultation_fee\":\"67\"},\"sat\":{\"start_time\":\"1:40 pm\",\"end_time\":\"8:10 pm\",\"intervals\":\"10\",\"duration\":\"20\",\"number_of_slots\":\"13\",\"spaces\":\"1\",\"slots\":{\"1:40 pm-02:10 pm\":{\"space\":\"1\"},\"02:10 pm-02:40 pm\":{\"space\":\"1\"},\"02:40 pm-03:10 pm\":{\"space\":\"1\"},\"03:10 pm-03:40 pm\":{\"space\":\"1\"},\"03:40 pm-04:10 pm\":{\"space\":\"1\"},\"04:10 pm-04:40 pm\":{\"space\":\"1\"},\"04:40 pm-05:10 pm\":{\"space\":\"1\"},\"05:10 pm-05:40 pm\":{\"space\":\"1\"},\"05:40 pm-06:10 pm\":{\"space\":\"1\"},\"06:10 pm-06:40 pm\":{\"space\":\"1\"},\"06:40 pm-07:10 pm\":{\"space\":\"1\"},\"07:10 pm-07:40 pm\":{\"space\":\"1\"},\"07:40 pm-08:10 pm\":{\"space\":\"1\"}},\"consultation_fee\":\"67\"},\"sun\":{\"start_time\":\"1:40 pm\",\"end_time\":\"8:10 pm\",\"intervals\":\"10\",\"duration\":\"20\",\"number_of_slots\":\"13\",\"spaces\":\"1\",\"slots\":{\"1:40 pm-02:10 pm\":{\"space\":\"1\"},\"02:10 pm-02:40 pm\":{\"space\":\"1\"},\"02:40 pm-03:10 pm\":{\"space\":\"1\"},\"03:10 pm-03:40 pm\":{\"space\":\"1\"},\"03:40 pm-04:10 pm\":{\"space\":\"1\"},\"04:10 pm-04:40 pm\":{\"space\":\"1\"},\"04:40 pm-05:10 pm\":{\"space\":\"1\"},\"05:10 pm-05:40 pm\":{\"space\":\"1\"},\"05:40 pm-06:10 pm\":{\"space\":\"1\"},\"06:10 pm-06:40 pm\":{\"space\":\"1\"},\"06:40 pm-07:10 pm\":{\"space\":\"1\"},\"07:10 pm-07:40 pm\":{\"space\":\"1\"},\"07:40 pm-08:10 pm\":{\"space\":\"1\"}},\"consultation_fee\":\"67\"},\"consultation_fee\":\"67\"}','message','pending','2020-09-17 06:39:09','2020-09-17 06:39:09'),(197,'281',224,'{\"services\":{\"speciality\":[{\"speciality_id\":\"3\",\"speciality_services\":[{\"service\":\"4\",\"price\":\"300\"}]}]},\"days\":[\"mon\",\"fri\",\"sat\",\"sun\"],\"mon\":{\"start_time\":\"1:41 pm\",\"end_time\":\"6:11 pm\",\"intervals\":\"10\",\"duration\":\"20\",\"number_of_slots\":\"9\",\"spaces\":\"3\",\"slots\":{\"1:41 pm-02:11 pm\":{\"space\":\"3\"},\"02:11 pm-02:41 pm\":{\"space\":\"3\"},\"02:41 pm-03:11 pm\":{\"space\":\"3\"},\"03:11 pm-03:41 pm\":{\"space\":\"3\"},\"03:41 pm-04:11 pm\":{\"space\":\"3\"},\"04:11 pm-04:41 pm\":{\"space\":\"3\"},\"04:41 pm-05:11 pm\":{\"space\":\"3\"},\"05:11 pm-05:41 pm\":{\"space\":\"3\"},\"05:41 pm-06:11 pm\":{\"space\":\"3\"}},\"consultation_fee\":\"45\"},\"fri\":{\"start_time\":\"1:41 pm\",\"end_time\":\"6:11 pm\",\"intervals\":\"10\",\"duration\":\"20\",\"number_of_slots\":\"9\",\"spaces\":\"3\",\"slots\":{\"1:41 pm-02:11 pm\":{\"space\":\"3\"},\"02:11 pm-02:41 pm\":{\"space\":\"3\"},\"02:41 pm-03:11 pm\":{\"space\":\"3\"},\"03:11 pm-03:41 pm\":{\"space\":\"3\"},\"03:41 pm-04:11 pm\":{\"space\":\"3\"},\"04:11 pm-04:41 pm\":{\"space\":\"3\"},\"04:41 pm-05:11 pm\":{\"space\":\"3\"},\"05:11 pm-05:41 pm\":{\"space\":\"3\"},\"05:41 pm-06:11 pm\":{\"space\":\"3\"}},\"consultation_fee\":\"45\"},\"sat\":{\"start_time\":\"1:41 pm\",\"end_time\":\"6:11 pm\",\"intervals\":\"10\",\"duration\":\"20\",\"number_of_slots\":\"9\",\"spaces\":\"3\",\"slots\":{\"1:41 pm-02:11 pm\":{\"space\":\"3\"},\"02:11 pm-02:41 pm\":{\"space\":\"3\"},\"02:41 pm-03:11 pm\":{\"space\":\"3\"},\"03:11 pm-03:41 pm\":{\"space\":\"3\"},\"03:41 pm-04:11 pm\":{\"space\":\"3\"},\"04:11 pm-04:41 pm\":{\"space\":\"3\"},\"04:41 pm-05:11 pm\":{\"space\":\"3\"},\"05:11 pm-05:41 pm\":{\"space\":\"3\"},\"05:41 pm-06:11 pm\":{\"space\":\"3\"}},\"consultation_fee\":\"45\"},\"sun\":{\"start_time\":\"1:41 pm\",\"end_time\":\"6:11 pm\",\"intervals\":\"10\",\"duration\":\"20\",\"number_of_slots\":\"9\",\"spaces\":\"3\",\"slots\":{\"1:41 pm-02:11 pm\":{\"space\":\"3\"},\"02:11 pm-02:41 pm\":{\"space\":\"3\"},\"02:41 pm-03:11 pm\":{\"space\":\"3\"},\"03:11 pm-03:41 pm\":{\"space\":\"3\"},\"03:41 pm-04:11 pm\":{\"space\":\"3\"},\"04:11 pm-04:41 pm\":{\"space\":\"3\"},\"04:41 pm-05:11 pm\":{\"space\":\"3\"},\"05:11 pm-05:41 pm\":{\"space\":\"3\"},\"05:41 pm-06:11 pm\":{\"space\":\"3\"}},\"consultation_fee\":\"45\"},\"consultation_fee\":\"45\"}','message','pending','2020-09-17 06:39:35','2020-09-17 06:39:35'),(198,'282',244,'{\"services\":{\"speciality\":[{\"speciality_id\":\"30\",\"speciality_services\":[{\"service\":\"25\",\"price\":\"500\"}]},{\"speciality_id\":\"2\"}]},\"days\":[\"mon\",\"fri\",\"sat\",\"sun\"],\"mon\":{\"start_time\":\"1:42 pm\",\"end_time\":\"10:12 pm\",\"intervals\":\"10\",\"duration\":\"20\",\"number_of_slots\":\"17\",\"spaces\":\"2\",\"slots\":{\"1:42 pm-02:12 pm\":{\"space\":\"2\"},\"02:12 pm-02:42 pm\":{\"space\":\"2\"},\"02:42 pm-03:12 pm\":{\"space\":\"2\"},\"03:12 pm-03:42 pm\":{\"space\":\"2\"},\"03:42 pm-04:12 pm\":{\"space\":\"2\"},\"04:12 pm-04:42 pm\":{\"space\":\"2\"},\"04:42 pm-05:12 pm\":{\"space\":\"2\"},\"05:12 pm-05:42 pm\":{\"space\":\"2\"},\"05:42 pm-06:12 pm\":{\"space\":\"2\"},\"06:12 pm-06:42 pm\":{\"space\":\"2\"},\"06:42 pm-07:12 pm\":{\"space\":\"2\"},\"07:12 pm-07:42 pm\":{\"space\":\"2\"},\"07:42 pm-08:12 pm\":{\"space\":\"2\"},\"08:12 pm-08:42 pm\":{\"space\":\"2\"},\"08:42 pm-09:12 pm\":{\"space\":\"2\"},\"09:12 pm-09:42 pm\":{\"space\":\"2\"},\"09:42 pm-10:12 pm\":{\"space\":\"2\"}},\"consultation_fee\":\"200\"},\"fri\":{\"start_time\":\"1:42 pm\",\"end_time\":\"10:12 pm\",\"intervals\":\"10\",\"duration\":\"20\",\"number_of_slots\":\"17\",\"spaces\":\"2\",\"slots\":{\"1:42 pm-02:12 pm\":{\"space\":\"2\"},\"02:12 pm-02:42 pm\":{\"space\":\"2\"},\"02:42 pm-03:12 pm\":{\"space\":\"2\"},\"03:12 pm-03:42 pm\":{\"space\":\"2\"},\"03:42 pm-04:12 pm\":{\"space\":\"2\"},\"04:12 pm-04:42 pm\":{\"space\":\"2\"},\"04:42 pm-05:12 pm\":{\"space\":\"2\"},\"05:12 pm-05:42 pm\":{\"space\":\"2\"},\"05:42 pm-06:12 pm\":{\"space\":\"2\"},\"06:12 pm-06:42 pm\":{\"space\":\"2\"},\"06:42 pm-07:12 pm\":{\"space\":\"2\"},\"07:12 pm-07:42 pm\":{\"space\":\"2\"},\"07:42 pm-08:12 pm\":{\"space\":\"2\"},\"08:12 pm-08:42 pm\":{\"space\":\"2\"},\"08:42 pm-09:12 pm\":{\"space\":\"2\"},\"09:12 pm-09:42 pm\":{\"space\":\"2\"},\"09:42 pm-10:12 pm\":{\"space\":\"2\"}},\"consultation_fee\":\"200\"},\"sat\":{\"start_time\":\"1:42 pm\",\"end_time\":\"10:12 pm\",\"intervals\":\"10\",\"duration\":\"20\",\"number_of_slots\":\"17\",\"spaces\":\"2\",\"slots\":{\"1:42 pm-02:12 pm\":{\"space\":\"2\"},\"02:12 pm-02:42 pm\":{\"space\":\"2\"},\"02:42 pm-03:12 pm\":{\"space\":\"2\"},\"03:12 pm-03:42 pm\":{\"space\":\"2\"},\"03:42 pm-04:12 pm\":{\"space\":\"2\"},\"04:12 pm-04:42 pm\":{\"space\":\"2\"},\"04:42 pm-05:12 pm\":{\"space\":\"2\"},\"05:12 pm-05:42 pm\":{\"space\":\"2\"},\"05:42 pm-06:12 pm\":{\"space\":\"2\"},\"06:12 pm-06:42 pm\":{\"space\":\"2\"},\"06:42 pm-07:12 pm\":{\"space\":\"2\"},\"07:12 pm-07:42 pm\":{\"space\":\"2\"},\"07:42 pm-08:12 pm\":{\"space\":\"2\"},\"08:12 pm-08:42 pm\":{\"space\":\"2\"},\"08:42 pm-09:12 pm\":{\"space\":\"2\"},\"09:12 pm-09:42 pm\":{\"space\":\"2\"},\"09:42 pm-10:12 pm\":{\"space\":\"2\"}},\"consultation_fee\":\"200\"},\"sun\":{\"start_time\":\"1:42 pm\",\"end_time\":\"10:12 pm\",\"intervals\":\"10\",\"duration\":\"20\",\"number_of_slots\":\"17\",\"spaces\":\"2\",\"slots\":{\"1:42 pm-02:12 pm\":{\"space\":\"2\"},\"02:12 pm-02:42 pm\":{\"space\":\"2\"},\"02:42 pm-03:12 pm\":{\"space\":\"2\"},\"03:12 pm-03:42 pm\":{\"space\":\"2\"},\"03:42 pm-04:12 pm\":{\"space\":\"2\"},\"04:12 pm-04:42 pm\":{\"space\":\"2\"},\"04:42 pm-05:12 pm\":{\"space\":\"2\"},\"05:12 pm-05:42 pm\":{\"space\":\"2\"},\"05:42 pm-06:12 pm\":{\"space\":\"2\"},\"06:12 pm-06:42 pm\":{\"space\":\"2\"},\"06:42 pm-07:12 pm\":{\"space\":\"2\"},\"07:12 pm-07:42 pm\":{\"space\":\"2\"},\"07:42 pm-08:12 pm\":{\"space\":\"2\"},\"08:12 pm-08:42 pm\":{\"space\":\"2\"},\"08:42 pm-09:12 pm\":{\"space\":\"2\"},\"09:12 pm-09:42 pm\":{\"space\":\"2\"},\"09:42 pm-10:12 pm\":{\"space\":\"2\"}},\"consultation_fee\":\"200\"},\"consultation_fee\":\"200\"}','message','pending','2020-09-17 06:40:43','2020-09-17 06:40:43'),(199,'278',244,'{\"services\":{\"speciality\":[{\"speciality_id\":\"30\",\"speciality_services\":[{\"service\":\"25\",\"price\":\"500\"}]},{\"speciality_id\":\"2\"}]},\"days\":[\"mon\",\"tue\",\"sat\",\"sun\"],\"mon\":{\"start_time\":\"1:42 pm\",\"end_time\":\"9:42 pm\",\"intervals\":\"20\",\"duration\":\"20\",\"number_of_slots\":\"12\",\"spaces\":\"2\",\"slots\":{\"1:42 pm-02:22 pm\":{\"space\":\"2\"},\"02:22 pm-03:02 pm\":{\"space\":\"2\"},\"03:02 pm-03:42 pm\":{\"space\":\"2\"},\"03:42 pm-04:22 pm\":{\"space\":\"2\"},\"04:22 pm-05:02 pm\":{\"space\":\"2\"},\"05:02 pm-05:42 pm\":{\"space\":\"2\"},\"05:42 pm-06:22 pm\":{\"space\":\"2\"},\"06:22 pm-07:02 pm\":{\"space\":\"2\"},\"07:02 pm-07:42 pm\":{\"space\":\"2\"},\"07:42 pm-08:22 pm\":{\"space\":\"2\"},\"08:22 pm-09:02 pm\":{\"space\":\"2\"},\"09:02 pm-09:42 pm\":{\"space\":\"2\"}},\"consultation_fee\":\"300\"},\"tue\":{\"start_time\":\"1:42 pm\",\"end_time\":\"9:42 pm\",\"intervals\":\"20\",\"duration\":\"20\",\"number_of_slots\":\"12\",\"spaces\":\"2\",\"slots\":{\"1:42 pm-02:22 pm\":{\"space\":\"2\"},\"02:22 pm-03:02 pm\":{\"space\":\"2\"},\"03:02 pm-03:42 pm\":{\"space\":\"2\"},\"03:42 pm-04:22 pm\":{\"space\":\"2\"},\"04:22 pm-05:02 pm\":{\"space\":\"2\"},\"05:02 pm-05:42 pm\":{\"space\":\"2\"},\"05:42 pm-06:22 pm\":{\"space\":\"2\"},\"06:22 pm-07:02 pm\":{\"space\":\"2\"},\"07:02 pm-07:42 pm\":{\"space\":\"2\"},\"07:42 pm-08:22 pm\":{\"space\":\"2\"},\"08:22 pm-09:02 pm\":{\"space\":\"2\"},\"09:02 pm-09:42 pm\":{\"space\":\"2\"}},\"consultation_fee\":\"300\"},\"sat\":{\"start_time\":\"1:42 pm\",\"end_time\":\"9:42 pm\",\"intervals\":\"20\",\"duration\":\"20\",\"number_of_slots\":\"12\",\"spaces\":\"2\",\"slots\":{\"1:42 pm-02:22 pm\":{\"space\":\"2\"},\"02:22 pm-03:02 pm\":{\"space\":\"2\"},\"03:02 pm-03:42 pm\":{\"space\":\"2\"},\"03:42 pm-04:22 pm\":{\"space\":\"2\"},\"04:22 pm-05:02 pm\":{\"space\":\"2\"},\"05:02 pm-05:42 pm\":{\"space\":\"2\"},\"05:42 pm-06:22 pm\":{\"space\":\"2\"},\"06:22 pm-07:02 pm\":{\"space\":\"2\"},\"07:02 pm-07:42 pm\":{\"space\":\"2\"},\"07:42 pm-08:22 pm\":{\"space\":\"2\"},\"08:22 pm-09:02 pm\":{\"space\":\"2\"},\"09:02 pm-09:42 pm\":{\"space\":\"2\"}},\"consultation_fee\":\"300\"},\"sun\":{\"start_time\":\"1:42 pm\",\"end_time\":\"9:42 pm\",\"intervals\":\"20\",\"duration\":\"20\",\"number_of_slots\":\"12\",\"spaces\":\"2\",\"slots\":{\"1:42 pm-02:22 pm\":{\"space\":\"2\"},\"02:22 pm-03:02 pm\":{\"space\":\"2\"},\"03:02 pm-03:42 pm\":{\"space\":\"2\"},\"03:42 pm-04:22 pm\":{\"space\":\"2\"},\"04:22 pm-05:02 pm\":{\"space\":\"2\"},\"05:02 pm-05:42 pm\":{\"space\":\"2\"},\"05:42 pm-06:22 pm\":{\"space\":\"2\"},\"06:22 pm-07:02 pm\":{\"space\":\"2\"},\"07:02 pm-07:42 pm\":{\"space\":\"2\"},\"07:42 pm-08:22 pm\":{\"space\":\"2\"},\"08:22 pm-09:02 pm\":{\"space\":\"2\"},\"09:02 pm-09:42 pm\":{\"space\":\"2\"}},\"consultation_fee\":\"300\"},\"consultation_fee\":\"300\"}','message','pending','2020-09-17 06:41:08','2020-09-17 06:41:08'),(200,'281',241,'{\"services\":{\"speciality\":[{\"speciality_id\":\"3\"},{\"speciality_id\":\"6\"}]},\"days\":[\"mon\",\"tue\",\"wed\",\"fri\",\"sat\",\"sun\"],\"mon\":{\"start_time\":\"1:43 pm\",\"end_time\":\"1:23 am\",\"intervals\":\"60\",\"duration\":\"40\",\"number_of_slots\":\"7\",\"spaces\":\"3\",\"slots\":{\"1:43 pm-03:23 pm\":{\"space\":\"3\"},\"03:23 pm-05:03 pm\":{\"space\":\"3\"},\"05:03 pm-06:43 pm\":{\"space\":\"3\"},\"06:43 pm-08:23 pm\":{\"space\":\"3\"},\"08:23 pm-10:03 pm\":{\"space\":\"3\"},\"10:03 pm-11:43 pm\":{\"space\":\"3\"},\"11:43 pm-01:23 am\":{\"space\":\"3\"}},\"consultation_fee\":\"400\"},\"tue\":{\"start_time\":\"1:43 pm\",\"end_time\":\"1:23 am\",\"intervals\":\"60\",\"duration\":\"40\",\"number_of_slots\":\"7\",\"spaces\":\"3\",\"slots\":{\"1:43 pm-03:23 pm\":{\"space\":\"3\"},\"03:23 pm-05:03 pm\":{\"space\":\"3\"},\"05:03 pm-06:43 pm\":{\"space\":\"3\"},\"06:43 pm-08:23 pm\":{\"space\":\"3\"},\"08:23 pm-10:03 pm\":{\"space\":\"3\"},\"10:03 pm-11:43 pm\":{\"space\":\"3\"},\"11:43 pm-01:23 am\":{\"space\":\"3\"}},\"consultation_fee\":\"400\"},\"wed\":{\"start_time\":\"1:43 pm\",\"end_time\":\"1:23 am\",\"intervals\":\"60\",\"duration\":\"40\",\"number_of_slots\":\"7\",\"spaces\":\"3\",\"slots\":{\"1:43 pm-03:23 pm\":{\"space\":\"3\"},\"03:23 pm-05:03 pm\":{\"space\":\"3\"},\"05:03 pm-06:43 pm\":{\"space\":\"3\"},\"06:43 pm-08:23 pm\":{\"space\":\"3\"},\"08:23 pm-10:03 pm\":{\"space\":\"3\"},\"10:03 pm-11:43 pm\":{\"space\":\"3\"},\"11:43 pm-01:23 am\":{\"space\":\"3\"}},\"consultation_fee\":\"400\"},\"fri\":{\"start_time\":\"1:43 pm\",\"end_time\":\"1:23 am\",\"intervals\":\"60\",\"duration\":\"40\",\"number_of_slots\":\"7\",\"spaces\":\"3\",\"slots\":{\"1:43 pm-03:23 pm\":{\"space\":\"3\"},\"03:23 pm-05:03 pm\":{\"space\":\"3\"},\"05:03 pm-06:43 pm\":{\"space\":\"3\"},\"06:43 pm-08:23 pm\":{\"space\":\"3\"},\"08:23 pm-10:03 pm\":{\"space\":\"3\"},\"10:03 pm-11:43 pm\":{\"space\":\"3\"},\"11:43 pm-01:23 am\":{\"space\":\"3\"}},\"consultation_fee\":\"400\"},\"sat\":{\"start_time\":\"1:43 pm\",\"end_time\":\"1:23 am\",\"intervals\":\"60\",\"duration\":\"40\",\"number_of_slots\":\"7\",\"spaces\":\"3\",\"slots\":{\"1:43 pm-03:23 pm\":{\"space\":\"3\"},\"03:23 pm-05:03 pm\":{\"space\":\"3\"},\"05:03 pm-06:43 pm\":{\"space\":\"3\"},\"06:43 pm-08:23 pm\":{\"space\":\"3\"},\"08:23 pm-10:03 pm\":{\"space\":\"3\"},\"10:03 pm-11:43 pm\":{\"space\":\"3\"},\"11:43 pm-01:23 am\":{\"space\":\"3\"}},\"consultation_fee\":\"400\"},\"sun\":{\"start_time\":\"1:43 pm\",\"end_time\":\"1:23 am\",\"intervals\":\"60\",\"duration\":\"40\",\"number_of_slots\":\"7\",\"spaces\":\"3\",\"slots\":{\"1:43 pm-03:23 pm\":{\"space\":\"3\"},\"03:23 pm-05:03 pm\":{\"space\":\"3\"},\"05:03 pm-06:43 pm\":{\"space\":\"3\"},\"06:43 pm-08:23 pm\":{\"space\":\"3\"},\"08:23 pm-10:03 pm\":{\"space\":\"3\"},\"10:03 pm-11:43 pm\":{\"space\":\"3\"},\"11:43 pm-01:23 am\":{\"space\":\"3\"}},\"consultation_fee\":\"400\"},\"consultation_fee\":\"400\"}','message','pending','2020-09-17 06:42:01','2020-09-17 06:42:01'),(201,'278',241,'{\"services\":{\"speciality\":[{\"speciality_id\":\"3\",\"speciality_services\":[{\"service\":\"6\",\"price\":\"400\"}]},{\"speciality_id\":\"6\"}]},\"days\":[\"mon\",\"tue\",\"fri\",\"sat\"],\"mon\":{\"start_time\":\"12:43 pm\",\"end_time\":\"4:28 pm\",\"intervals\":\"5\",\"duration\":\"10\",\"number_of_slots\":\"15\",\"spaces\":\"1\",\"slots\":{\"12:43 pm-12:58 pm\":{\"space\":\"1\"},\"12:58 pm-01:13 pm\":{\"space\":\"1\"},\"01:13 pm-01:28 pm\":{\"space\":\"1\"},\"01:28 pm-01:43 pm\":{\"space\":\"1\"},\"01:43 pm-01:58 pm\":{\"space\":\"1\"},\"01:58 pm-02:13 pm\":{\"space\":\"1\"},\"02:13 pm-02:28 pm\":{\"space\":\"1\"},\"02:28 pm-02:43 pm\":{\"space\":\"1\"},\"02:43 pm-02:58 pm\":{\"space\":\"1\"},\"02:58 pm-03:13 pm\":{\"space\":\"1\"},\"03:13 pm-03:28 pm\":{\"space\":\"1\"},\"03:28 pm-03:43 pm\":{\"space\":\"1\"},\"03:43 pm-03:58 pm\":{\"space\":\"1\"},\"03:58 pm-04:13 pm\":{\"space\":\"1\"},\"04:13 pm-04:28 pm\":{\"space\":\"1\"}},\"consultation_fee\":\"300\"},\"tue\":{\"start_time\":\"12:43 pm\",\"end_time\":\"4:28 pm\",\"intervals\":\"5\",\"duration\":\"10\",\"number_of_slots\":\"15\",\"spaces\":\"1\",\"slots\":{\"12:43 pm-12:58 pm\":{\"space\":\"1\"},\"12:58 pm-01:13 pm\":{\"space\":\"1\"},\"01:13 pm-01:28 pm\":{\"space\":\"1\"},\"01:28 pm-01:43 pm\":{\"space\":\"1\"},\"01:43 pm-01:58 pm\":{\"space\":\"1\"},\"01:58 pm-02:13 pm\":{\"space\":\"1\"},\"02:13 pm-02:28 pm\":{\"space\":\"1\"},\"02:28 pm-02:43 pm\":{\"space\":\"1\"},\"02:43 pm-02:58 pm\":{\"space\":\"1\"},\"02:58 pm-03:13 pm\":{\"space\":\"1\"},\"03:13 pm-03:28 pm\":{\"space\":\"1\"},\"03:28 pm-03:43 pm\":{\"space\":\"1\"},\"03:43 pm-03:58 pm\":{\"space\":\"1\"},\"03:58 pm-04:13 pm\":{\"space\":\"1\"},\"04:13 pm-04:28 pm\":{\"space\":\"1\"}},\"consultation_fee\":\"300\"},\"fri\":{\"start_time\":\"12:43 pm\",\"end_time\":\"4:28 pm\",\"intervals\":\"5\",\"duration\":\"10\",\"number_of_slots\":\"15\",\"spaces\":\"1\",\"slots\":{\"12:43 pm-12:58 pm\":{\"space\":\"1\"},\"12:58 pm-01:13 pm\":{\"space\":\"1\"},\"01:13 pm-01:28 pm\":{\"space\":\"1\"},\"01:28 pm-01:43 pm\":{\"space\":\"1\"},\"01:43 pm-01:58 pm\":{\"space\":\"1\"},\"01:58 pm-02:13 pm\":{\"space\":\"1\"},\"02:13 pm-02:28 pm\":{\"space\":\"1\"},\"02:28 pm-02:43 pm\":{\"space\":\"1\"},\"02:43 pm-02:58 pm\":{\"space\":\"1\"},\"02:58 pm-03:13 pm\":{\"space\":\"1\"},\"03:13 pm-03:28 pm\":{\"space\":\"1\"},\"03:28 pm-03:43 pm\":{\"space\":\"1\"},\"03:43 pm-03:58 pm\":{\"space\":\"1\"},\"03:58 pm-04:13 pm\":{\"space\":\"1\"},\"04:13 pm-04:28 pm\":{\"space\":\"1\"}},\"consultation_fee\":\"300\"},\"sat\":{\"start_time\":\"12:43 pm\",\"end_time\":\"4:28 pm\",\"intervals\":\"5\",\"duration\":\"10\",\"number_of_slots\":\"15\",\"spaces\":\"1\",\"slots\":{\"12:43 pm-12:58 pm\":{\"space\":\"1\"},\"12:58 pm-01:13 pm\":{\"space\":\"1\"},\"01:13 pm-01:28 pm\":{\"space\":\"1\"},\"01:28 pm-01:43 pm\":{\"space\":\"1\"},\"01:43 pm-01:58 pm\":{\"space\":\"1\"},\"01:58 pm-02:13 pm\":{\"space\":\"1\"},\"02:13 pm-02:28 pm\":{\"space\":\"1\"},\"02:28 pm-02:43 pm\":{\"space\":\"1\"},\"02:43 pm-02:58 pm\":{\"space\":\"1\"},\"02:58 pm-03:13 pm\":{\"space\":\"1\"},\"03:13 pm-03:28 pm\":{\"space\":\"1\"},\"03:28 pm-03:43 pm\":{\"space\":\"1\"},\"03:43 pm-03:58 pm\":{\"space\":\"1\"},\"03:58 pm-04:13 pm\":{\"space\":\"1\"},\"04:13 pm-04:28 pm\":{\"space\":\"1\"}},\"consultation_fee\":\"300\"},\"consultation_fee\":\"300\"}','message','pending','2020-09-17 06:42:24','2020-09-17 06:42:24'),(202,'267',251,'{\"services\":{\"speciality\":[{\"speciality_id\":\"31\",\"speciality_services\":[{\"service\":\"16\",\"price\":\"400\"}]},{\"speciality_id\":\"5\"}]},\"days\":[\"mon\",\"tue\",\"fri\",\"sat\"],\"mon\":{\"start_time\":\"1:42 pm\",\"end_time\":\"8:42 pm\",\"intervals\":\"10\",\"duration\":\"20\",\"number_of_slots\":\"14\",\"spaces\":\"2\",\"slots\":{\"1:42 pm-02:12 pm\":{\"space\":\"2\"},\"02:12 pm-02:42 pm\":{\"space\":\"2\"},\"02:42 pm-03:12 pm\":{\"space\":\"2\"},\"03:12 pm-03:42 pm\":{\"space\":\"2\"},\"03:42 pm-04:12 pm\":{\"space\":\"2\"},\"04:12 pm-04:42 pm\":{\"space\":\"2\"},\"04:42 pm-05:12 pm\":{\"space\":\"2\"},\"05:12 pm-05:42 pm\":{\"space\":\"2\"},\"05:42 pm-06:12 pm\":{\"space\":\"2\"},\"06:12 pm-06:42 pm\":{\"space\":\"2\"},\"06:42 pm-07:12 pm\":{\"space\":\"2\"},\"07:12 pm-07:42 pm\":{\"space\":\"2\"},\"07:42 pm-08:12 pm\":{\"space\":\"2\"},\"08:12 pm-08:42 pm\":{\"space\":\"2\"}},\"consultation_fee\":\"300\"},\"tue\":{\"start_time\":\"1:42 pm\",\"end_time\":\"8:42 pm\",\"intervals\":\"10\",\"duration\":\"20\",\"number_of_slots\":\"14\",\"spaces\":\"2\",\"slots\":{\"1:42 pm-02:12 pm\":{\"space\":\"2\"},\"02:12 pm-02:42 pm\":{\"space\":\"2\"},\"02:42 pm-03:12 pm\":{\"space\":\"2\"},\"03:12 pm-03:42 pm\":{\"space\":\"2\"},\"03:42 pm-04:12 pm\":{\"space\":\"2\"},\"04:12 pm-04:42 pm\":{\"space\":\"2\"},\"04:42 pm-05:12 pm\":{\"space\":\"2\"},\"05:12 pm-05:42 pm\":{\"space\":\"2\"},\"05:42 pm-06:12 pm\":{\"space\":\"2\"},\"06:12 pm-06:42 pm\":{\"space\":\"2\"},\"06:42 pm-07:12 pm\":{\"space\":\"2\"},\"07:12 pm-07:42 pm\":{\"space\":\"2\"},\"07:42 pm-08:12 pm\":{\"space\":\"2\"},\"08:12 pm-08:42 pm\":{\"space\":\"2\"}},\"consultation_fee\":\"300\"},\"fri\":{\"start_time\":\"1:42 pm\",\"end_time\":\"8:42 pm\",\"intervals\":\"10\",\"duration\":\"20\",\"number_of_slots\":\"14\",\"spaces\":\"2\",\"slots\":{\"1:42 pm-02:12 pm\":{\"space\":\"2\"},\"02:12 pm-02:42 pm\":{\"space\":\"2\"},\"02:42 pm-03:12 pm\":{\"space\":\"2\"},\"03:12 pm-03:42 pm\":{\"space\":\"2\"},\"03:42 pm-04:12 pm\":{\"space\":\"2\"},\"04:12 pm-04:42 pm\":{\"space\":\"2\"},\"04:42 pm-05:12 pm\":{\"space\":\"2\"},\"05:12 pm-05:42 pm\":{\"space\":\"2\"},\"05:42 pm-06:12 pm\":{\"space\":\"2\"},\"06:12 pm-06:42 pm\":{\"space\":\"2\"},\"06:42 pm-07:12 pm\":{\"space\":\"2\"},\"07:12 pm-07:42 pm\":{\"space\":\"2\"},\"07:42 pm-08:12 pm\":{\"space\":\"2\"},\"08:12 pm-08:42 pm\":{\"space\":\"2\"}},\"consultation_fee\":\"300\"},\"sat\":{\"start_time\":\"1:42 pm\",\"end_time\":\"8:42 pm\",\"intervals\":\"10\",\"duration\":\"20\",\"number_of_slots\":\"14\",\"spaces\":\"2\",\"slots\":{\"1:42 pm-02:12 pm\":{\"space\":\"2\"},\"02:12 pm-02:42 pm\":{\"space\":\"2\"},\"02:42 pm-03:12 pm\":{\"space\":\"2\"},\"03:12 pm-03:42 pm\":{\"space\":\"2\"},\"03:42 pm-04:12 pm\":{\"space\":\"2\"},\"04:12 pm-04:42 pm\":{\"space\":\"2\"},\"04:42 pm-05:12 pm\":{\"space\":\"2\"},\"05:12 pm-05:42 pm\":{\"space\":\"2\"},\"05:42 pm-06:12 pm\":{\"space\":\"2\"},\"06:12 pm-06:42 pm\":{\"space\":\"2\"},\"06:42 pm-07:12 pm\":{\"space\":\"2\"},\"07:12 pm-07:42 pm\":{\"space\":\"2\"},\"07:42 pm-08:12 pm\":{\"space\":\"2\"},\"08:12 pm-08:42 pm\":{\"space\":\"2\"}},\"consultation_fee\":\"300\"},\"consultation_fee\":\"300\"}','message','pending','2020-09-17 06:43:19','2020-09-17 06:43:19'),(203,'279',251,'{\"services\":{\"speciality\":[{\"speciality_id\":\"31\",\"speciality_services\":[{\"service\":\"16\",\"price\":\"400\"}]},{\"speciality_id\":\"5\"}]},\"days\":[\"mon\",\"fri\",\"sat\",\"sun\"],\"mon\":{\"start_time\":\"1:45 pm\",\"end_time\":\"8:5 pm\",\"intervals\":\"10\",\"duration\":\"10\",\"number_of_slots\":\"19\",\"spaces\":\"3\",\"slots\":{\"1:45 pm-02:05 pm\":{\"space\":\"3\"},\"02:05 pm-02:25 pm\":{\"space\":\"3\"},\"02:25 pm-02:45 pm\":{\"space\":\"3\"},\"02:45 pm-03:05 pm\":{\"space\":\"3\"},\"03:05 pm-03:25 pm\":{\"space\":\"3\"},\"03:25 pm-03:45 pm\":{\"space\":\"3\"},\"03:45 pm-04:05 pm\":{\"space\":\"3\"},\"04:05 pm-04:25 pm\":{\"space\":\"3\"},\"04:25 pm-04:45 pm\":{\"space\":\"3\"},\"04:45 pm-05:05 pm\":{\"space\":\"3\"},\"05:05 pm-05:25 pm\":{\"space\":\"3\"},\"05:25 pm-05:45 pm\":{\"space\":\"3\"},\"05:45 pm-06:05 pm\":{\"space\":\"3\"},\"06:05 pm-06:25 pm\":{\"space\":\"3\"},\"06:25 pm-06:45 pm\":{\"space\":\"3\"},\"06:45 pm-07:05 pm\":{\"space\":\"3\"},\"07:05 pm-07:25 pm\":{\"space\":\"3\"},\"07:25 pm-07:45 pm\":{\"space\":\"3\"},\"07:45 pm-08:05 pm\":{\"space\":\"3\"}},\"consultation_fee\":\"200\"},\"fri\":{\"start_time\":\"1:45 pm\",\"end_time\":\"8:5 pm\",\"intervals\":\"10\",\"duration\":\"10\",\"number_of_slots\":\"19\",\"spaces\":\"3\",\"slots\":{\"1:45 pm-02:05 pm\":{\"space\":\"3\"},\"02:05 pm-02:25 pm\":{\"space\":\"3\"},\"02:25 pm-02:45 pm\":{\"space\":\"3\"},\"02:45 pm-03:05 pm\":{\"space\":\"3\"},\"03:05 pm-03:25 pm\":{\"space\":\"3\"},\"03:25 pm-03:45 pm\":{\"space\":\"3\"},\"03:45 pm-04:05 pm\":{\"space\":\"3\"},\"04:05 pm-04:25 pm\":{\"space\":\"3\"},\"04:25 pm-04:45 pm\":{\"space\":\"3\"},\"04:45 pm-05:05 pm\":{\"space\":\"3\"},\"05:05 pm-05:25 pm\":{\"space\":\"3\"},\"05:25 pm-05:45 pm\":{\"space\":\"3\"},\"05:45 pm-06:05 pm\":{\"space\":\"3\"},\"06:05 pm-06:25 pm\":{\"space\":\"3\"},\"06:25 pm-06:45 pm\":{\"space\":\"3\"},\"06:45 pm-07:05 pm\":{\"space\":\"3\"},\"07:05 pm-07:25 pm\":{\"space\":\"3\"},\"07:25 pm-07:45 pm\":{\"space\":\"3\"},\"07:45 pm-08:05 pm\":{\"space\":\"3\"}},\"consultation_fee\":\"200\"},\"sat\":{\"start_time\":\"1:45 pm\",\"end_time\":\"8:5 pm\",\"intervals\":\"10\",\"duration\":\"10\",\"number_of_slots\":\"19\",\"spaces\":\"3\",\"slots\":{\"1:45 pm-02:05 pm\":{\"space\":\"3\"},\"02:05 pm-02:25 pm\":{\"space\":\"3\"},\"02:25 pm-02:45 pm\":{\"space\":\"3\"},\"02:45 pm-03:05 pm\":{\"space\":\"3\"},\"03:05 pm-03:25 pm\":{\"space\":\"3\"},\"03:25 pm-03:45 pm\":{\"space\":\"3\"},\"03:45 pm-04:05 pm\":{\"space\":\"3\"},\"04:05 pm-04:25 pm\":{\"space\":\"3\"},\"04:25 pm-04:45 pm\":{\"space\":\"3\"},\"04:45 pm-05:05 pm\":{\"space\":\"3\"},\"05:05 pm-05:25 pm\":{\"space\":\"3\"},\"05:25 pm-05:45 pm\":{\"space\":\"3\"},\"05:45 pm-06:05 pm\":{\"space\":\"3\"},\"06:05 pm-06:25 pm\":{\"space\":\"3\"},\"06:25 pm-06:45 pm\":{\"space\":\"3\"},\"06:45 pm-07:05 pm\":{\"space\":\"3\"},\"07:05 pm-07:25 pm\":{\"space\":\"3\"},\"07:25 pm-07:45 pm\":{\"space\":\"3\"},\"07:45 pm-08:05 pm\":{\"space\":\"3\"}},\"consultation_fee\":\"200\"},\"sun\":{\"start_time\":\"1:45 pm\",\"end_time\":\"8:5 pm\",\"intervals\":\"10\",\"duration\":\"10\",\"number_of_slots\":\"19\",\"spaces\":\"3\",\"slots\":{\"1:45 pm-02:05 pm\":{\"space\":\"3\"},\"02:05 pm-02:25 pm\":{\"space\":\"3\"},\"02:25 pm-02:45 pm\":{\"space\":\"3\"},\"02:45 pm-03:05 pm\":{\"space\":\"3\"},\"03:05 pm-03:25 pm\":{\"space\":\"3\"},\"03:25 pm-03:45 pm\":{\"space\":\"3\"},\"03:45 pm-04:05 pm\":{\"space\":\"3\"},\"04:05 pm-04:25 pm\":{\"space\":\"3\"},\"04:25 pm-04:45 pm\":{\"space\":\"3\"},\"04:45 pm-05:05 pm\":{\"space\":\"3\"},\"05:05 pm-05:25 pm\":{\"space\":\"3\"},\"05:25 pm-05:45 pm\":{\"space\":\"3\"},\"05:45 pm-06:05 pm\":{\"space\":\"3\"},\"06:05 pm-06:25 pm\":{\"space\":\"3\"},\"06:25 pm-06:45 pm\":{\"space\":\"3\"},\"06:45 pm-07:05 pm\":{\"space\":\"3\"},\"07:05 pm-07:25 pm\":{\"space\":\"3\"},\"07:25 pm-07:45 pm\":{\"space\":\"3\"},\"07:45 pm-08:05 pm\":{\"space\":\"3\"}},\"consultation_fee\":\"200\"},\"consultation_fee\":\"200\"}','message','pending','2020-09-17 06:43:44','2020-09-17 06:43:44'),(204,'284',222,'{\"services\":{\"speciality\":[{\"speciality_id\":\"30\",\"speciality_services\":[{\"service\":\"25\",\"price\":\"400\"}]},{\"speciality_id\":\"1\"}]},\"days\":[\"tue\",\"sat\",\"sun\"],\"tue\":{\"start_time\":\"2:46 pm\",\"end_time\":\"8:11 pm\",\"intervals\":\"20\",\"duration\":\"5\",\"number_of_slots\":\"13\",\"spaces\":\"2\",\"slots\":{\"2:46 pm-03:11 pm\":{\"space\":\"2\"},\"03:11 pm-03:36 pm\":{\"space\":\"2\"},\"03:36 pm-04:01 pm\":{\"space\":\"2\"},\"04:01 pm-04:26 pm\":{\"space\":\"2\"},\"04:26 pm-04:51 pm\":{\"space\":\"2\"},\"04:51 pm-05:16 pm\":{\"space\":\"2\"},\"05:16 pm-05:41 pm\":{\"space\":\"2\"},\"05:41 pm-06:06 pm\":{\"space\":\"2\"},\"06:06 pm-06:31 pm\":{\"space\":\"2\"},\"06:31 pm-06:56 pm\":{\"space\":\"2\"},\"06:56 pm-07:21 pm\":{\"space\":\"2\"},\"07:21 pm-07:46 pm\":{\"space\":\"2\"},\"07:46 pm-08:11 pm\":{\"space\":\"2\"}},\"consultation_fee\":\"300\"},\"sat\":{\"start_time\":\"2:46 pm\",\"end_time\":\"8:11 pm\",\"intervals\":\"20\",\"duration\":\"5\",\"number_of_slots\":\"13\",\"spaces\":\"2\",\"slots\":{\"2:46 pm-03:11 pm\":{\"space\":\"2\"},\"03:11 pm-03:36 pm\":{\"space\":\"2\"},\"03:36 pm-04:01 pm\":{\"space\":\"2\"},\"04:01 pm-04:26 pm\":{\"space\":\"2\"},\"04:26 pm-04:51 pm\":{\"space\":\"2\"},\"04:51 pm-05:16 pm\":{\"space\":\"2\"},\"05:16 pm-05:41 pm\":{\"space\":\"2\"},\"05:41 pm-06:06 pm\":{\"space\":\"2\"},\"06:06 pm-06:31 pm\":{\"space\":\"2\"},\"06:31 pm-06:56 pm\":{\"space\":\"2\"},\"06:56 pm-07:21 pm\":{\"space\":\"2\"},\"07:21 pm-07:46 pm\":{\"space\":\"2\"},\"07:46 pm-08:11 pm\":{\"space\":\"2\"}},\"consultation_fee\":\"300\"},\"sun\":{\"start_time\":\"2:46 pm\",\"end_time\":\"8:11 pm\",\"intervals\":\"20\",\"duration\":\"5\",\"number_of_slots\":\"13\",\"spaces\":\"2\",\"slots\":{\"2:46 pm-03:11 pm\":{\"space\":\"2\"},\"03:11 pm-03:36 pm\":{\"space\":\"2\"},\"03:36 pm-04:01 pm\":{\"space\":\"2\"},\"04:01 pm-04:26 pm\":{\"space\":\"2\"},\"04:26 pm-04:51 pm\":{\"space\":\"2\"},\"04:51 pm-05:16 pm\":{\"space\":\"2\"},\"05:16 pm-05:41 pm\":{\"space\":\"2\"},\"05:41 pm-06:06 pm\":{\"space\":\"2\"},\"06:06 pm-06:31 pm\":{\"space\":\"2\"},\"06:31 pm-06:56 pm\":{\"space\":\"2\"},\"06:56 pm-07:21 pm\":{\"space\":\"2\"},\"07:21 pm-07:46 pm\":{\"space\":\"2\"},\"07:46 pm-08:11 pm\":{\"space\":\"2\"}},\"consultation_fee\":\"300\"},\"consultation_fee\":\"300\"}','message','pending','2020-09-17 06:44:51','2020-09-17 06:44:51'),(205,'267',222,'{\"services\":{\"speciality\":[{\"speciality_id\":\"30\",\"speciality_services\":[{\"service\":\"25\",\"price\":\"400\"}]},{\"speciality_id\":\"1\"}]},\"days\":[\"tue\",\"sat\",\"sun\"],\"tue\":{\"start_time\":\"1:46 pm\",\"end_time\":\"6:6 pm\",\"intervals\":\"10\",\"duration\":\"10\",\"number_of_slots\":\"13\",\"spaces\":\"2\",\"slots\":{\"1:46 pm-02:06 pm\":{\"space\":\"2\"},\"02:06 pm-02:26 pm\":{\"space\":\"2\"},\"02:26 pm-02:46 pm\":{\"space\":\"2\"},\"02:46 pm-03:06 pm\":{\"space\":\"2\"},\"03:06 pm-03:26 pm\":{\"space\":\"2\"},\"03:26 pm-03:46 pm\":{\"space\":\"2\"},\"03:46 pm-04:06 pm\":{\"space\":\"2\"},\"04:06 pm-04:26 pm\":{\"space\":\"2\"},\"04:26 pm-04:46 pm\":{\"space\":\"2\"},\"04:46 pm-05:06 pm\":{\"space\":\"2\"},\"05:06 pm-05:26 pm\":{\"space\":\"2\"},\"05:26 pm-05:46 pm\":{\"space\":\"2\"},\"05:46 pm-06:06 pm\":{\"space\":\"2\"}},\"consultation_fee\":\"400\"},\"sat\":{\"start_time\":\"1:46 pm\",\"end_time\":\"6:6 pm\",\"intervals\":\"10\",\"duration\":\"10\",\"number_of_slots\":\"13\",\"spaces\":\"2\",\"slots\":{\"1:46 pm-02:06 pm\":{\"space\":\"2\"},\"02:06 pm-02:26 pm\":{\"space\":\"2\"},\"02:26 pm-02:46 pm\":{\"space\":\"2\"},\"02:46 pm-03:06 pm\":{\"space\":\"2\"},\"03:06 pm-03:26 pm\":{\"space\":\"2\"},\"03:26 pm-03:46 pm\":{\"space\":\"2\"},\"03:46 pm-04:06 pm\":{\"space\":\"2\"},\"04:06 pm-04:26 pm\":{\"space\":\"2\"},\"04:26 pm-04:46 pm\":{\"space\":\"2\"},\"04:46 pm-05:06 pm\":{\"space\":\"2\"},\"05:06 pm-05:26 pm\":{\"space\":\"2\"},\"05:26 pm-05:46 pm\":{\"space\":\"2\"},\"05:46 pm-06:06 pm\":{\"space\":\"2\"}},\"consultation_fee\":\"400\"},\"sun\":{\"start_time\":\"1:46 pm\",\"end_time\":\"6:6 pm\",\"intervals\":\"10\",\"duration\":\"10\",\"number_of_slots\":\"13\",\"spaces\":\"2\",\"slots\":{\"1:46 pm-02:06 pm\":{\"space\":\"2\"},\"02:06 pm-02:26 pm\":{\"space\":\"2\"},\"02:26 pm-02:46 pm\":{\"space\":\"2\"},\"02:46 pm-03:06 pm\":{\"space\":\"2\"},\"03:06 pm-03:26 pm\":{\"space\":\"2\"},\"03:26 pm-03:46 pm\":{\"space\":\"2\"},\"03:46 pm-04:06 pm\":{\"space\":\"2\"},\"04:06 pm-04:26 pm\":{\"space\":\"2\"},\"04:26 pm-04:46 pm\":{\"space\":\"2\"},\"04:46 pm-05:06 pm\":{\"space\":\"2\"},\"05:06 pm-05:26 pm\":{\"space\":\"2\"},\"05:26 pm-05:46 pm\":{\"space\":\"2\"},\"05:46 pm-06:06 pm\":{\"space\":\"2\"}},\"consultation_fee\":\"400\"},\"consultation_fee\":\"400\"}','message','pending','2020-09-17 06:45:13','2020-09-17 06:45:13');
/*!40000 ALTER TABLE `teams` ENABLE KEYS */;
UNLOCK TABLES;

--
-- Table structure for table `treatments`
--

DROP TABLE IF EXISTS `treatments`;
/*!40101 SET @saved_cs_client     = @@character_set_client */;
/*!50503 SET character_set_client = utf8mb4 */;
CREATE TABLE `treatments` (
  `id` int NOT NULL AUTO_INCREMENT,
  `title` varchar(250) DEFAULT NULL,
  `description` text,
  `created_at` timestamp NULL DEFAULT NULL,
  `updated_at` timestamp NULL DEFAULT NULL,
  PRIMARY KEY (`id`)
) ENGINE=InnoDB AUTO_INCREMENT=48 DEFAULT CHARSET=latin1;
/*!40101 SET character_set_client = @saved_cs_client */;

--
-- Dumping data for table `treatments`
--

LOCK TABLES `treatments` WRITE;
/*!40000 ALTER TABLE `treatments` DISABLE KEYS */;
INSERT INTO `treatments` VALUES (33,'TREATMENT FOR CORONAVIRUS','<p>The statement of the American President, Donald Trump, hailing chloroquine as a potential &lsquo;game-changer&rsquo; for treatment of coronavirus prompted an unregulated use of this drug by people to protect themselves against the pandemic. This self-medication ended up taking the life of a man in Arizona, and his wife to be hospitalized. But what exactly is true about chloroquine as a potential treatment for coronavirus? Read on to find out:</p>\r\n\r\n<h2><strong><em>What are chloroquine and hydroxychloroquine?</em></strong></h2>\r\n\r\n<p>Both these drugs are FDA-approved antimalarials that have been used for ages to fight the parasitic malarial infection. They were developed in 1934 and were used extensively in the second world war to fight the disease caused by the&nbsp;<em>plasmodium parasite,</em>&nbsp;spread by the mosquito vector.&nbsp;&nbsp;&nbsp;&nbsp;&nbsp;</p>\r\n\r\n<p>Apart from malaria, they are also used for the treatment of autoimmune disorders like&nbsp;<em>systemic lupus erythematosus&nbsp;</em>(SLE) and&nbsp;<em>rheumatoid arthritis&nbsp;</em>(RA). Both these drugs have their own spectrum of serious side effects, and therefore, they should not be taken without medical advice.&nbsp;</p>\r\n\r\n<h2><strong><em>Use of chloroquine and hydroxychloroquine for treatment of coronavirus</em></strong></h2>\r\n\r\n<p>The first thing to clearly know about the treatment for coronavirus is: there is no approved drug that is working against this virus. Most of the treatment for this virus is supportive and no single drug is effective against combating coronavirus.&nbsp;</p>\r\n\r\n<p>The news circulating about chloroquine and hydroxychloroquine surfaced because back in 2012, after the initial outbreak of a similar&nbsp;<a href=\"https://www.scientificamerican.com/article/could-chloroquine-treat-coronavirus/\">respiratory tract infection, MERS</a>, several drugs including chloroquine showed the potential of blocking the coronavirus from infecting cells. However, their role was not strong enough to warrant further investigation.&nbsp;</p>\r\n\r\n<p>When COVID-19 appeared, chloroquine was one of the top drugs considered worthy of further evaluation based on the MERS experiments. Around the world, labs are now investigating the role of chloroquine and hydroxychloroquine in COVID-19. Clinical trials are being held in China, the United States and France, to find the efficacy of chloroquine and hydroxychloroquine against coronavirus. However, so far there has been no consensus whether these drugs should be the line of treatment to follow or not, as the testing process is still in the early stages.&nbsp;</p>\r\n\r\n<p>Based on unpublished data, from China, chloroquine and hydroxychloroquine show promise. These drugs were used in China in February in a patient trial of 134 people, where it was found effective in reducing the severity of disease and showed potential as a treatment for coronavirus. According to Zhong Nanshan, Chinese respiratory expert and the head of government task force against the epidemic, the data regarding the use of these drugs in clinical trials in China would soon be available and shared with the world.&nbsp;</p>\r\n\r\n<p>In a similar clinical trial in France, headed by a member of IHU-Mediterranee Infection, Didier Raoult, a study on 36 patients positive for COVID-19 found a reduction in viral load in response to hydroxychloroquine. These effects were strengthened by the use of an antibiotic called&nbsp;<em>Azithromycin.&nbsp;</em></p>\r\n\r\n<p>In another paper published by a Chinese team, both chloroquine and hydroxychloroquine proved effective in the lab setting against the SARS-CoV-2 virus.&nbsp;</p>\r\n\r\n<h2><strong><em>Should we be using it for treatment against coronavirus?</em></strong></h2>\r\n\r\n<p>The answer to that question is, no. Despite the growing evidence,&nbsp;<a href=\"https://www.geo.tv/latest/278640-no-evidence-of-chloroquine-curing-coronavirus-clarifies-dr-zafar-mirza\">CDC</a>&nbsp;says that the US Food and Drug Administration (FDA) and the World Health Organization (WHO) have not approved the use of these drugs as treatment for coronavirus. At present, the management is mostly focused on prevention and social distancing to control the spread of disease.&nbsp;</p>\r\n\r\n<p>Around the world, people are self-medicating with chloroquine and hydroxychloroquine and jeopardizing their health with this unregulated use. There have been reports of deaths due to chloroquine poisoning and hospitalizations, as people do not understand the various drug interactions of chloroquine and proceed to take it without healthcare advice.&nbsp;</p>\r\n\r\n<p>In Pakistan, the use of these drugs has not been approved either. Special Assistant to the Prime Minister on health, Dr. Zafar Mirza&nbsp;<a href=\"https://www.geo.tv/latest/278640-no-evidence-of-chloroquine-curing-coronavirus-clarifies-dr-zafar-mirza\">held a press conference</a>&nbsp;to clarify that these drugs have not yet been approved by experts and should not be used as a treatment for coronavirus.</p>\r\n\r\n<p>Following the tweet by the American president, the US Food and Drug Administration (FDA) made a statement. FDA said in response, that they are still looking at the potential of chloroquine as a treatment option for COVID-19 and that neither hydroxychloroquine nor chloroquine have been approved&nbsp;<em>yet</em>&nbsp;in the US to fight the coronavirus.&nbsp;&nbsp;</p>\r\n\r\n<p>The head of NIH&rsquo;s National Institute for Allergies and Infectious Diseases also made a quick statement that President Trump&rsquo;s comments were not based on clinical trials, but rather anecdotal evidence.&nbsp;&nbsp;</p>\r\n\r\n<p>The Nigerian Center for Disease Control also announced on Twitter that self-medication with chloroquine can cause harm, and could lead to death as chloroquine has not been approved for use against COVID-19. This statement was made following the increase in usage of chloroquine by the Nigerian population as protection against COVID-19.&nbsp;</p>\r\n\r\n<h2><strong><em>What is the risk of self-medication with chloroquine?</em></strong></h2>\r\n\r\n<p>Without medical supervision, it is easy to take too much of this drug and suffer the consequences of overdose. Chloroquine poisoning can include symptoms like feeling sick, vomiting, body shakes, and stomach ache. Without urgent medical care, even death can occur.&nbsp;</p>\r\n\r\n<p>Chloroquine takes a long time to clear completely from the body. Even if the correct dosage of the drug is taken, it can build up over the years to cause damage. Long term use can cause damage to the eyesight and the hearing.&nbsp;</p>\r\n\r\n<h2>&nbsp;</h2>','2020-06-22 11:20:57','2020-06-22 11:23:14'),(34,'DYSPNEA TREATMENT','<p>Dyspnea is characterized by shortness of breath; it is often referred to as hunger for air. The severity of this condition can stretch from mild to severe and long-lasting, it is difficult to diagnose dyspnea because its symptoms are difficult to isolate and not link them to other possibilities.&nbsp;</p>\r\n\r\n<p><a href=\"https://oladoc.com/pakistan/lahore/dr/pulmonologist/shoaib-alam/166750\">Dr. Shoaib Alam</a>&nbsp;is a pulmonologist based in Lahore. In this session with oladoc, he discusses Dyspnea, that is shortness of breath. He discusses various aspects starting from the causes to the diagnosis of dyspnea and treatment options available in Pakistan.&nbsp;</p>\r\n\r\n<p><strong>Q.1: What is the most common cause of dyspnea?</strong></p>\r\n\r\n<p>One of the most common causes observed in multiple cases of dyspnea is interstitial lung cancer-causing unexplained shortness of breath. The lungs get scarred resulting in fibrosis. Acute dyspnea can also occur due to asthma, anxiety, pneumonia, anemia and allergic reactions.&nbsp;</p>\r\n\r\n<p>It is extremely difficult to diagnose it in normal tests, but developments have been introduced in the past 5 years.&nbsp;</p>\r\n\r\n<p>Moreover, risk factors such as smoking, environmental triggers like chemical fumes, obesity, and strenuous exercise regimes should be avoided.&nbsp;</p>\r\n\r\n<p><strong>Q.2: At what stage should the patient consult a doctor for shortness of breath?</strong></p>\r\n\r\n<p>If a patient experiences consistent breathing difficulties, even after general diagnosis they should consult a specialist. Consultation is also recommended in cases of faintness and extreme weakness during exertion for example during gym or playing a sport, sudden onset of dyspnea, loss of ability to function properly due to shortness of breath, and persistent chest pain.&nbsp;</p>\r\n\r\n<p>If the patient experiences lower oxygen levels due to an unexplained cause, consultation is strongly advised.&nbsp;</p>\r\n\r\n<p><strong>Q.3: What test should be done for dyspnea?</strong></p>\r\n\r\n<p>There are several different tests; in initial stages of consultation, a detailed physical examination is done. Patients sometimes have an already existing chest x-ray or an echo test which is helpful in dyspnea diagnosis. CT scan, pulmonary tests, general analysis of signs and symptoms is done by a specialist as well. An ECG (electrocardiogram) may be also done to show any signs of a heart attack or complications related to the heart.&nbsp;</p>\r\n\r\n<p><strong>Q.4: What are the advanced treatments available for dyspnea?</strong></p>\r\n\r\n<p>In recent years, thanks to advancements in this field several advance treatments have been uncovered. For example in severe cases, supplemental oxygen is given to the patient. Therapies are done for chronic dyspnea and the patient is taught exercises to breathe better.</p>\r\n\r\n<p>When it occurs due to an infection or pneumonia, specialized antibiotics are prescribed for relief. Other treatments involving opiates,&nbsp;non-steroidal anti-inflammatory drugs&nbsp;(NSAIDs), and anti-anxiety drugs, can also be effective.</p>\r\n\r\n<p><strong>Q.5: How do I get immediate relief from dyspnea?</strong></p>\r\n\r\n<p>Since there are different types of dyspnea, relief treatments differ from patient to patient. In case of chronic dyspnea, self-medication is strongly discouraged because it further makes the situation complicated and may even pose problems with the treatment. Moreover, self-medication is unsafe and is likely to worsen the condition.&nbsp;</p>\r\n\r\n<p>&nbsp;</p>','2020-06-22 11:24:52','2020-06-22 11:24:52'),(35,'CEREBRAL PALSY TREATMENT','<p>Cerebral palsy involves a group of disorders that affects the movement, muscle tone or posture. These disorders appear in early childhood and symptoms appear gradually over time, these symptoms include experiencing unusual activities regarding breathing, vision, swallowing etc. Oladoc invited Dr. Iqbal to talk about cerebral treatment.</p>\r\n\r\n<p><a href=\"https://oladoc.com/pakistan/lahore/dr/orthopedic-surgeon/mazhar-iqbal/1430\">Dr. Mazhar Iqbal Chaudhry</a>&nbsp;is an orthopedic surgeon in Lahore, who practices at Orthopedic Medical Complex (OMC). In this session with oladoc, he discusses a crucial health issue, mostly visible in children i.e cerebral palsy.&nbsp;</p>\r\n\r\n<p><strong>Q.1: What is cerebral palsy?</strong></p>\r\n\r\n<p>Cerebral palsy relates to a variety of physical disabilities produced as a result of injury to the brain. This can occur in pre-natal, perinatal and postnatal stages of a child&rsquo;s life, initial 2-3 years of the baby&rsquo;s life determine cerebral palsy, during this stage any injury, trauma or disease which affects the brain can cause cerebral palsy.&nbsp;</p>\r\n\r\n<p>As a result of these complications, the child suffer from different kinds of disabilities, for example, monoplegia condition affects only one hand, hemiplegic, affects one side of the body, diplegic makes both legs extremely weak and paraplegic, this is an extreme case where the child is unable to support his/her body.&nbsp;</p>\r\n\r\n<p><strong>Q.2: What are the causes of cerebral palsy?</strong></p>\r\n\r\n<p>Cerebral palsy can occur during the prenatal gestation period in the womb due to neuromuscular inherited diseases, or if the mother is alcoholic, and also in cases of placental rupture. This condition can also develop in the perinatal phase, from birth to the initial first few weeks due to difficult labour, cord around the neck or any other trauma. Postnatal cause includes accidents and traumas of any sort.&nbsp;</p>\r\n\r\n<p><strong>Q.3: What are the signs of cerebral palsy in a baby?</strong></p>\r\n\r\n<p>These children do not develop at a normal late, all their development milestones, for example, eye coordination or being able to respond to sounds is late. All movements of the baby are late, the signs depend on the extent of brain damage.&nbsp;</p>\r\n\r\n<p><strong>Q.4: Can a child with cerebral palsy live a normal life?</strong></p>\r\n\r\n<p>Yes, orthopedic surgeons work to perform rehabilitative surgeries that help counter the disability. The aim is to correct the deformities, and the joints, muscles and bones affected by this condition. The non-working muscles are replaced from working ones within the body, joint fusion is performed to stabilize the joints.</p>\r\n\r\n<p>Physiotherapy is done and the child is provided with supportive braces. These treatments enable the child to lead a normal life.&nbsp;</p>\r\n\r\n<p><strong>Q.5: At what age do children get diagnosed with cerebral palsy?</strong></p>\r\n\r\n<p>Unfortunately in Pakistan, there is an unwariness of this condition. Patients are usually brought to orthopedic surgeons at a later advanced stage because most mothers initially only consult a pediatrician.</p>\r\n\r\n<p>If at any stage the child shows signs of slow development, a specialist should be consulted. A timely diagnosis results in a much higher success rate of rehabilitative treatments.&nbsp;That is paramount in cerebral palsy treatment.</p>','2020-06-22 11:25:38','2020-06-22 11:25:38'),(36,'PROCTOLOGICAL DISEASES AND TREATMENT','<p>Proctological diseases are mainly concerned with lower digestive tract diseases, to counter these conditions corrective colorectal surgeries are performed to repair the colon, rectum or the anus. Surgical forms of treatments for these conditions include; colectomy, ileo/colostomy,&nbsp;polypectomy, strictureplasty, hemorrhoidectomy (in severe cases of&nbsp;hemorrhoids), anoplasty, and more depending on the condition and symptoms of each patient.&nbsp;</p>\r\n\r\n<p>Piles, hemorrhoids, fissures, fistulas are problems that if left untreated can cause major complications later on.&nbsp; If so, watch&nbsp;<a href=\"https://oladoc.com/pakistan/lahore/dr/general-surgeon/muhammad-tayyab-general-surgeon/207556\">Dr. Muhammad Tayyab</a>&nbsp;(Best Laparoscopic &amp; Colorectal Surgeon in Lahore) share his expert knowledge about all these problems.</p>\r\n\r\n<p><strong>Q.1: What is proctology?</strong></p>\r\n\r\n<p>Proctology is concerned with diseases of colon, rectum or the anus. The most frequently diagnosed condition is anal fissure, leading to pain and bleeding during bowel movements. Moreover, irritable bowel syndrome and inflammatory bowel diseases are frequently diagnosed proctological diseases in Pakistan.</p>\r\n\r\n<p>These diseases greatly hamper patients&rsquo; day to day activities and can greatly affect their quality of life. The most important factor in the case of proctological diseases is an early diagnosis.&nbsp;</p>\r\n\r\n<p><strong>Q.2: What are hemorrhoids and how to treat them?&nbsp;</strong></p>\r\n\r\n<p>Hemorrhoids are more commonly known as&nbsp;<a href=\"https://oladoc.com/health-zone/piles-symptoms-causes-and-treatments/\">piles</a>, this causes veins in the rectum and anus to swell. When the walls of these veins are stretched during bowel movements, they become irritated and cause extreme pain.</p>\r\n\r\n<p>Small hemorrhoids may clear up without medical attention but large external hemorrhoids are treated with surgical and non-surgical methods such as injections and medications.&nbsp;</p>\r\n\r\n<p><strong>Q.3: What are anal fissures?</strong></p>\r\n\r\n<p>This is one of the most frequently asked questions; it is basically a tear in the tissue that lines the anus. Anal fissures are very common in children but can occur in results as well, it is characterized by pain and even bleeding in severe cases when one passes stool. Anal fissures can be prevented by adopting a fiber rich diet and incorporating more water in your diet.&nbsp;</p>\r\n\r\n<p><strong>Q.4: What is anal fistula?</strong></p>\r\n\r\n<p>Anal fistula occurs when an infection tunnel forms between the skin and muscular opening at the opening of the anus. These are triggered by infections in the anal glands, earlier symptoms of anal fistula includes foul smell from the vagina, recurrent vaginal or urinary tract infection, irritation or pain in the vulva etcetera.</p>\r\n\r\n<p>Tests, CT scan and an MRI can also be done to detect an anal fistula; in most cases, surgery is performed to eliminate the issue.&nbsp;</p>\r\n\r\n<p><strong>Q.5: What is rectal prolapse?</strong></p>\r\n\r\n<p>&nbsp;Rectal prolapse is a relatively rare condition; it happens when the rectum protrudes from the anus, the rectum turns itself out. It can be characterized by pain during bowel movements, mucus or bloody discharge from the protruding tissue, inability to control bowel movements and a loss of an urge to defecate.</p>','2020-06-22 11:26:32','2020-06-22 11:26:32'),(37,'CATARACT AND ITS TREATMENT IN PAKISTAN','<p>Cataract is characterized by clouding of the natural lens of the eye; it is one of the most common causes of complete blindness in people of ages above 45. Different types of cataracts include; subcapsular, nuclear and cortical. All of these have different symptoms and require different treatments.&nbsp;</p>\r\n\r\n<p><a href=\"https://oladoc.com/pakistan/lahore/dr/eye-specialist/abdul-rafe/169801\">Brig. (R) Dr. Abdul Rafe</a>&nbsp;is one of the top eye surgeons in Lahore. In his interview with oladoc, he discusses an important medical condition i.e Cataract. Also, he discusses the best treatments for this disease and the consequences of this problem if left untreated. He also shared some insights about the causes of weak eyesight in the young population nowadays.&nbsp;</p>\r\n\r\n<p><strong>Q.1: What are cataracts?</strong></p>\r\n\r\n<p>Cataracts are very common in Pakistan and even all over the world, it causes foggy eyesight and the natural lens of the eye gets covered by a foggy layer. This affects a patient&rsquo;s ability to distinguish between colours, extra glare may appear around lights, driving becomes impossible especially during the night, reading and writing also cause strain on the eye.</p>\r\n\r\n<p>The patient usually feels that no glasses suit the eye; cataracts are more common in people of older ages and very rarely occur in young people.&nbsp;</p>\r\n\r\n<p><strong>Q.2: What happens if cataracts are left untreated?</strong></p>\r\n\r\n<p>Treatment for cataracts is very simple but if it is unnecessarily delayed, it can cause complications. It can lead to the cataract becoming black and eventually leading to complete blindness. In case the cataract becomes too heavy, it can even fall in the eye and cause complications during the operation.</p>\r\n\r\n<p>Delaying treatments also increase the chances of risk factors. Many patients are afraid of going through an operation and deal with it hesitantly, but it in their best interest to do so.&nbsp;</p>\r\n\r\n<p><strong>Q.3: Can cataract be cured without surgery?</strong></p>\r\n\r\n<p>Unfortunately not yet, the only treatment available is an operation which is very simple. The entire procedure takes up to 20-25 minutes, the patient is awake during this surgery and experiences no pain. Thankfully, due to recent developments in the medical field, the surgery results in 99.9% success rate.&nbsp;</p>\r\n\r\n<p><strong>Q.4: Do cataracts grow back?</strong></p>\r\n\r\n<p>Once it has been operated, cataracts do not grow back. Patients need not worry, very rarely patients eyesight might get weaker after the surgery. Laser treatment is recommended to counter this.&nbsp;</p>\r\n\r\n<p><strong>Q.5: What is the average age of patients suffering from cataracts?</strong></p>\r\n\r\n<p>Cataracts usually affect people above the age of 45, very rarely it can occur in youngsters and even children. It can be a birth defect as well, if the child is born with a cataract it must be immediately operated to restore the child&rsquo;s eyesight otherwise, matters get worse and sometimes child faces permanent weakness of eyesight.</p>\r\n\r\n<p>In youngsters, cataracts are usually a side effect that occurs due to the onset of other diseases for example eye diseases and diseases of the body such as diabetes may even cause cataracts.</p>\r\n\r\n<p>I recommend my patients to routinely get eye checkups done, and in case cataract has been diagnosed, early operation is effective and prevents further complications.&nbsp;</p>','2020-06-22 11:27:28','2020-06-22 11:27:28'),(38,'EPILEPSY, DEPRESSION, AND THEIR TREATMENT','<p>Being a third world country, Pakistan does not possess effective mechanisms to deal with patients suffering from mental disorders such as epilepsy, depression, etc. Mental disorders cannot be looked at in a vacuum; they are caused by a variety of factors ranging from to patient&rsquo;s immediate circumstances to genetics. A timely diagnosis is paramount to managing the condition.&nbsp;</p>\r\n\r\n<p><a href=\"https://oladoc.com/pakistan/lahore/dr/psychiatrist/nyla-shafiq-chaudhry/133290\">Dr. Nyla Shafiq</a>&nbsp;is a leading psychiatrist in Lahore. In this session with oladoc, she talks about a number of psychiatric issues, in particular, epilepsy, depression, and their treatment.</p>\r\n\r\n<p><strong>Q.1: What types of services do you offer?</strong></p>\r\n\r\n<p>We deal with different kinds of patients; we provide outdoor and indoor facilities as well. Some patients willfully come to us while others are forcefully admitted by their friends and family, this is referred to as crisis intervention. For example, patients suffering from addiction to drugs like cocaine and ganja are forced by their families to seek therapy to live a normal life. Patients are kept for different time periods depending on the severity of their condition, they can be kept anywhere from two to twelve weeks.&nbsp;</p>\r\n\r\n<p><strong>Q.2: Tell us a little about epilepsy?</strong></p>\r\n\r\n<p>Being a third world country and suffering from plagues such as poverty and overpopulation, there are a lot of misconceptions about epilepsy. The number of epilepsy patients is further increased by cousin marriages because this disease is carried in the genes.</p>\r\n\r\n<p>These patients suffer from physical and mental disabilities; we provide them with indoor and outdoor facilities depending on their condition. Our team of psychiatrists and psychologists work together for the recovery of these patients. About 90% of our patients successfully recover.&nbsp;</p>\r\n\r\n<p><strong>Q.3: What happens after Epilepsy?</strong></p>\r\n\r\n<p>The patient suffers from physical and mental disabilities which hampers their day to day activities. Side effects of epilepsy cannot be treated alone by hospitals, initially, the patient suffers turning of hands and feet and this gradually leads to mental retardation. 80% of epilepsy patients suffer from mental retardation, our team works to return these patients to a state of normalcy.&nbsp;</p>\r\n\r\n<p><strong>Q.4: What is the best way to treat depression?</strong></p>\r\n\r\n<p>Depression is caused by a chemical imbalance in the brain, it is, therefore, important to manage it with medication and other support mechanisms such as therapy and counselling. A combination of treatments is used to return the patient to a normal state. Therefore, a psychiatric intervention must be made timely.&nbsp;</p>\r\n\r\n<p><strong>Q.5: What is Alzheimer&rsquo;s and how does it develop?</strong></p>\r\n\r\n<p>Alzheimer&rsquo;s is also known as dementia; unfortunately in Pakistan, this condition is not properly addressed. Alzheimer is characterized by forgetting basic routine patient follows each day, for example, forgetting to brush teeth or wearing clothes when exiting washroom, it must be treated timely or it gets worse over time.</p>\r\n\r\n<p>If early symptoms are detected, an intervention can be done to effectively reverse it but if Alzheimer&rsquo;s is detected at an advanced stage, it can only be slowed down.&nbsp;</p>\r\n\r\n<p>If you want to learn more about epilepsy, depression and their treatment, watch the full interview. If you have any mental health concerns, contact a psychologist at your earliest.</p>','2020-06-22 11:28:45','2020-06-22 11:28:45'),(39,'CATARACT SURGERY, DIAGNOSIS, AND TREATMENT','<p>Cataract surgery is a procedure to remove the lens of the eye and replace it with an artificial lens. It is very common these days and is performed by an ophthalmologist; it is generally a safe procedure to treat cataracts. With this surgery, several patients are fully able to recover their eyesight.&nbsp;</p>\r\n\r\n<p><a href=\"https://oladoc.com/pakistan/lahore/dr/eye-specialist/khurram-nafees/2075\">Dr. Khurram Nafees</a>&nbsp;is an eye specialist in Lahore who practices at Fatima Memorial Hospital. In this session with oladoc, he talks about a number of eye-related problems, in particular, cataract and surgery to treat this condition.</p>\r\n\r\n<p><strong>Q.1: What is cataract surgery?</strong></p>\r\n\r\n<p>Basically, the lens of the eye is supposed to be transparent for optimum vision. A cataract causes the lens to get foggy, a white layer can be observed around the lens. This makes it difficult to see properly, it can increase the amount of glare around lights and this affects a patients day to day activities, for example driving becomes extremely difficult.&nbsp;</p>\r\n\r\n<p><strong>Q.2: How is cataract surgery performed?</strong></p>\r\n\r\n<p>Due to advancements in the medical field, the surgery is performed through laser. Early diagnosis is important because otherwise, the cataract can turn black and even cause permanent blindness. Therefore, we recommend the patients to consult an eye specialist at the earliest if they experience foggy eyesight or any of the other symptoms.</p>\r\n\r\n<p>Original lens of the eye is removed an artificial lens is implanted; sometimes the original lens is melted and then taken out to be replaced. There are different types of artificial lens but usually, a foldable lens is inserted because it is smaller and safer.&nbsp;</p>\r\n\r\n<p><strong>Q.3: What is the diagnosis for cataract surgery?</strong></p>\r\n\r\n<p>A proper examination of the patient is done and other factors are taken into account, for examples if the patient is diabetic then variations are made to the surgery procedure. The most important symptom is bad eyesight, not being able to drive at night due to enhanced glare of lights etcetera.&nbsp;</p>\r\n\r\n<p><strong>Q.4: What are the side effects of cataract surgery?</strong></p>\r\n\r\n<p>Like I said before, advancements in the medical field ensure minimal side effects compared to conventional surgeries which even included stitches in the eye. In the case of cataract surgery, not even general anaesthesia is administered, the eye is made numb with the help of tropical drops and the procedure is performed.</p>\r\n\r\n<p>In rare cases, this surgery can cause redness in the eyes, discharge, dry eyes and very rarely the lens does not stay in its place. Infection rate is also very less if proper precautions are taken these side effects can be managed.&nbsp;</p>\r\n\r\n<p><strong>Q.5: How long does it take to fully recover from cataract surgery?</strong></p>\r\n\r\n<p>A patient recovers from cataract surgery relatively quickly, we advise the patient to not let the water come in contact with their eyes the following 2-3 days after the surgery, and we also recommend the patient to not bend. After 2-3 days, the patient can resume their day to day activities.&nbsp;</p>','2020-06-22 11:29:36','2020-06-22 11:29:36'),(40,'FACIAL HAIR GROWTH TREATMENT','<p>Most women in Pakistan suffer from dense facial growth; It has become increasingly common in this day and age owing to our diets laden with chemicals and steroids. Facial hair growth treatment options are limited to threading, waxing and laser treatments.&nbsp;</p>\r\n\r\n<p><a href=\"https://oladoc.com/pakistan/lahore/dr/dermatologist/adnan-mehmood/15522\">Dr. Adnan Mehmood</a>&nbsp;is a dermatologist in Lahore who specializes in helping patients with cosmetic surgeries and hair transplants.&nbsp;In this session with oladoc, he talks about a number of skin-related problems, in particular, facial hair growth and advanced methods to treat it.</p>\r\n\r\n<p><strong>Q.1: What are the main causes of excessive facial hair?</strong></p>\r\n\r\n<p>There are two primary causes faced by a number of females: PCOS and osteopathic medicine. Then there are risk factors involved as well, this includes tumours, cushion syndrome and geographical distribution. People from Asia generally have dense facial hair due to their ethnicity and age. Genetics also play a key role here, and less commonly, problems like obesity are also known to cause thick facial hair.&nbsp;</p>\r\n\r\n<p><strong>Q.2: Is laser hair removal the best treatment for removing facial hair?</strong></p>\r\n\r\n<p>Some people usually have a normal fuzz of hair on their faces but if it grows thick and grows quick, a scientific approach should be adopted. First step when a patient comes for consultation is examination; underlying cause is identified through medical history and hormonal testing. Once the cause is detected, it becomes pertinent to eliminate the problem from its root. Then treatment is opted before laser treatment usually hormonal imbalance is eliminated through oral contraceptives, creams and medications. Then procedures are performed through different tools.&nbsp;</p>\r\n\r\n<p><strong>Q.3: Can laser remove facial hair permanently?</strong></p>\r\n\r\n<p>Well, permanent removal depends from patient to patient. The result of laser hair removal varies according to the type and growth of hair each patient has. It is a process aimed at long term reduction of hair, the maximum number of hair is eliminated, but naturally, sometimes a bit of fuzz remains.&nbsp;</p>\r\n\r\n<p><strong>Q.4: What are the side effects of laser hair removal on face, if any?</strong></p>\r\n\r\n<p>Naturally, side effects depend on the equipment used in the procedure. If the gadgets and tools are good quality and the operator undertakes the procedure with skill, then there are no problems. Since Asians have more pigment in their skin, it is important to use to the correct wavelength. If the operator uses correct wavelength and procedure depending on the skin of the patient, no side effects occur.&nbsp;</p>\r\n\r\n<p><strong>Q.5: How long does redness last from laser hair removal?</strong></p>\r\n\r\n<p>The redness is temporary and usually wears off quickly. If proper precautions are taken by the operator and tools are used with an experienced hand, redness does not last long. There might be slight tingling, some irritation or redness on the skin but effects wear off as soon as the patient steps out of the clinic. It is important to use products and tools of good quality brands with proper precautions and protocols.&nbsp;</p>','2020-06-22 11:30:10','2020-06-22 11:30:10'),(41,'HAIR FALL TREATMENT','<p>Hair fall is a common complaint of male and females in this day and age. Problems like weak brittle hair, dandruff and split ends are common. With the onset of puberty, most people also suffer from skin issues like acne, dryness, and allergies etcetera.&nbsp;</p>\r\n\r\n<p><a href=\"https://oladoc.com/pakistan/lahore/dr/dermatologist/asma-kanwal-jawad/63266\">Dr. Asma Kanwal</a>&nbsp;is a dermatologist in Lahore, who specializes in helping patients with hair and skin related issues.&nbsp;In this session with oladoc, she talks about a number of skin-related problems, in particular, hair fall and advanced methods to treat it.</p>\r\n\r\n<p><strong>Q.1: What is the difference between dermatology and aesthetics?</strong></p>\r\n\r\n<p>Dermatology is concerned with skin, hair and nails. They basically cover you from toe to scalp, it involves any kind of disease and infections affecting skin, hair or nails. Aesthetics are concerned with beautification of the body or face, for example, if you have fine lines on your face that you would like to be removed, you will consult an aesthetician.</p>\r\n\r\n<p>Procedures for younger-looking skin like botox, fillers, PRP and laser treatments are forte of aestheticians. Issues that cannot be covered with aesthetics are overcome with the help of dermatologists.&nbsp;</p>\r\n\r\n<p><strong>Q.2: What are the main causes of hair fall?</strong></p>\r\n\r\n<p>Hair fall is frequent all over the world; the question of importance is why? Hair enhances the beauty of the body. Hair fall has a number of causes, illnesses, any fever, for example, typhoid or malaria weakens the body&rsquo;s immunity. Weakened immunity results in hair loss, any fever that affects the body for more than a week causes hair loss and overall weakness.</p>\r\n\r\n<p>Diets deficient in protein and nutrients contribute significantly to hair loss. Moreover, hair treatments like dyes, keratin and straightening weaken the hair and eventually result in hair loss.&nbsp;</p>\r\n\r\n<p><strong>Q.3: What are some advanced treatments available in Pakistan to prevent hair fall?</strong></p>\r\n\r\n<p>Initially, medications are prescribed to the patient are they are asked to improve their diet. This is aimed at overcoming the deficiency of proteins and nutrients in the body. If a disease has been identified as the cause, it is eliminated. Immunity is strengthened, the patient stays on medication trial for the first 3-4 months and most recover, in case the patient experiences no change, treatments like PRP are performed.&nbsp;</p>\r\n\r\n<p><strong>Q.4: Are home remedies for hair fall effective?</strong></p>\r\n\r\n<p>Hair remedies are not detrimental to the health of the hair, for example applying egg provides hair with nourishment and protein. Onion water helps to stimulate hair follicles, which results in healthy hair. Home remedies are generally helpful, but unless the root cause is not identified, these remedies do not work. The root cause can only be detected by a dermatologist.&nbsp;</p>\r\n\r\n<p><strong>Q.5: What is hyperpigmentation?</strong></p>\r\n\r\n<p>This is common among males in females; it is characterized by a darkened patch on certain areas of skin or the nails. This occurs due to over deposition of melanin on a specific area but can be overcome with proper treatment.&nbsp;</p>\r\n\r\n<p>If you want to learn more about hairfall and skincare, then watch the full interview. Moreover, consult a dermatologist at your earliest for all your skin and hair concerns. Book an appointment with&nbsp;<a href=\"https://oladoc.com/pakistan/lahore/dermatologist\">a top dermatologist&nbsp;</a>through oladoc.com, or call our helpline at&nbsp;<a href=\"tel:042-3890-0939\">042-3890-0939</a>&nbsp;for assistance to find the RIGHT professional for your concerns.</p>','2020-06-22 11:30:40','2020-06-22 11:30:40'),(42,'RHEUMATIC DISEASES TREATMENT','<p>Rheumatic diseases are commonly diagnosed through symptoms such as inflammation which affects supporting structures of the body such as joints, tendons and ligaments etc. Most commonly diagnosed disease is arthritis, causing swollen joints and extreme pain. There are several different types of arthritis; which affect people of different age groups.</p>\r\n\r\n<p><a href=\"https://oladoc.com/pakistan/lahore/dr/rheumatologist/shakaib-sajid-qureshi/169196\">Dr. Shakaib Qureshi</a>&nbsp;is a rheumatologist in Lahore. He&rsquo;s fellow of American College Of Rheumatology and American Board Certification in Internal Medicine. In this session with oladoc, he talks about a number of rheumatic disorders and diseases.&nbsp;</p>\r\n\r\n<p><strong>Q.1: What is the difference between Rheumatologist and Orthopedic Surgeon?</strong></p>\r\n\r\n<p>In Pakistan, the lines of distinction between rheumatologist and orthopedic surgeons have been blurred for ages resulting in an incorrect diagnosis. The most basic difference is that orthopedics are surgeons, whereas rheumatologists are physicians Most have been differently trained to make diagnosis in each of their respective fields.</p>\r\n\r\n<p>Rheumatologists are skilled in diagnosing different types of arthritis, connective tissue diseases, and muscle diseases etcetera.</p>\r\n\r\n<p><strong>Q.2: What is Gout?</strong></p>\r\n\r\n<p>When the level of uric acid goes higher than the normal, it begins to show up from the swelling and pain in foot and ankle. When this happens, we send liquid from the joints to the lab for testing and further analysis. Some of these joints are septic and may lead to arthritis; the patient is likely to suffer pain and fever at this stage. Timely diagnosis is important.</p>\r\n\r\n<p><strong>Q.3: What is the importance of uric acid and how is it treated?</strong></p>\r\n\r\n<p>High levels of uric acid are unfortunately very common in Pakistan. The elements that are not required by the body are usually filtered out by kidneys in a healthy person, when kidneys fail to do so it forms uric acid. This can cause swelling of joints coupled with pain and discomfort. It is pertinent to first properly diagnose gout and then treat it for efficient results. Different treatments are prescribed depending on the levels of gout.&nbsp;</p>\r\n\r\n<p><strong>Q.4: What are auto-immune diseases?</strong></p>\r\n\r\n<p>Auto-immune diseases are caused when the natural system of the body is disturbed. The body begins to produce auto-antibodies that destroy different organs of the body. Commonly diagnosed auto-immune disease among young women is Lupus. The number of anti-bodies becomes extremely high in this case; the diagnosis is made on the premise of the number of anti-bodies. These diseases affect the muscles by rapidly destroying them; therefore, I strongly recommend a timely diagnosis.&nbsp;</p>\r\n\r\n<p><strong>Q.5: What are Fibromyalgia and Polymyalgia?</strong></p>\r\n\r\n<p>Fibromyalgia is exceptionally common among females; almost 99% of women suffer from it. It is characterized by generalized body aches, weakness, constant fatigue, depression and frequent pain in joints. Early examination of patient history is initially done to manage this condition.</p>\r\n\r\n<p>Polymyalgia usually only affects shoulders and hips, if proper treatment is not timely given the patient may lose their eyesight. Therefore, I strongly encourage women to get regular checkups done if the pain in joints or other parts of body persists.</p>\r\n\r\n<p>If you want to learn more about rheumatic diseases, then watch the full interview. You can book an appointment with a&nbsp;<a href=\"https://oladoc.com/pakistan/karachi/rheumatologist\">top rheumatologist</a>&nbsp;through oladoc.com, or call our helpline at&nbsp;<a href=\"tel:042-3890-0939\">042-3890-0939</a>&nbsp;for assistance to find the RIGHT professional for your concerns.</p>','2020-06-22 11:31:16','2020-06-22 11:31:16'),(43,'HERNIA TREATMENT','<p>Hernia is categorized by a bulging mass of tissue or an organ pushing through walls of the muscle(s) holding it in. There are several different types of hernia, most commonly known is that of the abdomen in the shape of an abnormal mass sticking out through groin, causing pain and discomfort.&nbsp;Hernia won&rsquo;t heal on its own, so hernia treatment is mandatory.</p>\r\n\r\n<p><a href=\"https://oladoc.com/pakistan/lahore/dr/general-surgeon/mnadeem-aslam/4960\">Prof. Dr. M. Nadeem Aslam</a>&nbsp;is a general surgeon in Lahore, who specializes in helping patients with general and Laparoscopic Surgeries. In this session with oladoc, he talks about the hernia problem, in particular &ndash; causes of hernia, risks associated, and hernia treatment.</p>\r\n\r\n<p><strong>Q.1: What is Hernia and what are its types?</strong></p>\r\n\r\n<p>Hernia is a defect; it&rsquo;s increasingly common among males and females in today&rsquo;s age. It occurs when abdominal fat gets stuck in the muscles, in extremely serious cases it can even cause intestines to rupture. There are several factors that can contribute to hernia.</p>\r\n\r\n<p>Strenuous physical activities from an early age, multiple pregnancies for women or short intervals between pregnancies, general weakness of muscles due to lack of exercise are common causes.&nbsp;</p>\r\n\r\n<p>Abdominal surgeries if not properly stitched.&nbsp;</p>\r\n\r\n<p><strong>Q.2: What are the risk factors of Hernia?</strong></p>\r\n\r\n<p>The most paramount factor with this regard is obesity; it weakens the muscles. In older ages, chronic respiratory diseases such as constipation or persistent bad cough can cause increased pressure in the groin. This pressure eventually weakens the abdominal wall, leading to Hernia. In children, Hernia is usually caused by defects at the time of birth which the body usually heals itself over time.&nbsp;</p>\r\n\r\n<p><strong>Q.3: What are common symptoms of Hernia?</strong></p>\r\n\r\n<p>Patients usually complain of a bulge because it is cosmetically new for them. If there is the fat content in the bulge, it can be extremely painful and in extreme cases, it can even cause intestinal obstruction leading to vomiting and pain. In such cases, immediate attention is necessary otherwise intestines can even be ruptured.</p>\r\n\r\n<p>Exercise routines are advised to help prevent Hernia; especially pregnant women are advised to tone muscles before and after delivery. I strongly encourage expectant mothers to adopt an exercise regime.&nbsp;</p>\r\n\r\n<p><strong>Q.4: What are the treatment options for Hernia?</strong></p>\r\n\r\n<p>Since Hernia is a defect, it cannot be eliminated by medicine; it has to be eliminated through surgical procedures. There are a lot of different surgeries depending on each case. However, recently a lot of doctors place mesh in the bulge which results in unsuccessful treatment and Hernia becomes recurrent.&nbsp;</p>\r\n\r\n<p><strong>Q.5: What are your suggestions for a Hernia patient?</strong></p>\r\n\r\n<p>I always encourage my patients to ask questions so they can make an informed decision about the treatment we opt for. Discussions with my patients ensure that we are both onboard, which is why I recommend my patients not to rush into surgery. I even sometimes recommend them to get a second opinion, so that they know the treatment performed will be the best in their interest. A healthy doctor-patient relationship is extremely important in such cases of Hernia.&nbsp;&nbsp;</p>\r\n\r\n<p>If you want to learn more about hernia, watch the full video below. Moreover, consult a general surgeon right away if you have any concerns.</p>','2020-06-22 11:32:10','2020-06-22 11:32:10'),(44,'HAIR PROBLEMS & THEIR TREATMENT','<p>Hair problems have become increasingly common in this day and age, people of all age group frequently complain of hair fall, weak and brittle hair, dandruff, white hair etc.. These issues are largely caused by diet deficiencies, lifestyle habits or a combination of both.&nbsp;</p>\r\n\r\n<p><a href=\"https://oladoc.com/pakistan/islamabad/dr/cosmetologist/nosheeba-salman/19509\">Dr. Nosheeba Salman</a>&nbsp;is one of the leading aestheticians in Islamabad and offers her services in Islamabad. She helps patients in protecting their bodies from various dermatological disorders and conditions. In this session with oladoc, she talks about common hair problems like hairfall, dandruff,&nbsp; hair diseases, and tinea capitis and the best ways to treat those.</p>\r\n\r\n<p><strong>Q.1: Why do 90% of people have dandruff these days?</strong></p>\r\n\r\n<p>Well, dandruff is especially common in winters; this is caused by a number of factors. Hygiene is crucial in this matter, not washing out shampoo properly or covering hair by dirty hats or shawls causes sebum to accumulate on the scalp. Hot showers also significantly contribute to patches of dandruff on the scalp.</p>\r\n\r\n<p><strong>Q.2: What causes diffused thinning of hair?</strong></p>\r\n\r\n<p>Well, it happens when the normal growth phase of the hair cycle gets disturbed, causing a large amount of hair to fall in a short period of time. Diffused thinning of hair is also common among women going through post-partum. Deficiency of nutrients is the common cause.&nbsp;</p>\r\n\r\n<p><strong>Q.3: What causes Alopecia Areata?</strong></p>\r\n\r\n<p>Alopecia Areata is an auto-immune disease, directly related to the body&rsquo;s immune system. This is caused by an increasing amount of stress, anxiety, disturbed sleeping pattern or consuming heavy medications. This disease affects people of all age group, causing hairless patches even on parts of the body such as eyebrows, moustache etcetera. Timely diagnosis of this condition can help manage this disease.</p>\r\n\r\n<p><strong>Q.4: What is dye allergy?</strong></p>\r\n\r\n<p>Greying of hair is caused by a number of factors such as genetics and delay on the chemical influx in the hair. Frequent use of dyes causes considerable damage to color making cells of the hair. In case of dyeing, doctors advise choosing the &ldquo;lesser evil&rdquo;; medicated dyes. These dyes contain much lesser chemicals and possess better qualities. It is especially important to ensure that the dye does not contain ammonia.</p>\r\n\r\n<p>Investing in better dyes is the only option if dyeing hair is an absolute necessity. Once the hair has been dyed, doctors suggest changing shampoo and using one which is particularly made for dyed hair to retain the hair color longer. This will result in decreased use of dyes.&nbsp;</p>\r\n\r\n<p><strong>Q.5: What kinds of therapies are used to restore the health of hair?</strong></p>\r\n\r\n<p>Initially, the medical history of the patient is closely examined; blood tests are done to find the root cause. If the issue is caused by hormones, internal imbalance or another disease, it is treated. Applications such as lotions, shampoos and oral medicines are prescribed.</p>\r\n\r\n<p>Other treatments involve clinical procedures such as hair light, mesotherapy, PRP. These treatments are aimed at stopping hair fall, restoring health in the scalp and regaining volume of the hair. If these fail, surgical methods like hair transplant are performed.&nbsp;</p>\r\n\r\n<p>If you want to learn more about hair problems and their treatment, watch the full video. Consult a dermatologist without delay if you have any alarming hair problems.</p>','2020-06-22 11:32:45','2020-06-22 11:32:45'),(45,'PCOS TREATMENT','<p>Polycystic ovary syndrome (PCOS) is a hormonal disorder common among women of reproductive age. Women with PCOS may have infrequent or prolonged menstrual periods or excess male hormone (androgen) levels. The ovaries may develop numerous small collections of fluid (follicles) and fail to regularly release eggs.</p>\r\n\r\n<p><a href=\"https://oladoc.com/pakistan/lahore/dr/gynecologist/rubina-zaib/19675\">Dr. Rubina Zaib</a>&nbsp;is a Gynecologist in Lahore. In her session with oladoc, she raises awareness about a condition called Polycystic Ovarian Syndrome. She discusses the early symptoms, causes and also treatment of the disease. However, with regard to the treatment, she discusses the important lifestyle modifications necessary for its treatment.</p>\r\n\r\n<p><strong>Q.1. What are the common gynaecological problems of women in Pakistan?</strong></p>\r\n\r\n<p>Women have a multitude of gyne problems, ranging from anaemia, nutritional deficiencies, menstrual irregularities and PCOS. PCOS refers to the polycystic ovarian syndrome. Its called a syndrome because it&rsquo;s a multitude of diseases. We call PCOS a metabolic disorder as it doesn&rsquo;t just affect the reproductive system but also disrupts your cholesterol levels, insulin levels and hormonal levels.</p>\r\n\r\n<p><strong>Q.2. What are the causes of irregular periods?</strong></p>\r\n\r\n<p>Well, the time of menstruation, whether late or early is inherited via the mother&rsquo;s own menstruation cycle. However, if the periods are unusually early (before 9 years of age) or late, then they should definitely consult a gynecologist.</p>\r\n\r\n<p>I would also like to reiterate the importance of a healthy diet and lifestyle in the balanced hormonal makeup of a woman. A sedentary lifestyle with unhealthy food habits can push you closer to PCOS or other hormonal or menstrual irregularities.</p>\r\n\r\n<p><strong>Q.3. What is antenatal care in Pregnancy?</strong></p>\r\n\r\n<p>According to the World Health Organisation, a woman who is pregnant must be taken to the hospital at least 5 times during her pregnancy. This is really important to ensure that the pregnancy is taking a normal route.</p>\r\n\r\n<p><strong>Q.4. What are the reasons behind high-risk pregnancy?</strong></p>\r\n\r\n<p>Women who don&rsquo;t make antenatal visits to the doctor are much more likely to have a high-risk pregnancy. I would like to tell about certain high-risk pregnancy conditions and these women must visit their gynaecologists routinely.</p>\r\n\r\n<p>Women who are having their first child or 5th child must see a gynecologist frequently. Women who have had a long history of infertility or have had a C-section before must have antenatal visits as well. In addition, if you have any pressing health concerns such as heart problems, high blood pressure, excessive nausea, visit your healthcare professional at your earliest.</p>\r\n\r\n<p><strong>Q.5. Would you like to give any suggestions to our viewers?</strong></p>\r\n\r\n<p>Yes, Ofocurse, my suggestion to everyone, especially women is to adopt a healthy and active lifestyle instead of a sedentary one. Make small steps and start walking or jogging, eat healthily and avoid junk food.</p>\r\n\r\n<p>If you want to learn more about PCOS and the importance of antenatal care, then watch the full video.</p>','2020-06-22 11:33:26','2020-06-22 11:33:26'),(46,'BURNS AND FACIAL SCARS TREATMENT','<p>Burns and facial scars vary from relatively minor scars to severe debilitating injuries. Over 50% of burn injuries involve the head and neck region and can be caused by flame, electrical current, steam, hot substances, and chemicals.&nbsp;</p>\r\n\r\n<p>On the other hand, facial scars come in numerous forms and may be caused by injuries, acne, burns, or surgery.</p>\r\n\r\n<p><a href=\"https://oladoc.com/pakistan/lahore/dr/plastic-surgeon/asif-zubair-bhatti/32936\">Dr. Asif Zubair Bhatti</a>&nbsp;is one of the top cosmetic surgeons in Lahore. He has 23 years of experience in his field and provides a broad range of rehabilitation services. He currently practices in Shalamar Hospital, Lahore.</p>\r\n\r\n<p>In his session with oladoc, he discusses the causes of facial scars. He emphasizes on the various procedures that need to be carried out to ensure that the scars are healed completely.</p>\r\n\r\n<p><strong>Q.1. Why do we get facial scars?</strong></p>\r\n\r\n<p>Well, facial scars can have many causes. Normally, the main reason for facial scarring is melasma and acne. Moreover, causes of facial scars can be accidental as well that includes injuries and burns.</p>\r\n\r\n<p><strong>Q.2. How can I prevent scarring on my face?</strong></p>\r\n\r\n<p>If you have God forbid burned yourself, then get rid as far as possible from that place. After that, you must pour hot water over that area. People wrongly believe that pouring water is a bad idea. However, it is medically proven that pouring cold or cooled water over burns is the most effective at-home and emergency measure to treat burns.</p>\r\n\r\n<p><strong>Q.3. How do you remove burn scars from the face?</strong></p>\r\n\r\n<p>Well, there are many treatments available to treat burn scars. Some victims are given medication, creams that treat both the bumpy texture of the burn and the colour of the scar.</p>\r\n\r\n<p>The second level of treatment is silicon sheets that treat the intensity and severity of the burn. The last level of the treatment is surgery that only a board-certified plastic surgeon can do.</p>\r\n\r\n<p><strong>Q.4. Are there any effective remedies for removing facial scars?</strong></p>\r\n\r\n<p>Well, for mild to normal scars, using olive or coconut oil to massage the areas can certainly lighten the scars. However, if the scars persist, consult a doctor for proper scar removal.</p>\r\n\r\n<p><strong>Q.5. Why do scars turn dark?</strong></p>\r\n\r\n<p>Whenever skin burns, it turns red or crimson. The deeper the burn is, the deeper the scar is. 3 weeks from the fresh accident, the scars will properly appear. The reasons why the scar seems dark is because of the healing mechanism of our body.</p>','2020-06-22 11:34:06','2020-06-22 11:34:06'),(47,'GLAUCOMA TREATMENT','<p>Glaucoma is a group of eye conditions that damage the optic nerve, the health of which is vital for good vision. This damage is often caused by abnormally high pressure in your eye. However, glaucoma treatment is available. Glaucoma is one of the leading causes of blindness for people over the age of 60.</p>\r\n\r\n<p><a href=\"https://oladoc.com/pakistan/islamabad/dr/eye-specialist/shahzad-saeed-eye-specialist/145522\">Dr. Shahzad Saeed</a>&nbsp;is an expert eye specialist in Islamabad. He is an MCPS qualified eye-specialist with over 26 years of experience.</p>\r\n\r\n<p>In this session with oladoc, he discusses a crucial eye disease called glaucoma. During the interview, he answered various questions related to the symptoms, causes, and treatments of the very condition.&nbsp;</p>\r\n\r\n<p><strong>Q.1. What is glaucoma?</strong></p>\r\n\r\n<p>Well, glaucoma is a neurological disease of the eye. In simple Urdu, it is referred to as &ldquo;kaala motia&rdquo;. The problem with glaucoma is that it damages the optic nerve and certain layers of the retina. And the issue that this damage caused to the retina is irreversible. And the second issue is that primary open-ended glaucoma which is the most common form of glaucoma that we see in our practice.</p>\r\n\r\n<p><strong>2. What are the early signs of glaucoma?</strong></p>\r\n\r\n<p>Primary, open-angle glaucoma doesn&rsquo;t have any open symptoms or signs. Advanced cases of primary glaucoma do give visual field defects and decreased vision. At that point, the patient usually comes to us with these symptoms.</p>\r\n\r\n<p><strong>3. What happens if you have undiagnosed glaucoma?</strong></p>\r\n\r\n<p>So, if a patient has glaucoma and it goes undiagnosed for a while, then slowly and steadily the optic nerve tend to gets damaged and cause permanent deterioration of the eye ranging from 6/60 to even perception of light negative. This vision cannot be recovered even if the pressure, later on, is controlled by medication or surgery. So, most patients usually don&rsquo;t come to us with any symptoms of glaucoma.</p>\r\n\r\n<p><strong>4. How long does it take to go blind from glaucoma?</strong></p>\r\n\r\n<p>Well, the damage from glaucoma is dependent on multiple factors but the main factor is the intraocular pressure. Normal intraocular pressure ranges from 10mm Hg to 21mm Hg. If the intraocular pressure is greater than 21 mm Hg, the damage to the optic nerve becomes certain in a matter of months.</p>\r\n\r\n<p><strong>5. What is the best treatment for glaucoma?</strong></p>\r\n\r\n<p>The number one treatment is the medical treatment in which we have a range of medication available. So, we start with one drug and for every patient, we start a target pressure. IF recovery seems probable with the medication, then we continue on that. Otherwise, we give them lasers and also have surgical options. Surgical options include trabeculectomy and glaucoma shunts on case to case basis.</p>','2020-06-22 11:34:36','2020-06-22 11:34:36');
/*!40000 ALTER TABLE `treatments` ENABLE KEYS */;
UNLOCK TABLES;

--
-- Table structure for table `urls`
--

DROP TABLE IF EXISTS `urls`;
/*!40101 SET @saved_cs_client     = @@character_set_client */;
/*!50503 SET character_set_client = utf8mb4 */;
CREATE TABLE `urls` (
  `id` bigint unsigned NOT NULL AUTO_INCREMENT,
  `page_name` varchar(191) COLLATE utf8mb4_unicode_ci NOT NULL,
  `url` text COLLATE utf8mb4_unicode_ci,
  `description` text COLLATE utf8mb4_unicode_ci,
  `created_at` timestamp NULL DEFAULT NULL,
  `updated_at` timestamp NULL DEFAULT NULL,
  `meta_title` varchar(191) COLLATE utf8mb4_unicode_ci DEFAULT NULL,
  `meta_description` text COLLATE utf8mb4_unicode_ci,
  PRIMARY KEY (`id`)
) ENGINE=InnoDB AUTO_INCREMENT=7 DEFAULT CHARSET=utf8mb4 COLLATE=utf8mb4_unicode_ci;
/*!40101 SET character_set_client = @saved_cs_client */;

--
-- Dumping data for table `urls`
--

LOCK TABLES `urls` WRITE;
/*!40000 ALTER TABLE `urls` DISABLE KEYS */;
INSERT INTO `urls` VALUES (1,'about us','about us url','<h2>What is Lorem Ipsum?</h2>\r\n\r\n<p><strong>Lorem Ipsum</strong>&nbsp;is simply dummy text of the printing and typesetting industry. Lorem Ipsum has been the industry&#39;s standard dummy text ever since the 1500s, when an unknown printer took a galley of type and scrambled it to make a type specimen book. It has survived not only five centuries, but also the leap into electronic typesetting, remaining essentially unchanged. It was popularised in the 1960s with the release of Letraset sheets containing Lorem Ipsum passages, and more recently with desktop publishing software like Aldus PageMaker including versions of Lorem Ipsum.</p>\r\n\r\n<h2>Why do we use it?</h2>\r\n\r\n<p>It is a long established fact that a reader will be distracted by the readable content of a page when looking at its layout. The point of using Lorem Ipsum is that it has a more-or-less normal distribution of letters, as opposed to using &#39;Content here, content here&#39;, making it look like readable English. Many desktop publishing packages and web page editors now use Lorem Ipsum as their default model text, and a search for &#39;lorem ipsum&#39; will uncover many web sites still in their infancy. Various versions have evolved over the years, sometimes by accident, sometimes on purpose (injected humour and the like).</p>\r\n\r\n<p>&nbsp;</p>\r\n\r\n<h2>Where does it come from?</h2>\r\n\r\n<p>Contrary to popular belief, Lorem Ipsum is not simply random text. It has roots in a piece of classical Latin literature from 45 BC, making it over 2000 years old. Richard McClintock, a Latin professor at Hampden-Sydney College in Virginia, looked up one of the more obscure Latin words, consectetur, from a Lorem Ipsum passage, and going through the cites of the word in classical literature, discovered the undoubtable source. Lorem Ipsum comes from sections 1.10.32 and 1.10.33 of &quot;de Finibus Bonorum et Malorum&quot; (The Extremes of Good and Evil) by Cicero, written in 45 BC. This book is a treatise on the theory of ethics, very popular during the Renaissance. The first line of Lorem Ipsum, &quot;Lorem ipsum dolor sit amet..&quot;, comes from a line in section 1.10.32.</p>','2020-04-29 10:17:03','2020-07-28 10:56:24','about us','about us'),(5,'Add New Page','https://dev.msnsoft.org/create-article','<p>Lorem ipsum dolor sit amet, consectetuer adipiscing elit. Maecenas feugiat consequat diam. Maecenas metus. Vivamus diam purus, cursus a, commodo non, facilisis vitae, nulla. Aenean dictum lacinia tortor. Nunc iaculis, nibh non iaculis aliquam, orci felis euismod neque, sed ornare massa mauris sed velit. Nulla pretium mi et risus. Fusce mi pede, tempor id, cursus ac, ullamcorper nec, enim. Sed tortor. Curabitur molestie. Duis velit augue, condimentum at, ultrices a, luctus ut, orci. Donec pellentesque egestas eros. Integer cursus, augue in cursus faucibus, eros pede bibendum sem, in tempus tellus justo quis ligula. Etiam eget tortor. Vestibulum rutrum, est ut placerat elementum, lectus nisl aliquam velit, tempor aliquam eros nunc nonummy metus. In eros metus, gravida a, gravida sed, lobortis id, turpis. Ut ultrices, ipsum at venenatis fringilla, sem nulla lacinia tellus, eget aliquet turpis mauris non enim. Nam turpis. Suspendisse lacinia. Curabitur ac tortor ut ipsum egestas elementum. Nunc imperdiet gravida mauris.</p>\r\n\r\n<p>&lt;br /&gt;</p>\r\n\r\n<p>Lorem ipsum dolor sit amet, consectetuer adipiscing elit. Maecenas feugiat consequat diam. Maecenas metus. Vivamus diam purus, cursus a, commodo non, facilisis vitae, nulla. Aenean dictum lacinia tortor. Nunc iaculis, nibh non iaculis aliquam, orci felis euismod neque, sed ornare massa mauris sed velit. Nulla pretium mi et risus. Fusce mi pede, tempor id, cursus ac, ullamcorper nec, enim. Sed tortor. Curabitur molestie. Duis velit augue, condimentum at, ultrices a, luctus ut, orci. Donec pellentesque egestas eros. Integer cursus, augue in cursus faucibus, eros pede bibendum sem, in tempus tellus justo quis ligula. Etiam eget tortor. Vestibulum rutrum, est ut placerat elementum, lectus nisl aliquam velit, tempor aliquam eros nunc nonummy metus. In eros metus, gravida a, gravida sed, lobortis id, turpis. Ut ultrices, ipsum at venenatis fringilla, sem nulla lacinia tellus, eget aliquet turpis mauris non enim. Nam turpis. Suspendisse lacinia. Curabitur ac tortor ut ipsum egestas elementum. Nunc imperdiet gravida mauris.</p>','2020-06-19 04:47:22','2020-07-28 10:56:06','new about','new about');
/*!40000 ALTER TABLE `urls` ENABLE KEYS */;
UNLOCK TABLES;

--
-- Table structure for table `user_disease`
--

DROP TABLE IF EXISTS `user_disease`;
/*!40101 SET @saved_cs_client     = @@character_set_client */;
/*!50503 SET character_set_client = utf8mb4 */;
CREATE TABLE `user_disease` (
  `id` bigint unsigned NOT NULL AUTO_INCREMENT,
  `user_id` int NOT NULL,
  `disease_id` int NOT NULL,
  `created_at` timestamp NULL DEFAULT NULL,
  `updated_at` timestamp NULL DEFAULT NULL,
  PRIMARY KEY (`id`)
) ENGINE=InnoDB AUTO_INCREMENT=1773 DEFAULT CHARSET=utf8mb4 COLLATE=utf8mb4_unicode_ci;
/*!40101 SET character_set_client = @saved_cs_client */;

--
-- Dumping data for table `user_disease`
--

LOCK TABLES `user_disease` WRITE;
/*!40000 ALTER TABLE `user_disease` DISABLE KEYS */;
INSERT INTO `user_disease` VALUES (1,9,4,NULL,NULL),(2,9,5,NULL,NULL),(3,9,19,NULL,NULL),(4,56,7,NULL,NULL),(5,8,4,NULL,NULL),(6,8,21,NULL,NULL),(7,8,19,NULL,NULL),(8,8,22,NULL,NULL),(9,5,19,NULL,NULL),(10,5,21,NULL,NULL),(11,5,4,NULL,NULL),(12,45,23,NULL,NULL),(13,45,26,NULL,NULL),(16,7,22,NULL,NULL),(17,7,21,NULL,NULL),(18,7,26,NULL,NULL),(19,51,26,NULL,NULL),(20,6,22,NULL,NULL),(21,6,19,NULL,NULL),(22,6,4,NULL,NULL),(23,16,21,NULL,NULL),(24,16,4,NULL,NULL),(29,103,1,NULL,NULL),(30,103,7,NULL,NULL),(31,103,38,NULL,NULL),(32,103,29,NULL,NULL),(33,103,39,NULL,NULL),(34,101,39,NULL,NULL),(35,101,1,NULL,NULL),(36,101,7,NULL,NULL),(37,101,29,NULL,NULL),(38,100,39,NULL,NULL),(39,100,7,NULL,NULL),(40,100,36,NULL,NULL),(41,100,28,NULL,NULL),(42,97,7,NULL,NULL),(43,97,36,NULL,NULL),(44,97,1,NULL,NULL),(45,97,38,NULL,NULL),(46,98,7,NULL,NULL),(47,98,36,NULL,NULL),(48,98,29,NULL,NULL),(49,98,38,NULL,NULL),(50,99,1,NULL,NULL),(51,99,7,NULL,NULL),(52,99,38,NULL,NULL),(53,99,29,NULL,NULL),(54,102,1,NULL,NULL),(55,102,29,NULL,NULL),(56,102,38,NULL,NULL),(223,114,1,NULL,NULL),(224,114,29,NULL,NULL),(225,114,38,NULL,NULL),(226,115,1,NULL,NULL),(227,115,29,NULL,NULL),(228,115,38,NULL,NULL),(229,116,1,NULL,NULL),(230,116,29,NULL,NULL),(231,116,38,NULL,NULL),(232,116,36,NULL,NULL),(233,117,1,NULL,NULL),(234,117,29,NULL,NULL),(235,117,38,NULL,NULL),(236,117,36,NULL,NULL),(237,118,36,NULL,NULL),(238,118,1,NULL,NULL),(239,118,29,NULL,NULL),(240,118,38,NULL,NULL),(241,119,1,NULL,NULL),(242,119,29,NULL,NULL),(243,119,38,NULL,NULL),(244,120,1,NULL,NULL),(245,120,29,NULL,NULL),(246,120,38,NULL,NULL),(247,121,1,NULL,NULL),(248,121,29,NULL,NULL),(249,121,38,NULL,NULL),(250,122,1,NULL,NULL),(251,122,29,NULL,NULL),(252,122,38,NULL,NULL),(253,123,1,NULL,NULL),(254,123,29,NULL,NULL),(255,123,38,NULL,NULL),(256,123,36,NULL,NULL),(257,124,1,NULL,NULL),(258,124,29,NULL,NULL),(259,124,38,NULL,NULL),(260,125,36,NULL,NULL),(261,125,1,NULL,NULL),(262,125,29,NULL,NULL),(263,125,38,NULL,NULL),(264,126,36,NULL,NULL),(265,126,1,NULL,NULL),(266,126,29,NULL,NULL),(267,126,38,NULL,NULL),(268,127,36,NULL,NULL),(269,127,1,NULL,NULL),(270,127,29,NULL,NULL),(271,127,38,NULL,NULL),(272,128,36,NULL,NULL),(273,128,1,NULL,NULL),(274,128,29,NULL,NULL),(275,128,38,NULL,NULL),(276,129,1,NULL,NULL),(277,129,29,NULL,NULL),(278,129,38,NULL,NULL),(279,130,36,NULL,NULL),(280,130,39,NULL,NULL),(281,130,29,NULL,NULL),(282,130,38,NULL,NULL),(283,131,36,NULL,NULL),(284,131,1,NULL,NULL),(285,131,29,NULL,NULL),(286,131,38,NULL,NULL),(287,132,36,NULL,NULL),(288,132,1,NULL,NULL),(289,132,29,NULL,NULL),(302,133,36,NULL,NULL),(303,133,1,NULL,NULL),(304,133,29,NULL,NULL),(305,133,38,NULL,NULL),(309,96,1,NULL,NULL),(310,96,29,NULL,NULL),(311,96,38,NULL,NULL),(934,219,1,NULL,NULL),(935,219,29,NULL,NULL),(936,219,38,NULL,NULL),(937,219,37,NULL,NULL),(938,219,36,NULL,NULL),(939,219,41,NULL,NULL),(968,247,29,NULL,NULL),(969,247,1,NULL,NULL),(970,247,38,NULL,NULL),(971,247,37,NULL,NULL),(972,247,2,NULL,NULL),(973,247,41,NULL,NULL),(1104,217,1,NULL,NULL),(1105,217,29,NULL,NULL),(1106,217,38,NULL,NULL),(1107,217,39,NULL,NULL),(1108,217,33,NULL,NULL),(1109,217,36,NULL,NULL),(1110,217,37,NULL,NULL),(1220,218,1,NULL,NULL),(1221,218,29,NULL,NULL),(1222,218,38,NULL,NULL),(1223,218,37,NULL,NULL),(1224,218,39,NULL,NULL),(1225,218,36,NULL,NULL),(1236,250,1,NULL,NULL),(1237,250,29,NULL,NULL),(1238,250,38,NULL,NULL),(1239,250,37,NULL,NULL),(1240,250,36,NULL,NULL),(1241,250,2,NULL,NULL),(1242,250,41,NULL,NULL),(1319,249,28,NULL,NULL),(1320,249,1,NULL,NULL),(1321,249,29,NULL,NULL),(1322,249,38,NULL,NULL),(1323,249,37,NULL,NULL),(1324,256,1,NULL,NULL),(1325,256,29,NULL,NULL),(1326,256,38,NULL,NULL),(1327,256,37,NULL,NULL),(1328,256,2,NULL,NULL),(1334,220,1,NULL,NULL),(1335,220,29,NULL,NULL),(1336,220,38,NULL,NULL),(1337,220,37,NULL,NULL),(1338,220,2,NULL,NULL),(1344,223,1,NULL,NULL),(1345,223,29,NULL,NULL),(1346,223,38,NULL,NULL),(1347,223,36,NULL,NULL),(1348,223,37,NULL,NULL),(1357,245,2,NULL,NULL),(1358,245,36,NULL,NULL),(1359,245,39,NULL,NULL),(1360,246,1,NULL,NULL),(1361,246,29,NULL,NULL),(1362,246,38,NULL,NULL),(1363,246,37,NULL,NULL),(1364,246,2,NULL,NULL),(1365,252,1,NULL,NULL),(1366,252,29,NULL,NULL),(1367,252,38,NULL,NULL),(1368,252,36,NULL,NULL),(1369,252,2,NULL,NULL),(1370,254,1,NULL,NULL),(1371,254,29,NULL,NULL),(1372,254,38,NULL,NULL),(1373,254,36,NULL,NULL),(1374,254,28,NULL,NULL),(1375,255,1,NULL,NULL),(1376,255,29,NULL,NULL),(1377,255,38,NULL,NULL),(1378,255,37,NULL,NULL),(1379,255,36,NULL,NULL),(1420,239,1,NULL,NULL),(1421,239,29,NULL,NULL),(1422,239,38,NULL,NULL),(1423,239,37,NULL,NULL),(1424,239,2,NULL,NULL),(1425,221,2,NULL,NULL),(1426,221,1,NULL,NULL),(1427,221,29,NULL,NULL),(1428,221,38,NULL,NULL),(1429,221,37,NULL,NULL),(1430,242,37,NULL,NULL),(1431,242,1,NULL,NULL),(1432,242,29,NULL,NULL),(1433,242,38,NULL,NULL),(1434,242,36,NULL,NULL),(1435,238,29,NULL,NULL),(1436,238,1,NULL,NULL),(1437,238,38,NULL,NULL),(1438,236,2,NULL,NULL),(1439,236,36,NULL,NULL),(1440,236,1,NULL,NULL),(1441,236,29,NULL,NULL),(1442,236,38,NULL,NULL),(1443,243,37,NULL,NULL),(1444,243,36,NULL,NULL),(1445,243,2,NULL,NULL),(1671,284,2,NULL,NULL),(1672,284,31,NULL,NULL),(1673,134,39,NULL,NULL),(1674,134,1,NULL,NULL),(1675,134,29,NULL,NULL),(1676,134,38,NULL,NULL),(1677,135,36,NULL,NULL),(1678,135,39,NULL,NULL),(1679,135,1,NULL,NULL),(1680,135,29,NULL,NULL),(1681,135,38,NULL,NULL),(1719,248,1,NULL,NULL),(1720,248,29,NULL,NULL),(1721,248,38,NULL,NULL),(1722,248,37,NULL,NULL),(1723,248,36,NULL,NULL),(1724,253,1,NULL,NULL),(1725,253,29,NULL,NULL),(1726,253,38,NULL,NULL),(1727,253,37,NULL,NULL),(1728,253,2,NULL,NULL),(1729,237,2,NULL,NULL),(1730,237,1,NULL,NULL),(1731,237,29,NULL,NULL),(1732,237,38,NULL,NULL),(1733,224,1,NULL,NULL),(1734,224,29,NULL,NULL),(1735,224,38,NULL,NULL),(1736,224,2,NULL,NULL),(1737,244,2,NULL,NULL),(1738,244,1,NULL,NULL),(1739,244,29,NULL,NULL),(1740,244,38,NULL,NULL),(1741,241,1,NULL,NULL),(1742,241,29,NULL,NULL),(1743,241,38,NULL,NULL),(1744,241,37,NULL,NULL),(1745,241,2,NULL,NULL),(1746,251,2,NULL,NULL),(1747,251,1,NULL,NULL),(1748,251,29,NULL,NULL),(1749,251,38,NULL,NULL),(1750,222,1,NULL,NULL),(1751,222,29,NULL,NULL),(1752,222,38,NULL,NULL),(1753,222,37,NULL,NULL),(1754,222,2,NULL,NULL),(1760,235,29,NULL,NULL),(1761,235,38,NULL,NULL),(1762,235,1,NULL,NULL),(1763,235,2,NULL,NULL),(1764,235,37,NULL,NULL),(1765,240,1,NULL,NULL),(1766,240,29,NULL,NULL),(1767,240,38,NULL,NULL),(1768,240,2,NULL,NULL),(1769,240,37,NULL,NULL),(1770,240,28,NULL,NULL),(1771,240,36,NULL,NULL),(1772,240,39,NULL,NULL);
/*!40000 ALTER TABLE `user_disease` ENABLE KEYS */;
UNLOCK TABLES;

--
-- Table structure for table `user_forum`
--

DROP TABLE IF EXISTS `user_forum`;
/*!40101 SET @saved_cs_client     = @@character_set_client */;
/*!50503 SET character_set_client = utf8mb4 */;
CREATE TABLE `user_forum` (
  `id` bigint unsigned NOT NULL AUTO_INCREMENT,
  `user_id` int NOT NULL,
  `forum_id` int NOT NULL,
  `type` enum('question','answer') CHARACTER SET utf8mb4 COLLATE utf8mb4_unicode_ci NOT NULL,
  `answer` text CHARACTER SET utf8mb4 COLLATE utf8mb4_unicode_ci,
  `liked` bigint DEFAULT NULL,
  `created_at` timestamp NULL DEFAULT NULL,
  `updated_at` timestamp NULL DEFAULT NULL,
  PRIMARY KEY (`id`)
) ENGINE=InnoDB AUTO_INCREMENT=42 DEFAULT CHARSET=utf8mb4 COLLATE=utf8mb4_unicode_ci;
/*!40101 SET character_set_client = @saved_cs_client */;

--
-- Dumping data for table `user_forum`
--

LOCK TABLES `user_forum` WRITE;
/*!40000 ALTER TABLE `user_forum` DISABLE KEYS */;
INSERT INTO `user_forum` VALUES (1,21,1,'question',NULL,NULL,'2020-01-15 13:15:55','2020-01-15 13:15:55'),(10,21,2,'question',NULL,NULL,'2020-01-15 13:15:55','2020-01-15 13:15:55'),(26,23,4,'question',NULL,NULL,'2020-01-15 13:15:55','2020-01-15 13:15:55'),(36,21,12,'question',NULL,NULL,NULL,NULL),(39,4,1,'answer','sd',NULL,NULL,NULL),(41,1,15,'question',NULL,NULL,NULL,NULL);
/*!40000 ALTER TABLE `user_forum` ENABLE KEYS */;
UNLOCK TABLES;

--
-- Table structure for table `user_metas`
--

DROP TABLE IF EXISTS `user_metas`;
/*!40101 SET @saved_cs_client     = @@character_set_client */;
/*!50503 SET character_set_client = utf8mb4 */;
CREATE TABLE `user_metas` (
  `id` bigint unsigned NOT NULL AUTO_INCREMENT,
  `user_id` int DEFAULT NULL,
  `experiences` text CHARACTER SET utf8mb4 COLLATE utf8mb4_unicode_ci,
  `specializations` text CHARACTER SET utf8mb4 COLLATE utf8mb4_unicode_ci,
  `memberships` text CHARACTER SET utf8mb4 COLLATE utf8mb4_unicode_ci,
  `educations` text CHARACTER SET utf8mb4 COLLATE utf8mb4_unicode_ci,
  `awards` text CHARACTER SET utf8mb4 COLLATE utf8mb4_unicode_ci,
  `services` text CHARACTER SET utf8mb4 COLLATE utf8mb4_unicode_ci,
  `avatar` varchar(191) CHARACTER SET utf8mb4 COLLATE utf8mb4_unicode_ci DEFAULT NULL,
  `banner` varchar(191) CHARACTER SET utf8mb4 COLLATE utf8mb4_unicode_ci DEFAULT NULL,
  `gender` varchar(191) CHARACTER SET utf8mb4 COLLATE utf8mb4_unicode_ci DEFAULT NULL,
  `gender_title` varchar(191) CHARACTER SET utf8mb4 COLLATE utf8mb4_unicode_ci DEFAULT NULL,
  `sub_heading` varchar(191) CHARACTER SET utf8mb4 COLLATE utf8mb4_unicode_ci DEFAULT NULL,
  `tagline` varchar(191) CHARACTER SET utf8mb4 COLLATE utf8mb4_unicode_ci DEFAULT NULL,
  `short_desc` varchar(191) CHARACTER SET utf8mb4 COLLATE utf8mb4_unicode_ci DEFAULT NULL,
  `description` text CHARACTER SET utf8mb4 COLLATE utf8mb4_unicode_ci,
  `delete_reason` varchar(191) CHARACTER SET utf8mb4 COLLATE utf8mb4_unicode_ci DEFAULT NULL,
  `delete_description` varchar(191) CHARACTER SET utf8mb4 COLLATE utf8mb4_unicode_ci DEFAULT NULL,
  `payout_id` varchar(191) CHARACTER SET utf8mb4 COLLATE utf8mb4_unicode_ci DEFAULT NULL,
  `profile_searchable` text CHARACTER SET utf8mb4 COLLATE utf8mb4_unicode_ci,
  `weekly_alerts` text CHARACTER SET utf8mb4 COLLATE utf8mb4_unicode_ci,
  `disable_account` text CHARACTER SET utf8mb4 COLLATE utf8mb4_unicode_ci,
  `message_alerts` text CHARACTER SET utf8mb4 COLLATE utf8mb4_unicode_ci,
  `verify_medical` text CHARACTER SET utf8mb4 COLLATE utf8mb4_unicode_ci,
  `consultation_fee` int DEFAULT NULL,
  `saved_hospitals` text CHARACTER SET utf8mb4 COLLATE utf8mb4_unicode_ci,
  `saved_doctors` text CHARACTER SET utf8mb4 COLLATE utf8mb4_unicode_ci,
  `saved_articles` text CHARACTER SET utf8mb4 COLLATE utf8mb4_unicode_ci,
  `downloads` text CHARACTER SET utf8mb4 COLLATE utf8mb4_unicode_ci,
  `address` varchar(191) CHARACTER SET utf8mb4 COLLATE utf8mb4_unicode_ci DEFAULT NULL,
  `longitude` varchar(191) CHARACTER SET utf8mb4 COLLATE utf8mb4_unicode_ci DEFAULT NULL,
  `latitude` varchar(191) CHARACTER SET utf8mb4 COLLATE utf8mb4_unicode_ci DEFAULT NULL,
  `verify_registration` tinyint(1) NOT NULL DEFAULT '0',
  `recommendation` int DEFAULT NULL,
  `votes` int DEFAULT NULL,
  `available_days` text CHARACTER SET utf8mb4 COLLATE utf8mb4_unicode_ci,
  `working_time` text CHARACTER SET utf8mb4 COLLATE utf8mb4_unicode_ci,
  `liked_answers` text CHARACTER SET utf8mb4 COLLATE utf8mb4_unicode_ci,
  `starting_price` int DEFAULT NULL,
  `payout_settings` text CHARACTER SET utf8mb4 COLLATE utf8mb4_unicode_ci,
  `created_at` timestamp NULL DEFAULT NULL,
  `updated_at` timestamp NULL DEFAULT NULL,
  `gallery` text CHARACTER SET utf8mb4 COLLATE utf8mb4_unicode_ci,
  `gallery_videos` text CHARACTER SET utf8mb4 COLLATE utf8mb4_unicode_ci,
  `willing_video` varchar(191) CHARACTER SET utf8mb4 COLLATE utf8mb4_unicode_ci DEFAULT NULL,
  `willing_home_visit` varchar(191) CHARACTER SET utf8mb4 COLLATE utf8mb4_unicode_ci DEFAULT NULL,
  `extend` varchar(191) CHARACTER SET utf8mb4 COLLATE utf8mb4_unicode_ci DEFAULT NULL,
  `mark_red` varchar(191) CHARACTER SET utf8mb4 COLLATE utf8mb4_unicode_ci DEFAULT NULL,
  `mark_incomplete` varchar(191) CHARACTER SET utf8mb4 COLLATE utf8mb4_unicode_ci DEFAULT NULL,
  `leave` varchar(191) CHARACTER SET utf8mb4 COLLATE utf8mb4_unicode_ci DEFAULT NULL,
  `created_extend` varchar(191) CHARACTER SET utf8mb4 COLLATE utf8mb4_unicode_ci DEFAULT NULL,
  `fees_range` text CHARACTER SET utf8mb4 COLLATE utf8mb4_unicode_ci,
  `commission` double(8,2) DEFAULT NULL,
  `faqs` text CHARACTER SET utf8mb4 COLLATE utf8mb4_unicode_ci,
  `hospital_services` text COLLATE utf8mb4_unicode_ci,
  `total_experience` varchar(45) COLLATE utf8mb4_unicode_ci DEFAULT NULL,
  `bank_data` text COLLATE utf8mb4_unicode_ci,
  `add_longitude` varchar(45) COLLATE utf8mb4_unicode_ci DEFAULT NULL,
  `add_latitude` varchar(45) COLLATE utf8mb4_unicode_ci DEFAULT NULL,
  `language` varchar(45) COLLATE utf8mb4_unicode_ci DEFAULT NULL,
  `user_metascol` varchar(45) COLLATE utf8mb4_unicode_ci DEFAULT NULL,
  PRIMARY KEY (`id`)
) ENGINE=InnoDB AUTO_INCREMENT=213 DEFAULT CHARSET=utf8mb4 COLLATE=utf8mb4_unicode_ci;
/*!40101 SET character_set_client = @saved_cs_client */;

--
-- Dumping data for table `user_metas`
--

LOCK TABLES `user_metas` WRITE;
/*!40000 ALTER TABLE `user_metas` DISABLE KEYS */;
INSERT INTO `user_metas` VALUES (1,1,NULL,NULL,NULL,'',NULL,NULL,'1593418124-1584517097-1.jpg','1593708863-Knockdock.jpg',NULL,NULL,NULL,NULL,NULL,'Consectetur adipisicing eliteiuim sete eiu tempor incidit utoreas etnalom dolore maena aliquae udiminimate veniam quis norud exercita ullamco laboris nisi aliquip commodo consequat Duis aute irure dolor inem reprederit inoluptate velit esse cillum dolore eu fugiat nulla pariatur eexcepteur occaecat cupidatat non proident sunt in culpa qui officia deserunt mollit anim id est laborum sed ut perspiciatis unde omnis.\r\n                    Este natus error sit voluptatem accusantium doloremque laudantium, totam rem aperiam, eaque ipsa quae ab illo inventore veritatis et quasi architecto beatae vitae dicta sunt explicabo. Nemo enim ipsam voluptatem quia voluptas sit aspernatur aut odit aut fugit sed quia consequuntur.',NULL,NULL,NULL,NULL,NULL,NULL,NULL,NULL,NULL,'[\"18\",\"268\"]','[\"8\",12,5,\"247\",\"253\",\"220\",\"240\",222,235,237]','[\"18\"]',NULL,NULL,NULL,NULL,0,NULL,NULL,'[]','24_hours',NULL,NULL,NULL,'2020-01-15 13:15:49','2020-09-18 07:51:19',NULL,'a:1:{i:0;a:1:{s:3:\"url\";N;}}','off','off',NULL,'off','off',NULL,NULL,'{\"from_fees\":null,\"to_fees\":null}',NULL,'[{\"question\":\"hello world\",\"answer\":\"here is my faq\'s\"}]',NULL,NULL,NULL,NULL,NULL,NULL,NULL),(4,4,'a:3:{i:0;a:5:{s:13:\"company_title\";s:10:\"Amentotech\";s:10:\"start_date\";s:10:\"2019-09-18\";s:8:\"end_date\";s:10:\"2019-09-19\";s:9:\"job_title\";s:13:\"Web Developer\";s:8:\"job_desc\";s:795:\"Lorem ipsum dolor sit amet, consectetur adipiscing elit, sed do eiusmod tempor incididunt ut labore et dolore magna aliqua. Vitae tempus quam pellentesque nec nam aliquam. Viverra nam libero justo laoreet sit amet cursus. Adipiscing at in tellus integer feugiat scelerisque varius morbi. Eget gravida cum sociis natoque penatibus. Lacinia at quis risus sed vulputate odio ut enim blandit. Neque viverra justo nec ultrices dui sapien. Vitae congue mauris rhoncus aenean vel elit scelerisque mauris. Commodo elit at imperdiet dui accumsan. Dui id ornare arcu odio ut sem. Lectus arcu bibendum at varius vel. Eget velit aliquet sagittis id consectetur purus ut. Viverra ipsum nunc aliquet bibendum. Lectus quam id leo in vitae. Turpis tincidunt id aliquet risus feugiat. Lorem ipsum dolor sit amet.\";}i:1;a:5:{s:13:\"company_title\";s:7:\"IT-Jobs\";s:10:\"start_date\";s:10:\"2019-09-12\";s:8:\"end_date\";s:10:\"2019-09-22\";s:9:\"job_title\";s:13:\"PHP Developer\";s:8:\"job_desc\";s:795:\"Lorem ipsum dolor sit amet, consectetur adipiscing elit, sed do eiusmod tempor incididunt ut labore et dolore magna aliqua. Vitae tempus quam pellentesque nec nam aliquam. Viverra nam libero justo laoreet sit amet cursus. Adipiscing at in tellus integer feugiat scelerisque varius morbi. Eget gravida cum sociis natoque penatibus. Lacinia at quis risus sed vulputate odio ut enim blandit. Neque viverra justo nec ultrices dui sapien. Vitae congue mauris rhoncus aenean vel elit scelerisque mauris. Commodo elit at imperdiet dui accumsan. Dui id ornare arcu odio ut sem. Lectus arcu bibendum at varius vel. Eget velit aliquet sagittis id consectetur purus ut. Viverra ipsum nunc aliquet bibendum. Lectus quam id leo in vitae. Turpis tincidunt id aliquet risus feugiat. Lorem ipsum dolor sit amet.\";}i:2;a:5:{s:13:\"company_title\";s:7:\"My-Jobs\";s:10:\"start_date\";s:10:\"2019-09-13\";s:8:\"end_date\";s:10:\"2019-09-15\";s:9:\"job_title\";s:17:\"Laravel Developer\";s:8:\"job_desc\";s:795:\"Lorem ipsum dolor sit amet, consectetur adipiscing elit, sed do eiusmod tempor incididunt ut labore et dolore magna aliqua. Vitae tempus quam pellentesque nec nam aliquam. Viverra nam libero justo laoreet sit amet cursus. Adipiscing at in tellus integer feugiat scelerisque varius morbi. Eget gravida cum sociis natoque penatibus. Lacinia at quis risus sed vulputate odio ut enim blandit. Neque viverra justo nec ultrices dui sapien. Vitae congue mauris rhoncus aenean vel elit scelerisque mauris. Commodo elit at imperdiet dui accumsan. Dui id ornare arcu odio ut sem. Lectus arcu bibendum at varius vel. Eget velit aliquet sagittis id consectetur purus ut. Viverra ipsum nunc aliquet bibendum. Lectus quam id leo in vitae. Turpis tincidunt id aliquet risus feugiat. Lorem ipsum dolor sit amet.\";}}',NULL,'a:1:{i:0;a:1:{s:5:\"title\";N;}}','a:4:{i:0;a:5:{s:12:\"degree_title\";s:34:\"Bachelor of Information Technology\";s:10:\"start_date\";s:10:\"2019-09-19\";s:8:\"end_date\";s:10:\"2019-09-12\";s:9:\"job_title\";s:10:\"IT Manager\";s:8:\"job_desc\";s:795:\"Lorem ipsum dolor sit amet, consectetur adipiscing elit, sed do eiusmod tempor incididunt ut labore et dolore magna aliqua. Vitae tempus quam pellentesque nec nam aliquam. Viverra nam libero justo laoreet sit amet cursus. Adipiscing at in tellus integer feugiat scelerisque varius morbi. Eget gravida cum sociis natoque penatibus. Lacinia at quis risus sed vulputate odio ut enim blandit. Neque viverra justo nec ultrices dui sapien. Vitae congue mauris rhoncus aenean vel elit scelerisque mauris. Commodo elit at imperdiet dui accumsan. Dui id ornare arcu odio ut sem. Lectus arcu bibendum at varius vel. Eget velit aliquet sagittis id consectetur purus ut. Viverra ipsum nunc aliquet bibendum. Lectus quam id leo in vitae. Turpis tincidunt id aliquet risus feugiat. Lorem ipsum dolor sit amet.\";}i:1;a:5:{s:12:\"degree_title\";s:12:\"MBA- Finance\";s:10:\"start_date\";s:10:\"2019-09-12\";s:8:\"end_date\";s:10:\"2019-09-29\";s:9:\"job_title\";s:16:\"Business Analyst\";s:8:\"job_desc\";s:795:\"Lorem ipsum dolor sit amet, consectetur adipiscing elit, sed do eiusmod tempor incididunt ut labore et dolore magna aliqua. Vitae tempus quam pellentesque nec nam aliquam. Viverra nam libero justo laoreet sit amet cursus. Adipiscing at in tellus integer feugiat scelerisque varius morbi. Eget gravida cum sociis natoque penatibus. Lacinia at quis risus sed vulputate odio ut enim blandit. Neque viverra justo nec ultrices dui sapien. Vitae congue mauris rhoncus aenean vel elit scelerisque mauris. Commodo elit at imperdiet dui accumsan. Dui id ornare arcu odio ut sem. Lectus arcu bibendum at varius vel. Eget velit aliquet sagittis id consectetur purus ut. Viverra ipsum nunc aliquet bibendum. Lectus quam id leo in vitae. Turpis tincidunt id aliquet risus feugiat. Lorem ipsum dolor sit amet.\";}i:2;a:5:{s:12:\"degree_title\";s:14:\"Data Scientist\";s:10:\"start_date\";s:10:\"2019-09-26\";s:8:\"end_date\";s:10:\"2019-09-29\";s:9:\"job_title\";s:12:\"Data Analyst\";s:8:\"job_desc\";s:795:\"Lorem ipsum dolor sit amet, consectetur adipiscing elit, sed do eiusmod tempor incididunt ut labore et dolore magna aliqua. Vitae tempus quam pellentesque nec nam aliquam. Viverra nam libero justo laoreet sit amet cursus. Adipiscing at in tellus integer feugiat scelerisque varius morbi. Eget gravida cum sociis natoque penatibus. Lacinia at quis risus sed vulputate odio ut enim blandit. Neque viverra justo nec ultrices dui sapien. Vitae congue mauris rhoncus aenean vel elit scelerisque mauris. Commodo elit at imperdiet dui accumsan. Dui id ornare arcu odio ut sem. Lectus arcu bibendum at varius vel. Eget velit aliquet sagittis id consectetur purus ut. Viverra ipsum nunc aliquet bibendum. Lectus quam id leo in vitae. Turpis tincidunt id aliquet risus feugiat. Lorem ipsum dolor sit amet.\";}i:3;a:5:{s:12:\"degree_title\";s:5:\"DevOP\";s:10:\"start_date\";s:10:\"2019-09-27\";s:8:\"end_date\";s:10:\"2019-09-28\";s:9:\"job_title\";s:6:\"DevOps\";s:8:\"job_desc\";s:795:\"Lorem ipsum dolor sit amet, consectetur adipiscing elit, sed do eiusmod tempor incididunt ut labore et dolore magna aliqua. Vitae tempus quam pellentesque nec nam aliquam. Viverra nam libero justo laoreet sit amet cursus. Adipiscing at in tellus integer feugiat scelerisque varius morbi. Eget gravida cum sociis natoque penatibus. Lacinia at quis risus sed vulputate odio ut enim blandit. Neque viverra justo nec ultrices dui sapien. Vitae congue mauris rhoncus aenean vel elit scelerisque mauris. Commodo elit at imperdiet dui accumsan. Dui id ornare arcu odio ut sem. Lectus arcu bibendum at varius vel. Eget velit aliquet sagittis id consectetur purus ut. Viverra ipsum nunc aliquet bibendum. Lectus quam id leo in vitae. Turpis tincidunt id aliquet risus feugiat. Lorem ipsum dolor sit amet.\";}}',NULL,'a:1:{i:0;a:2:{s:13:\"speciality_id\";s:1:\"2\";s:8:\"services\";a:1:{i:1;a:3:{s:7:\"service\";s:1:\"5\";s:5:\"price\";s:4:\"1000\";s:11:\"description\";s:9:\"testing 2\";}}}}','1569829695-05.jpg','banner.jpeg',NULL,NULL,NULL,'FRCS(Tr & Orth) UK, MBBS',NULL,'Consectetur adipisicing eliteiuim sete eiu tempor incidit utoreas etnalom dolore maena aliquae udiminimate veniam quis norud exercita ullamco laboris nisi aliquip commodo consequat Duis aute irure dolor inem reprederit inoluptate velit esse cillum dolore eu fugiat nulla pariatur eexcepteur occaecat cupidatat non proident sunt in culpa qui officia deserunt mollit anim id est laborum sed ut perspiciatis unde omnis.\r\n                    Este natus error sit voluptatem accusantium doloremque laudantium, totam rem aperiam, eaque ipsa quae ab illo inventore veritatis et quasi architecto beatae vitae dicta sunt explicabo. Nemo enim ipsam voluptatem quia voluptas sit aspernatur aut odit aut fugit sed quia consequuntur.',NULL,NULL,NULL,NULL,NULL,NULL,NULL,NULL,NULL,'[\"15\",\"19\"]','[7,5,9,16,44,129]','[\"25\",\"24\"]',NULL,NULL,NULL,NULL,0,NULL,NULL,'[]','24_hours','a:9:{i:0;s:1:\"2\";i:1;s:2:\"39\";i:2;s:1:\"9\";i:3;s:1:\"8\";i:4;s:1:\"7\";i:5;s:1:\"6\";i:6;s:1:\"5\";i:7;s:1:\"4\";i:8;s:1:\"3\";}',NULL,NULL,'2020-01-15 13:15:49','2020-06-19 09:45:28','a:1:{i:0;s:16:\"1584355993-8.jpg\";}','a:1:{i:0;a:1:{s:3:\"url\";N;}}','off','off',NULL,'off','off','a:2:{i:0;N;i:1;N;}',NULL,'a:2:{s:9:\"from_fees\";s:1:\"1\";s:7:\"to_fees\";s:1:\"2\";}',NULL,NULL,NULL,NULL,NULL,NULL,NULL,NULL,NULL),(175,240,'[{\"company_title\":\"soft\",\"location\":\"Lahore\",\"start_date\":\"2020-09-03\",\"end_date\":\"2020-09-03\",\"job_title\":\"soft\",\"job_desc\":\"Lorem Ipsum is simply dummy text of the printing Lorem Ipsum is simply dummy text of the printing Lorem Ipsum is simply dummy text of the printing Lorem Ipsum is simply dummy text of the printing\"}]',NULL,'[{\"title\":\"Pakistan Medical Association\"},{\"title\":\"The College of Physicians and Surgeons Pakistan\"},{\"title\":\"Pakistan Academy of Family Physicians (PAFP)\"}]','[{\"degree_title\":\"B.M.Sc\",\"start_date\":\"2016-09-02\",\"end_date\":\"2020-09-18\",\"job_title\":\"United Kingdom\",\"job_desc\":\"University of Dundee School of Medicine, United Kingdom, 2004\"}]','{\"2\":{\"title\":\"Ireland Medical Council Registration\",\"year\":\"2020\"}}','[{\"speciality_id\":\"1\",\"services\":[{\"service\":\"13\",\"price\":\"500\",\"description\":\"Lorem Ipsum is simply dummy textLorem Ipsum is simply dummy textLorem Ipsum is simply dummy textLorem Ipsum is simply dummy textLorem Ipsum is simply dummy textLorem Ipsum is simply dummy textLorem Ipsum is simply dummy textLorem Ipsum is simply dummy text\"}]},{\"speciality_id\":\"4\",\"services\":[{\"service\":\"14\",\"price\":\"300\",\"description\":\"Lorem Ipsum is simply dummy text of the printing and typesetting industry. Lorem Ipsum has been the industry\'sLorem Ipsum is simply dummy text of the printing and typesetting industry. Lorem Ipsum has been the industry\'sLorem Ipsum is simply dummy text of the printing and typesetting industry. Lorem Ipsum has been the industry\'sLorem Ipsum is simply dummy text of the printing and typesetting industry. Lorem Ipsum has been the industry\'sLorem Ipsum is simply dummy text of the printing and typesetting industry. Lorem Ipsum has been the industry\'sLorem Ipsum is simply dummy text of the printing and typesetting industry. Lorem Ipsum has been the industry\'s\"}]}]','dr-abdul-raheem-qureshi-lahore.jpg','1600408174-images.jpg','male',NULL,'Lorem Ipsum is simply dummy text of the printing and typesetting industry. Lorem Ipsum has been the industry&#39;s',NULL,'Lorem Ipsum is simply dummy text of the printing and typesetting industry. Lorem Ipsum has been the industry&#39;s',NULL,NULL,NULL,NULL,NULL,NULL,NULL,NULL,'{\"registration_number\":\"1234567890\",\"registration_document\":\"7.jpg\"}',NULL,NULL,NULL,NULL,'[\"1600406947-images (1).jpg\"]','main stree road',NULL,NULL,0,NULL,NULL,'[\"mon\",\"tue\",\"wed\",\"fri\"]','{\"start_time\":null,\"end_time\":null}',NULL,500,NULL,'2020-09-03 09:57:25','2020-09-21 05:49:53','{\"0\":\"1599127178-7.jpg\",\"1\":\"1600256283-6.jpg\",\"4\":\"1600256283-9.jpg\"}','[{\"url\":\"https:\\/\\/www.youtube.com\\/watch?v=jeioEVOZSy4\"},{\"url\":\"https:\\/\\/www.youtube.com\\/watch?v=jeioEVOZSy4\"},{\"url\":\"https:\\/\\/www.youtube.com\\/watch?v=jeioEVOZSy4\"}]','on','on','on','on','on','[\"on\",\"2020-09-03\",\"2020-09-25\"]','2020-09-03 10:00:08','{\"from_fees\":\"100\",\"to_fees\":\"500\"}',5.00,'[{\"question\":\"How can I book an appointment with doctor?\",\"answer\":\"To book an appointment with doctor. Or, you can also call at 0345-0435621 from 9 AM to 11 PM to book appointment with doctor.\"},{\"question\":\"What is the experience of doctor ?\",\"answer\":\"doctor has 13 years of experience.\"}]',NULL,'0',NULL,NULL,NULL,'[\"english\",\"urdu\",\"punjabi\"]',NULL),(176,248,'[{\"company_title\":\"soft\",\"location\":\"Rawalpindi\",\"start_date\":\"2020-09-03\",\"end_date\":\"2020-09-03\",\"job_title\":\"Present, Head of Orthopaedic Department, Allama Iqbal Medical College,\",\"job_desc\":\"Present, Head of Orthopaedic Department, Allama Iqbal Medical College, Lahore.\\r\\nPresent, Professor of Orthopaedic Surgery, Head department of orthopaedic surgery\\r\\nPresent, Director Trauma Center, Jinnah Hospital, Lahore\"}]',NULL,'[{\"title\":\"Pakistan Medical Association\"},{\"title\":\"Pakistan Academy of Family\"}]','[{\"degree_title\":\"B.M.Sc\",\"start_date\":\"2020-09-09\",\"end_date\":\"2020-09-03\",\"job_title\":\"United Kingdom\",\"job_desc\":\"University of Dundee School of Medicine, United Kingdom, 2004\"}]','{\"2\":{\"title\":\"Ireland Medical Council Registration\",\"year\":\"2020\"}}','[{\"speciality_id\":\"3\",\"services\":[{\"service\":\"6\",\"price\":\"500\",\"description\":\"Lorem Ipsum is simply dummy text of the printing Lorem Ipsum is simply dummy text of the printing Lorem Ipsum is simply dummy text of the printing Lorem Ipsum is simply dummy text of the printing Lorem Ipsum is simply dummy text of the printing\"}]},{\"speciality_id\":\"2\",\"services\":[{\"service\":\"14\",\"price\":\"1000\",\"description\":\"Lorem Ipsum is simply dummy text of the printing Lorem Ipsum is simply dummy text of the printing Lorem Ipsum is simply dummy text of the printing Lorem Ipsum is simply dummy text of the printing Lorem Ipsum is simply dummy text of the printing v\"}]}]','dr-amjad-sk-durrani-islamabad.jpg','images.jpg','female',NULL,'Lorem Ipsum is simply dummy text of the printing',NULL,'Lorem Ipsum is simply dummy text of the printing',NULL,NULL,NULL,NULL,NULL,NULL,NULL,NULL,'{\"registration_number\":\"22323323232\",\"registration_document\":\"1600407582-images.jpg\"}',NULL,NULL,NULL,NULL,'[\"1599128747-a.jpg\"]','main stree road',NULL,NULL,0,NULL,NULL,'[\"mon\",\"tue\",\"wed\",\"fri\",\"sat\",\"sun\"]','{\"start_time\":null,\"end_time\":null}',NULL,500,NULL,'2020-09-03 10:05:19','2020-09-21 05:51:35','[\"1599128611-8.jpg\",\"1600256306-6.jpg\",\"1600256306-7.jpg\",\"1600256306-8.jpg\",\"1600256306-9.jpg\"]','[{\"url\":\"https:\\/\\/www.youtube.com\\/watch?v=jeioEVOZSy4\"},{\"url\":\"https:\\/\\/www.youtube.com\\/watch?v=jeioEVOZSy4\"},{\"url\":\"https:\\/\\/www.youtube.com\\/watch?v=jeioEVOZSy4\"}]','on','on','on','on','on','[null,null]','2020-09-03 10:23:54','{\"from_fees\":\"323232\",\"to_fees\":\"2332\"}',23.00,'[{\"question\":\"How can I book an appointment with doctor?\",\"answer\":\"To book an appointment with doctor. Or, you can also call at 0345-0435621 from 9 AM to 11 PM to book appointment with doctor.\"},{\"question\":\"What is the experience of doctor ?\",\"answer\":\"doctor has 13 years of experience.\"}]',NULL,'0',NULL,NULL,NULL,'[\"english\",\"urdu\",\"punjabi\"]',NULL),(177,235,'[{\"company_title\":\"soft\",\"location\":\"Rawalpindi\",\"start_date\":\"2020-09-03\",\"end_date\":\"2016-09-03\",\"job_title\":\"Present, Head of Orthopaedic Department, Allama Iqbal Medical College,\",\"job_desc\":\"Present, Head of Orthopaedic Department, Allama Iqbal Medical College, \\r\\nPresent, Professor of Orthopaedic Surgery, Head department of orthopaedic surgery\\r\\nPresent, Director Trauma Center, Jinnah Hospital,\"}]',NULL,'[{\"title\":\"Pakistan Academy of Family Physicians (PAFP)\"},{\"title\":\"Pakistan Medical Association\"},{\"title\":\"The College of Physicians and Surgeons Pakistan\"}]','[{\"degree_title\":\"B.M.Sc\",\"start_date\":\"2015-09-04\",\"end_date\":\"2020-09-03\",\"job_title\":\"United Kingdom\",\"job_desc\":\"University of Dundee School of Medicine, United Kingdom, 2004\"}]','{\"2\":{\"title\":\"Ireland Medical Council Registration\",\"year\":\"2020\"}}','[{\"speciality_id\":\"3\",\"services\":[{\"service\":\"6\",\"price\":\"500\",\"description\":\"Lorem Ipsum is simply dummy text of the printing and typesetting industry. Lorem Ipsum has been the industry\'sLorem Ipsum is simply dummy text of the printing and typesetting industry. Lorem Ipsum has been the industry\'sLorem Ipsum is simply dummy text of the printing and typesetting industry. Lorem Ipsum has been the industry\'sLorem Ipsum is simply dummy text of the printing and typesetting industry. Lorem Ipsum has been the industry\'s\"}]},{\"speciality_id\":\"2\",\"services\":[{\"service\":\"4\",\"price\":\"500\",\"description\":\"Lorem Ipsum is simply dummy text of the printing and typesetting industry. Lorem Ipsum has been the industry\'sLorem Ipsum is simply dummy text of the printing and typesetting industry. Lorem Ipsum has been the industry\'sLorem Ipsum is simply dummy text of the printing and typesetting industry. Lorem Ipsum has been the industry\'sLorem Ipsum is simply dummy text of the printing and typesetting industry. Lorem Ipsum has been the industry\'s\"}]}]','dr-aisha-ghias-karachi.jpg','download (2).jpg','male',NULL,'Lorem Ipsum is simply dummy text of the printing Lorem Ipsum is simply dummy text of the printing Lorem Ipsum is simply dummy text of the printing',NULL,'Lorem Ipsum is simply dummy text of the printing Lorem Ipsum is simply dummy text of the printing Lorem Ipsum is simply dummy text of the printing',NULL,NULL,NULL,NULL,NULL,NULL,NULL,NULL,'{\"registration_number\":\"1234567890\",\"registration_document\":\"8.jpg\"}',NULL,NULL,NULL,NULL,'[\"1599128487-9.jpg\"]','main stree road',NULL,NULL,0,NULL,NULL,'[\"tue\",\"wed\",\"thu\",\"sat\",\"sun\"]','{\"start_time\":null,\"end_time\":null}',NULL,700,NULL,'2020-09-03 10:18:38','2020-09-21 05:55:37','[\"1599128372-8.jpg\",\"1600256295-6.jpg\",\"1600256295-7.jpg\",\"1600256295-8.jpg\",\"1600256295-9.jpg\"]','[{\"url\":\"https:\\/\\/www.youtube.com\\/watch?v=jeioEVOZSy4\"},{\"url\":\"https:\\/\\/www.youtube.com\\/watch?v=jeioEVOZSy4\"},{\"url\":\"https:\\/\\/www.youtube.com\\/watch?v=jeioEVOZSy4\"}]','on','on','on','on','on','[\"on\",\"2020-09-04\",\"2020-09-21\"]','2020-09-03 10:19:55','{\"from_fees\":\"10\",\"to_fees\":\"1000\"}',5.00,'[{\"question\":\"How can I book an appointment with doctor?\",\"answer\":\"To book an appointment with doctor. Or, you can also call at 0345-0435621 from 9 AM to 11 PM to book appointment with doctor.\"},{\"question\":\"What is the experience of doctor ?\",\"answer\":\"doctor has 13 years of experience.\"}]',NULL,'4',NULL,NULL,NULL,'[\"urdu\",\"punjabi\",\"pashto\"]',NULL),(178,253,'[{\"company_title\":\"soft\",\"location\":\"Karachi\",\"start_date\":\"2020-09-03\",\"end_date\":\"2020-09-03\",\"job_title\":\"Present, Head of Orthopaedic Department, Allama Iqbal Medical College,\",\"job_desc\":\"Present, Head of Orthopaedic Department, Allama Iqbal Medical College, Lahore.\\r\\nPresent, Professor of Orthopaedic Surgery, Head department of orthopaedic surgery\\r\\nPresent, Director Trauma Center, Jinnah Hospital, Lahore\"}]',NULL,'[{\"title\":\"Pakistan Medical Association\"},{\"title\":\"The College of Physicians and Surgeons Pakistan\"},{\"title\":\"Pakistan Academy of Family Physicians (PAFP)\"}]','[{\"degree_title\":\"B.M.Sc\",\"start_date\":\"2020-05-21\",\"end_date\":\"2020-09-03\",\"job_title\":\"United Kingdom\",\"job_desc\":\"University of Dundee School of Medicine, United Kingdom, 2004\"}]','{\"2\":{\"title\":\"Ireland Medical Council Registration\",\"year\":\"2020\"}}','[{\"speciality_id\":\"5\",\"services\":[{\"service\":\"11\",\"price\":\"600\",\"description\":\"Lorem Ipsum is simply dummy text of the printing Lorem Ipsum is simply dummy text of the printing Lorem Ipsum is simply dummy text of the printing Lorem Ipsum is simply dummy text of the printing Lorem Ipsum is simply dummy text of the printing\"}]},{\"speciality_id\":\"34\",\"services\":[{\"service\":\"11\",\"price\":\"500\",\"description\":\"Lorem Ipsum is simply dummy text of the printing Lorem Ipsum is simply dummy text of the printing Lorem Ipsum is simply dummy text of the printing Lorem Ipsum is simply dummy text of the printing Lorem Ipsum is simply dummy text of the printing\"}]}]','dr-ammar-hameed-khan-rawalpindi.jpg','download (4).jpg','male',NULL,'Lorem Ipsum is simply dummy text of the printing',NULL,'Lorem Ipsum is simply dummy text of the printing',NULL,NULL,NULL,NULL,NULL,NULL,NULL,NULL,'{\"registration_number\":\"1234567890\",\"registration_document\":\"7.jpg\"}',NULL,NULL,NULL,NULL,'[\"1599128982-b.jpg\"]','main stree road',NULL,NULL,0,NULL,NULL,'[\"mon\",\"tue\",\"wed\",\"sat\",\"sun\"]','{\"start_time\":null,\"end_time\":null}',NULL,500,NULL,'2020-09-03 10:27:07','2020-09-21 05:51:42','[\"1599128885-a.jpg\",\"1600256317-6.jpg\",\"1600256317-7.jpg\",\"1600256317-8.jpg\"]','[{\"url\":\"https:\\/\\/www.youtube.com\\/watch?v=jeioEVOZSy4\"},{\"url\":\"https:\\/\\/www.youtube.com\\/watch?v=jeioEVOZSy4\"},{\"url\":\"https:\\/\\/www.youtube.com\\/watch?v=jeioEVOZSy4\"}]','on','on','on','on','on','[\"on\",\"2020-09-03\",\"2020-10-01\"]','2020-09-03 10:28:26','{\"from_fees\":\"5\",\"to_fees\":\"10\"}',NULL,'[{\"question\":\"How can I book an appointment with doctor?\",\"answer\":\"To book an appointment with doctor. Or, you can also call at 0345-0435621 from 9 AM to 11 PM to book appointment with doctor.\"},{\"question\":\"What is the experience of doctor ?\",\"answer\":\"doctor has 13 years of experience.\"}]',NULL,'0',NULL,NULL,NULL,'[\"english\",\"urdu\",\"punjabi\"]',NULL),(179,237,'[{\"company_title\":\"soft\",\"location\":\"Multan\",\"start_date\":\"2020-09-03\",\"end_date\":\"2020-09-03\",\"job_title\":\"Present, Head of Orthopaedic Department, Allama Iqbal Medical College,\",\"job_desc\":\"Present, Head of Orthopaedic Department, Allama Iqbal Medical College, Lahore.\\r\\nPresent, Professor of Orthopaedic Surgery, Head department of orthopaedic surgery\\r\\nPresent, Director Trauma Center, Jinnah Hospital, Lahore\"}]',NULL,'[{\"title\":\"Pakistan Medical Association\"},{\"title\":\"The College of Physicians and Surgeons Pakistan\"},{\"title\":\"Pakistan Academy of Family Physicians (PAFP)\"}]','[{\"degree_title\":\"B.M.Sc\",\"start_date\":\"2015-09-12\",\"end_date\":\"2020-09-03\",\"job_title\":\"United Kingdom\",\"job_desc\":\"University of Dundee School of Medicine, United Kingdom, 2004\"}]','{\"2\":{\"title\":\"Ireland Medical Council Registration\",\"year\":\"2020\"}}','[{\"speciality_id\":\"3\",\"services\":[{\"service\":\"10\",\"price\":\"500\",\"description\":\"Lorem Ipsum is simply dummy text of the printing Lorem Ipsum is simply dummy text of the printing Lorem Ipsum is simply dummy text of the printing Lorem Ipsum is simply dummy text of the printing\"}]},{\"speciality_id\":\"2\",\"services\":[{\"service\":\"3\",\"price\":\"200\",\"description\":\"Lorem Ipsum is simply dummy text of the printing Lorem Ipsum is simply dummy text of the printing Lorem Ipsum is simply dummy text of the printing Lorem Ipsum is simply dummy text of the printing\"}]}]','dr-anita-kazi-multan.jpg','download.jpg','female',NULL,'Lorem Ipsum is simply dummy text of the printing',NULL,'Lorem Ipsum is simply dummy text of the printing',NULL,NULL,NULL,NULL,NULL,NULL,NULL,NULL,'{\"registration_number\":\"123456789\",\"registration_document\":\"1599129045-7.jpg\"}',NULL,NULL,NULL,NULL,'[\"1599129137-9.jpg\"]','main stree road',NULL,NULL,0,NULL,NULL,'[\"mon\",\"tue\",\"fri\",\"sat\",\"sun\"]','{\"start_time\":null,\"end_time\":null}',NULL,500,NULL,'2020-09-03 10:30:45','2020-09-21 05:51:49','[\"1599129096-7.jpg\",\"1600256330-6.jpg\",\"1600256330-7.jpg\",\"1600256330-8.jpg\",\"1600256330-9.jpg\"]','[{\"url\":\"https:\\/\\/www.youtube.com\\/watch?v=jeioEVOZSy4\"},{\"url\":\"https:\\/\\/www.youtube.com\\/watch?v=jeioEVOZSy4\"},{\"url\":\"https:\\/\\/www.youtube.com\\/watch?v=jeioEVOZSy4\"}]','on','on','on','on','on','[\"on\",\"2020-09-10\",\"2020-09-17\"]','2020-09-03 10:32:03','{\"from_fees\":\"200\",\"to_fees\":\"7000\"}',5.00,'[{\"question\":\"How can I book an appointment with doctor?\",\"answer\":\"To book an appointment with doctor. Or, you can also call at 0345-0435621 from 9 AM to 11 PM to book appointment with doctor.\"},{\"question\":\"What is the experience of doctor ?\",\"answer\":\"doctor has 13 years of experience.\"}]',NULL,'0',NULL,NULL,NULL,'[\"english\",\"urdu\",\"punjabi\"]',NULL),(180,224,'[{\"company_title\":\"soft\",\"location\":\"Pattoki\",\"start_date\":\"2020-09-03\",\"end_date\":\"2020-09-03\",\"job_title\":\"Present, Head of Orthopaedic Department, Allama Iqbal Medical College,\",\"job_desc\":\"Present, Head of Orthopaedic Department, Allama Iqbal Medical College, Lahore.\\r\\nPresent, Professor of Orthopaedic Surgery, Head department of orthopaedic surgery\\r\\nPresent, Director Trauma Center, Jinnah Hospital, Lahore\"}]',NULL,'[{\"title\":\"Pakistan Medical Association\"},{\"title\":\"The College of Physicians and Surgeons Pakistan\"},{\"title\":\"Pakistan Academy of Family Physicians (PAFP)\"}]','[{\"degree_title\":\"B.M.Sc\",\"start_date\":\"2020-09-03\",\"end_date\":\"2020-09-03\",\"job_title\":\"United Kingdom\",\"job_desc\":\"University of Dundee School of Medicine, United Kingdom, 2004\"}]','{\"2\":{\"title\":\"Ireland Medical Council Registration\",\"year\":\"2020\"}}','[{\"speciality_id\":\"3\",\"services\":[{\"service\":\"4\",\"price\":\"300\",\"description\":\"Lorem Ipsum is simply dummy text of the printing Lorem Ipsum is simply dummy text of the printing Lorem Ipsum is simply dummy text of the printing Lorem Ipsum is simply dummy text of the printing Lorem Ipsum is simply dummy text of the printing\"}]}]','dr-athar-mehmood-lahore.jpg','download (3).jpg','male',NULL,'Lorem Ipsum is simply dummy text of the printing',NULL,'Lorem Ipsum is simply dummy text of the printing',NULL,NULL,NULL,NULL,NULL,NULL,NULL,NULL,'{\"registration_number\":\"1234567890\",\"registration_document\":\"7.jpg\"}',NULL,NULL,NULL,NULL,'[\"1599129344-7.jpg\"]','main stree road',NULL,NULL,0,NULL,NULL,'[\"mon\",\"fri\",\"sat\",\"sun\"]','{\"start_time\":null,\"end_time\":null}',NULL,500,NULL,'2020-09-03 10:34:35','2020-09-21 05:51:56','[\"1599129311-9.jpg\",\"1600256342-5.jpg\",\"1600256342-6.jpg\",\"1600256342-7.jpg\",\"1600256342-8.jpg\",\"1600256342-9.jpg\"]','[{\"url\":\"https:\\/\\/www.youtube.com\\/watch?v=jeioEVOZSy4\"},{\"url\":\"https:\\/\\/www.youtube.com\\/watch?v=jeioEVOZSy4\"},{\"url\":\"https:\\/\\/www.youtube.com\\/watch?v=jeioEVOZSy4\"}]','on','on','on','on','on','[\"on\",\"2020-09-01\",\"2020-09-04\"]','2020-09-03 10:35:32','{\"from_fees\":\"3\",\"to_fees\":\"9\"}',5.00,'[{\"question\":\"How can I book an appointment with doctor?\",\"answer\":\"To book an appointment with doctor. Or, you can also call at 0345-0435621 from 9 AM to 11 PM to book appointment with doctor.\"},{\"question\":\"What is the experience of doctor ?\",\"answer\":\"doctor has 13 years of experience.\"}]',NULL,'0',NULL,NULL,NULL,'[\"english\",\"urdu\",\"punjabi\"]',NULL),(181,244,'[{\"company_title\":\"soft\",\"location\":\"Islamabad\",\"start_date\":\"2020-09-03\",\"end_date\":\"2020-09-03\",\"job_title\":\"Present, Head of Orthopaedic Department, Allama Iqbal Medical College, Lahore.\",\"job_desc\":\"Present, Head of Orthopaedic Department, Allama Iqbal Medical College, Lahore.\\r\\nPresent, Professor of Orthopaedic Surgery, Head department of orthopaedic surgery\\r\\nPresent, Director Trauma Center, Jinnah Hospital, Lahore\"}]',NULL,'[{\"title\":\"Pakistan Medical Association\"},{\"title\":\"The College of Physicians and Surgeons Pakistan\"},{\"title\":\"Pakistan Academy of Family Physicians (PAFP)\"}]','[{\"degree_title\":\"B.M.Sc\",\"start_date\":\"2015-09-04\",\"end_date\":\"2020-09-03\",\"job_title\":\"United Kingdom\",\"job_desc\":\"University of Dundee School of Medicine, United Kingdom, 2004\"}]','{\"2\":{\"title\":\"Ireland Medical Council Registration\",\"year\":\"2020\"}}','[{\"speciality_id\":\"30\",\"services\":[{\"service\":\"25\",\"price\":\"500\",\"description\":\"Lorem Ipsum is simply dummy text of the printing Lorem Ipsum is simply dummy text of the printing Lorem Ipsum is simply dummy text of the printing Lorem Ipsum is simply dummy text of the printing Lorem Ipsum is simply dummy text of the printing Lorem Ipsum is simply dummy text of the printing\"}]},{\"speciality_id\":\"2\",\"services\":[{\"service\":\"25\",\"price\":\"200\",\"description\":\"Lorem Ipsum is simply dummy text of the printing Lorem Ipsum is simply dummy text of the printing Lorem Ipsum is simply dummy text of the printing Lorem Ipsum is simply dummy text of the printing Lorem Ipsum is simply dummy text of the printing Lorem Ipsum is simply dummy text of the printing\"}]}]','dr-atif-ikram-multan.jpg','1600416439-download (2).jpg','male',NULL,'Lorem Ipsum is simply dummy text of the printing and typesetting industry. Lorem Ipsum has been the industry&#39;s',NULL,'Lorem Ipsum is simply dummy text of the printing and',NULL,NULL,NULL,NULL,NULL,NULL,NULL,NULL,'{\"registration_number\":\"1234567890\",\"registration_document\":\"1599129500-7.jpg\"}',NULL,NULL,NULL,NULL,'[\"1599129594-8.jpg\"]','main stree road',NULL,NULL,1,NULL,NULL,'[\"mon\",\"tue\",\"sat\",\"sun\"]','{\"start_time\":null,\"end_time\":null}',NULL,500,NULL,'2020-09-03 10:38:20','2020-09-21 05:52:04','[\"1599129558-6.jpg\",\"1600256354-6.jpg\",\"1600256354-7.jpg\",\"1600256354-8.jpg\"]','[{\"url\":\"https:\\/\\/www.youtube.com\\/watch?v=jeioEVOZSy4\"},{\"url\":\"https:\\/\\/www.youtube.com\\/watch?v=jeioEVOZSy4\"},{\"url\":\"https:\\/\\/www.youtube.com\\/watch?v=jeioEVOZSy4\"}]','on','on','on','on','on','[\"on\",\"2020-09-17\",\"2020-09-11\"]','2020-09-03 10:39:37','{\"from_fees\":\"100\",\"to_fees\":\"5000\"}',5.00,'[{\"question\":\"How can I book an appointment with doctor?\",\"answer\":\"To book an appointment with doctor. Or, you can also call at 0345-0435621 from 9 AM to 11 PM to book appointment with doctor.\"},{\"question\":\"What is the experience of doctor ?\",\"answer\":\"doctor has 13 years of experience.\"}]',NULL,'0',NULL,NULL,NULL,'[\"english\",\"urdu\",\"punjabi\"]',NULL),(182,241,'[{\"company_title\":\"soft\",\"location\":\"Karachi\",\"start_date\":\"2020-09-03\",\"end_date\":\"2020-09-03\",\"job_title\":\"soft\",\"job_desc\":\"Present, Head of Orthopaedic Department, Allama Iqbal Medical College, Lahore.\\r\\nPresent, Professor of Orthopaedic Surgery, Head department of orthopaedic surgery\\r\\nPresent, Director Trauma Center, Jinnah Hospital, Lahore\"}]',NULL,'[{\"title\":\"Pakistan Medical Association\"},{\"title\":\"The College of Physicians and Surgeons Pakistan\"},{\"title\":\"Pakistan Academy of Family Physicians (PAFP)\"}]','[{\"degree_title\":\"B.M.Sc\",\"start_date\":\"2020-09-03\",\"end_date\":\"2020-09-03\",\"job_title\":\"United Kingdom\",\"job_desc\":\"University of Dundee School of Medicine, United Kingdom, 2004\"}]','{\"2\":{\"title\":\"Ireland Medical Council Registration\",\"year\":\"2020\"}}','[{\"speciality_id\":\"3\",\"services\":[{\"service\":\"6\",\"price\":\"400\",\"description\":\"Lorem Ipsum is simply dummy text of the printing andLorem Ipsum is simply dummy text of the printing andLorem Ipsum is simply dummy text of the printing andLorem Ipsum is simply dummy text of the printing andLorem Ipsum is simply dummy text of the printing andLorem Ipsum is simply dummy text of the printing and\"}]},{\"speciality_id\":\"6\",\"services\":[{\"service\":\"2\",\"price\":\"300\",\"description\":\"Lorem Ipsum is simply dummy text of the printing andLorem Ipsum is simply dummy text of the printing andLorem Ipsum is simply dummy text of the printing andLorem Ipsum is simply dummy text of the printing andLorem Ipsum is simply dummy text of the printing andLorem Ipsum is simply dummy text of the printing and\"}]}]','dr-fahad-rafiq-butt-faisalabad.jpg','images (2).jpg','male',NULL,'Lorem Ipsum is simply dummy text of the printing and',NULL,'Lorem Ipsum is simply dummy text of the printing and',NULL,NULL,NULL,NULL,NULL,NULL,NULL,NULL,'{\"registration_number\":\"1234567890\",\"registration_document\":\"1599129719-a.jpg\"}',NULL,NULL,NULL,NULL,'[\"1599129812-9.jpg\"]','main stree road',NULL,NULL,0,NULL,NULL,'[\"mon\",\"tue\",\"fri\",\"sat\"]','{\"start_time\":null,\"end_time\":null}',NULL,500,NULL,'2020-09-03 10:41:59','2020-09-21 05:52:10','[\"1599129768-4.jpg\",\"1600256368-6.jpg\",\"1600256368-7.jpg\",\"1600256368-8.jpg\",\"1600256368-9.jpg\"]','[{\"url\":\"https:\\/\\/www.youtube.com\\/watch?v=jeioEVOZSy4\"},{\"url\":\"https:\\/\\/www.youtube.com\\/watch?v=jeioEVOZSy4\"},{\"url\":\"https:\\/\\/www.youtube.com\\/watch?v=jeioEVOZSy4\"}]','on','on','on','on','on','[\"on\",\"2020-09-17\",\"2020-09-12\"]','2020-09-03 10:43:17','{\"from_fees\":\"1000\",\"to_fees\":\"50000\"}',NULL,'[{\"question\":\"How can I book an appointment with doctor?\",\"answer\":\"To book an appointment with doctor. Or, you can also call at 0345-0435621 from 9 AM to 11 PM to book appointment with doctor.\"},{\"question\":\"What is the experience of doctor ?\",\"answer\":\"doctor has 13 years of experience.\"}]',NULL,'0',NULL,NULL,NULL,'[\"english\",\"urdu\",\"punjabi\"]',NULL),(183,251,'[{\"company_title\":\"soft\",\"location\":\"Lahore Cantt\",\"start_date\":\"2020-09-03\",\"end_date\":\"2020-09-03\",\"job_title\":\"Present, Head of Orthopaedic Department, Allama Iqbal Medical College, Lahore\",\"job_desc\":\"Present, Head of Orthopaedic Department, Allama Iqbal Medical College, Lahore.\\r\\nPresent, Professor of Orthopaedic Surgery, Head department of orthopaedic surgery\\r\\nPresent, Director Trauma Center, Jinnah Hospital, Lahore\"}]',NULL,'[{\"title\":\"Pakistan Medical Association\"},{\"title\":\"The College of Physicians and Surgeons Pakistan\"},{\"title\":\"Pakistan Academy of Family Physicians (PAFP)\"}]','[{\"degree_title\":\"B.M.Sc\",\"start_date\":\"2020-09-03\",\"end_date\":\"2020-09-03\",\"job_title\":\"United Kingdom\",\"job_desc\":\"University of Dundee School of Medicine, United Kingdom, 2004\"}]','{\"2\":{\"title\":\"Ireland Medical Council Registration\",\"year\":\"2020\"}}','[{\"speciality_id\":\"31\",\"services\":[{\"service\":\"16\",\"price\":\"400\",\"description\":\"Lorem Ipsum is simply dummy text of the printing andLorem Ipsum is simply dummy text of the printing andLorem Ipsum is simply dummy text of the printing andLorem Ipsum is simply dummy text of the printing andLorem Ipsum is simply dummy text of the printing and\"}]},{\"speciality_id\":\"5\",\"services\":[{\"service\":\"11\",\"price\":\"300\",\"description\":\"Lorem Ipsum is simply dummy text of the printing andLorem Ipsum is simply dummy text of the printing andLorem Ipsum is simply dummy text of the printing andLorem Ipsum is simply dummy text of the printing andLorem Ipsum is simply dummy text of the printing andLorem Ipsum is simply dummy text of the printing and\"}]}]','dr-fatima-khanum-quetta.jpg','1600409111-download (2).jpg','male',NULL,'Lorem Ipsum is simply dummy text of the printing and',NULL,'Lorem Ipsum is simply dummy text of the printing and',NULL,NULL,NULL,NULL,NULL,NULL,NULL,NULL,'{\"registration_number\":\"123456789\",\"registration_document\":\"1599130194-7.jpg\"}',NULL,NULL,NULL,NULL,'[\"1599130381-8.jpg\"]','main stree road',NULL,NULL,0,NULL,NULL,'[\"mon\",\"fri\",\"sat\",\"sun\"]','{\"start_time\":null,\"end_time\":null}',NULL,500,NULL,'2020-09-03 10:49:54','2020-09-21 05:52:17','{\"0\":\"1600256382-7.jpg\",\"1\":\"1600256382-6.jpg\",\"3\":\"1600256382-8.jpg\"}','[{\"url\":\"https:\\/\\/www.youtube.com\\/watch?v=jeioEVOZSy4\"},{\"url\":\"https:\\/\\/www.youtube.com\\/watch?v=jeioEVOZSy4\"},{\"url\":\"https:\\/\\/www.youtube.com\\/watch?v=jeioEVOZSy4\"}]','on','on','on','on','on','[\"on\",\"2020-09-10\",\"2020-09-17\"]','2020-09-03 10:51:39','{\"from_fees\":\"100\",\"to_fees\":\"10000\"}',5.00,'[{\"question\":\"How can I book an appointment with doctor?\",\"answer\":\"To book an appointment with doctor. Or, you can also call at 0345-0435621 from 9 AM to 11 PM to book appointment with doctor.\"},{\"question\":\"What is the experience of doctor ?\",\"answer\":\"doctor has 13 years of experience.\"}]',NULL,'0',NULL,NULL,NULL,'[\"urdu\",\"punjabi\",\"pashto\",\"sindhi\"]',NULL),(184,222,'[{\"company_title\":\"Soft\",\"location\":\"Lahore\",\"start_date\":\"2020-09-03\",\"end_date\":\"2020-09-03\",\"job_title\":\"soft\",\"job_desc\":\"Present, Head of Orthopaedic Department, Allama Iqbal Medical College, Lahore.\\r\\nPresent, Professor of Orthopaedic Surgery, Head department of orthopaedic surgery\\r\\nPresent, Director Trauma Center, Jinnah Hospital, Lahore\"}]',NULL,'[{\"title\":\"Pakistan Medical Association\"},{\"title\":\"The College of Physicians and Surgeons Pakistan\"},{\"title\":\"Pakistan Academy of Family Physicians (PAFP)\"}]','[{\"degree_title\":\"B.M.Sc\",\"start_date\":\"2020-09-03\",\"end_date\":\"2020-09-03\",\"job_title\":\"United Kingdom\",\"job_desc\":\"University of Dundee School of Medicine, United Kingdom, 2004\"}]','{\"2\":{\"title\":\"Ireland Medical Council Registration\",\"year\":\"2020\"}}','[{\"speciality_id\":\"30\",\"services\":[{\"service\":\"25\",\"price\":\"400\",\"description\":\"Lorem Ipsum is simply dummy text of the printing andLorem Ipsum is simply dummy text of the printing andLorem Ipsum is simply dummy text of the printing andLorem Ipsum is simply dummy text of the printing andLorem Ipsum is simply dummy text of the printing and\"}]},{\"speciality_id\":\"1\",\"services\":[{\"service\":\"13\",\"price\":\"300\",\"description\":\"Lorem Ipsum is simply dummy text of the printing andLorem Ipsum is simply dummy text of the printing andLorem Ipsum is simply dummy text of the printing andLorem Ipsum is simply dummy text of the printing andLorem Ipsum is simply dummy text of the printing andLorem Ipsum is simply dummy text of the printing and\"}]}]','dr-fawad-nasrullah-fawad-nasrullah-islamabad.jpg','1600409092-images (1).jpg','male',NULL,'Lorem Ipsum is simply dummy text of the printing and',NULL,'Lorem Ipsum is simply dummy text of the printing and',NULL,NULL,NULL,NULL,NULL,NULL,NULL,NULL,'{\"registration_number\":\"123456678989\",\"registration_document\":\"1599130463-7.jpg\"}',NULL,NULL,NULL,NULL,'[\"1599130559-8.jpg\"]','main stree road',NULL,NULL,0,NULL,NULL,'[\"tue\",\"sat\",\"sun\"]','{\"start_time\":null,\"end_time\":null}',NULL,500,NULL,'2020-09-03 10:54:23','2020-09-21 05:52:27','[\"1599130521-7.jpg\",\"1600256398-6.jpg\",\"1600256398-7.jpg\",\"1600256398-8.jpg\",\"1600256398-9.jpg\"]','[{\"url\":\"https:\\/\\/www.youtube.com\\/watch?v=jeioEVOZSy4\"},{\"url\":\"https:\\/\\/www.youtube.com\\/watch?v=jeioEVOZSy4\"},{\"url\":\"https:\\/\\/www.youtube.com\\/watch?v=jeioEVOZSy4\"}]','on','on','on','off','off','[\"on\",\"2020-09-11\",\"2020-09-23\"]','2020-09-03 10:55:47','{\"from_fees\":\"500\",\"to_fees\":\"90000\"}',6.00,'[{\"question\":\"How can I book an appointment with doctor?\",\"answer\":\"To book an appointment with doctor. Or, you can also call at 0345-0435621 from 9 AM to 11 PM to book appointment with doctor.\"},{\"question\":\"What is the experience of doctor ?\",\"answer\":\"doctor has 13 years of experience.\"}]',NULL,'0',NULL,NULL,NULL,'[\"balochi\",\"saraiki\",\"kashmiri\"]',NULL),(185,284,NULL,NULL,'[{\"title\":\"Lorem Ipsum is simply dummy text of the printing and\"},{\"title\":\"Lorem Ipsum is simply dummy text of the printing and\"},{\"title\":\"Lorem Ipsum is simply dummy text of the printing and\"}]',NULL,'{\"1\":{\"title\":\"Lorem Ipsum i\",\"year\":\"2020\"}}',NULL,'aadil-hospital-lahore.jpg','download (8).jpg',NULL,NULL,'Lorem Ipsum is simply dummy text of the printing and',NULL,'Lorem Ipsum is simply dummy text of the printing and',NULL,NULL,NULL,NULL,NULL,NULL,NULL,NULL,'{\"registration_number\":\"123456789\",\"registration_document\":\"1599130774-7.jpg\"}',NULL,NULL,NULL,NULL,'[\"1599130754-8.jpg\"]','main street road',NULL,NULL,0,NULL,NULL,'[\"mon\",\"tue\",\"wed\",\"thu\"]','{\"start_time\":\"10:46\",\"end_time\":\"22:46\"}',NULL,500,NULL,'2020-09-03 10:59:14','2020-09-18 06:28:12','[\"1599130801-8.jpg\",\"1600410047-download (5).jpg\",\"1600410047-download (6).jpg\",\"1600410047-download (7).jpg\",\"1600410047-download (8).jpg\",\"1600410047-download (9).jpg\"]','[{\"url\":\"https:\\/\\/www.youtube.com\\/watch?v=jeioEVOZSy4\"},{\"url\":\"https:\\/\\/www.youtube.com\\/watch?v=jeioEVOZSy4\"},{\"url\":\"https:\\/\\/www.youtube.com\\/watch?v=jeioEVOZSy4\"}]','off','off','on','on','on','[null,null]','2020-09-03 12:41:19','{\"from_fees\":\"1000\",\"to_fees\":\"50000\"}',5.00,'[{\"question\":\"How can I book an appointment with a doctor in  Hospital,?\",\"answer\":\"to book an appointment with a top doctor in Hospital Or, you can also call at 0345-0435621 from 9AM to 11PM to book your appointment.\"},{\"question\":\"Which specialists are available at Hospital?\",\"answer\":\"Gynecologist in Khairunnisa Hospital\\r\\nObstetrician in Khairunnisa Hospital\\r\\nGastroenterologist in Khairunnisa Hospital\\r\\nDiabetologist in Khairunnisa Hospital\\r\\nCardiologist in Khairunnisa Hospital\\r\\nInternal Medicine Specialist in Khairunnisa Hospital\"}]','{\"hospital_icu\":true,\"hospital_emergency\":true,\"hospital_ventilator\":true,\"hospital_24_service\":true,\"ambulance\":false,\"waiting_lounge\":false,\"laboratory\":true,\"pharmacy\":true,\"blood_bank\":false,\"atm\":false,\"car_parking\":true,\"cafeteria\":true}',NULL,NULL,NULL,NULL,NULL,NULL),(186,267,NULL,NULL,'[{\"title\":\"Lorem Ipsum is simply dummy text of the printing and\"},{\"title\":\"Lorem Ipsum is simply dummy text of the printing and\"},{\"title\":\"Lorem Ipsum is simply dummy text of the printing and\"}]',NULL,'{\"1\":{\"title\":\"Lorem Ipsum is simply dummy\",\"year\":\"2020\"}}',NULL,'ahsan-mumtaz-hospital-islamabad.jpg','1600410513-download (8).jpg',NULL,NULL,'Lorem Ipsum is simply dummy text of the printing and',NULL,'Lorem Ipsum is simply dummy text of the printing and',NULL,NULL,NULL,NULL,NULL,NULL,NULL,NULL,'{\"registration_number\":\"45454545454\",\"registration_document\":\"1599130907-8.jpg\"}',NULL,NULL,NULL,NULL,'[\"1599130893-7.jpg\"]','main street road',NULL,NULL,0,NULL,NULL,'[\"wed\",\"thu\",\"fri\",\"sat\",\"sun\"]','24-hour',NULL,500,NULL,'2020-09-03 11:01:33','2020-09-18 06:28:33','[\"1599130937-8.jpg\",\"1600410059-download (5).jpg\",\"1600410059-download (6).jpg\",\"1600410059-download (7).jpg\",\"1600410059-download (8).jpg\",\"download (9).jpg\"]','[{\"url\":\"https:\\/\\/www.youtube.com\\/watch?v=jeioEVOZSy4\"},{\"url\":\"https:\\/\\/www.youtube.com\\/watch?v=jeioEVOZSy4\"},{\"url\":\"https:\\/\\/www.youtube.com\\/watch?v=jeioEVOZSy4\"}]','off','off','on','off','off','[null,null]','2020-09-15 06:23:24','{\"from_fees\":\"400\",\"to_fees\":\"9000\"}',5.00,'[{\"question\":\"How can I book an appointment with a doctor in  Hospital,?\",\"answer\":\"to book an appointment with a top doctor in Hospital Or, you can also call at 0345-0435621 from 9AM to 11PM to book your appointment.\"},{\"question\":\"Which specialists are available at Hospital?\",\"answer\":\"Gynecologist in Khairunnisa Hospital\\r\\nObstetrician in Khairunnisa Hospital\\r\\nGastroenterologist in Khairunnisa Hospital\\r\\nDiabetologist in Khairunnisa Hospital\\r\\nCardiologist in Khairunnisa Hospital\\r\\nInternal Medicine Specialist in Khairunnisa Hospital\"}]','{\"hospital_icu\":true,\"hospital_emergency\":true,\"hospital_ventilator\":true,\"hospital_24_service\":true,\"ambulance\":false,\"waiting_lounge\":false,\"laboratory\":true,\"pharmacy\":false,\"blood_bank\":false,\"atm\":false,\"car_parking\":true,\"cafeteria\":true}',NULL,NULL,NULL,NULL,NULL,NULL),(187,275,NULL,NULL,'[{\"title\":\"Lorem Ipsum is simply dummy text of the printing and\"},{\"title\":\"Lorem Ipsum is simply dummy text of the printing and\"},{\"title\":\"Lorem Ipsum is simply dummy text of the printing and\"}]',NULL,'{\"1\":{\"title\":\"sunlight\",\"year\":\"2020\"}}',NULL,'al-razi-health-care-hospital-rawalpindi.jpg','1600410560-download (8).jpg',NULL,NULL,NULL,NULL,NULL,NULL,NULL,NULL,NULL,NULL,NULL,NULL,NULL,'{\"registration_number\":\"2323232323\",\"registration_document\":\"1599131020-8.jpg\"}',NULL,NULL,NULL,NULL,'[\"1599131008-7.jpg\"]','main street road',NULL,NULL,0,NULL,NULL,'[\"mon\",\"wed\",\"sat\",\"sun\"]','{\"start_time\":\"23:47\",\"end_time\":\"10:50\"}',NULL,NULL,NULL,'2020-09-03 11:03:28','2020-09-18 06:29:20','[\"1599131046-6.jpg\",\"1600410070-download (5).jpg\",\"1600410070-download (6).jpg\",\"1600410070-download (7).jpg\",\"1600410070-download (8).jpg\",\"1600410070-download (9).jpg\"]','[{\"url\":\"Lorem Ipsum is simply dummy text of the printing and\"},{\"url\":\"Lorem Ipsum is simply dummy text of the printing and\"},{\"url\":\"Lorem Ipsum is simply dummy text of the printing and\"}]','off','off','on','off','off','[null,null]','2020-09-15 06:23:40','{\"from_fees\":\"1\",\"to_fees\":\"2\"}',NULL,'[{\"question\":\"How can I book an appointment with a doctor in  Hospital,?\",\"answer\":\"to book an appointment with a top doctor in Hospital Or, you can also call at 0345-0435621 from 9AM to 11PM to book your appointment.\"},{\"question\":\"What is the address of Hospital?\",\"answer\":\"located at 17-C, Civic Centre, C-Block,\"},{\"question\":\"Which specialists are available at Hospital?\",\"answer\":\"Gynecologist in Khairunnisa Hospital\\r\\nObstetrician in Khairunnisa Hospital\\r\\nGastroenterologist in Khairunnisa Hospital\\r\\nDiabetologist in Khairunnisa Hospital\\r\\nCardiologist in Khairunnisa Hospital\\r\\nInternal Medicine Specialist in Khairunnisa Hospital\"}]','{\"hospital_icu\":true,\"hospital_emergency\":true,\"hospital_ventilator\":true,\"hospital_24_service\":true,\"ambulance\":true,\"waiting_lounge\":false,\"laboratory\":true,\"pharmacy\":true,\"blood_bank\":true,\"atm\":false,\"car_parking\":true,\"cafeteria\":true}',NULL,NULL,NULL,NULL,NULL,NULL),(188,279,NULL,NULL,'[{\"title\":\"Lorem Ipsum is simply dummy text of the printing and\"},{\"title\":\"Lorem Ipsum is simply dummy text of the printing and\"},{\"title\":\"Lorem Ipsum is simply dummy text of the printing and\"}]',NULL,'{\"1\":{\"title\":\"sunlight\",\"year\":\"2020\"}}',NULL,'al-shafi-hospital-multan.jpg','1600410577-download (12).jpg',NULL,NULL,NULL,NULL,NULL,NULL,NULL,NULL,NULL,NULL,NULL,NULL,NULL,'{\"registration_number\":\"545454544\",\"registration_document\":\"7.jpg\"}',NULL,NULL,NULL,NULL,'[\"1600409985-a.jpg\"]','main street road',NULL,NULL,0,NULL,NULL,'[\"tue\",\"wed\",\"thu\",\"sat\",\"sun\"]','{\"start_time\":\"10:47\",\"end_time\":\"22:48\"}',NULL,600,NULL,'2020-09-03 11:04:47','2020-09-18 06:29:37','[\"1599131188-8.jpg\",\"1600410080-download (5).jpg\",\"1600410080-download (6).jpg\",\"1600410080-download (7).jpg\",\"1600410080-download (8).jpg\",\"1600410080-download (9).jpg\"]','[{\"url\":\"https:\\/\\/www.youtube.com\\/watch?v=jeioEVOZSy4\"},{\"url\":\"https:\\/\\/www.youtube.com\\/watch?v=jeioEVOZSy4\"},{\"url\":\"https:\\/\\/www.youtube.com\\/watch?v=jeioEVOZSy4\"}]','off','off','on','off','off','[null,null]','2020-09-15 06:23:55','{\"from_fees\":\"1000\",\"to_fees\":\"9000\"}',NULL,'[{\"question\":\"How can I book an appointment with a doctor in  Hospital,?\",\"answer\":\"to book an appointment with a top doctor in Hospital Or, you can also call at 0345-0435621 from 9AM to 11PM to book your appointment.\"},{\"question\":\"What is the address of Hospital?\",\"answer\":\"located at 17-C, Civic Centre, C-Block,\"},{\"question\":\"Which specialists are available at Hospital?\",\"answer\":\"Gynecologist in Khairunnisa Hospital\\r\\nObstetrician in Khairunnisa Hospital\\r\\nGastroenterologist in Khairunnisa Hospital\\r\\nDiabetologist in Khairunnisa Hospital\\r\\nCardiologist in Khairunnisa Hospital\\r\\nInternal Medicine Specialist in Khairunnisa Hospital\"}]','{\"hospital_icu\":true,\"hospital_emergency\":true,\"hospital_ventilator\":true,\"hospital_24_service\":true,\"ambulance\":false,\"waiting_lounge\":false,\"laboratory\":true,\"pharmacy\":true,\"blood_bank\":false,\"atm\":false,\"car_parking\":true,\"cafeteria\":true}',NULL,NULL,NULL,NULL,NULL,NULL),(189,278,NULL,NULL,'[{\"title\":\"Lorem Ipsum is simply dummy text of the printing and\"},{\"title\":\"Lorem Ipsum is simply dummy text of the printing and\"},{\"title\":\"Lorem Ipsum is simply dummy text of the printing and\"}]',NULL,'{\"1\":{\"title\":\"Lorem Ipsum is simply dummy\",\"year\":\"2020\"}}',NULL,'amber-medical-center-lahore.jpg','1600410590-download (5).jpg',NULL,NULL,NULL,NULL,NULL,NULL,NULL,NULL,NULL,NULL,NULL,NULL,NULL,'{\"registration_number\":\"6776676776\",\"registration_document\":\"9.jpg\"}',NULL,NULL,NULL,NULL,'[\"1599131265-4.jpg\"]','main street road',NULL,NULL,0,NULL,NULL,'[\"wed\",\"fri\",\"sat\"]','24-hour',NULL,300,NULL,'2020-09-03 11:07:45','2020-09-18 06:32:24','[\"1599131289-8.jpg\",\"1600410090-download (5).jpg\",\"1600410090-download (6).jpg\",\"1600410090-download (7).jpg\",\"1600410090-download (8).jpg\",\"1600410090-download (9).jpg\"]','[{\"url\":\"https:\\/\\/www.youtube.com\\/watch?v=jeioEVOZSy4\"},{\"url\":\"https:\\/\\/www.youtube.com\\/watch?v=jeioEVOZSy4\"},{\"url\":\"https:\\/\\/www.youtube.com\\/watch?v=jeioEVOZSy4\"}]','off','off','on','off','off','[null,null]','2020-09-15 06:24:09','{\"from_fees\":\"1000\",\"to_fees\":\"7000\"}',NULL,'[{\"question\":\"How can I book an appointment with a doctor in  Hospital,?\",\"answer\":\"to book an appointment with a top doctor in Hospital Or, you can also call at 0345-0435621 from 9AM to 11PM to book your appointment.\"},{\"question\":\"Which specialists are available at Hospital?\",\"answer\":\"Gynecologist in Khairunnisa Hospital\\r\\nObstetrician in Khairunnisa Hospital\\r\\nGastroenterologist in Khairunnisa Hospital\\r\\nDiabetologist in Khairunnisa Hospital\\r\\nCardiologist in Khairunnisa Hospital\\r\\nInternal Medicine Specialist in Khairunnisa Hospital\"}]','{\"hospital_icu\":true,\"hospital_emergency\":true,\"hospital_ventilator\":true,\"hospital_24_service\":true,\"ambulance\":true,\"waiting_lounge\":true,\"laboratory\":true,\"pharmacy\":true,\"blood_bank\":true,\"atm\":true,\"car_parking\":true,\"cafeteria\":true}',NULL,NULL,NULL,NULL,NULL,NULL),(190,270,NULL,NULL,'[{\"title\":\"Lorem Ipsum is simply dummy text of the printing and\"},{\"title\":\"Lorem Ipsum is simply dummy text of the printing and\"},{\"title\":\"Lorem Ipsum is simply dummy text of the printing and\"}]',NULL,'{\"1\":{\"title\":\"Lorem Ipsum is simply dummy text of\",\"year\":\"2020\"}}',NULL,'ammar-medical-complex-hospital-islamabad.jpg','1600411095-download (14).jpg',NULL,NULL,NULL,NULL,NULL,NULL,NULL,NULL,NULL,NULL,NULL,NULL,NULL,'{\"registration_number\":\"65656565\",\"registration_document\":\"1599131353-8.jpg\"}',NULL,NULL,NULL,NULL,'[\"1599131339-b.jpg\"]','main street road',NULL,NULL,0,NULL,NULL,'[\"mon\",\"wed\",\"sat\"]','{\"start_time\":\"01:51\",\"end_time\":\"23:49\"}',NULL,800,NULL,'2020-09-03 11:08:59','2020-09-18 06:38:15','[\"1599131382-8.jpg\",\"1600410806-download (6).jpg\",\"1600410806-download (7).jpg\",\"1600410806-download (8).jpg\",\"download (9).jpg\"]','[{\"url\":\"https:\\/\\/www.youtube.com\\/watch?v=jeioEVOZSy4\"},{\"url\":\"https:\\/\\/www.youtube.com\\/watch?v=jeioEVOZSy4\"},{\"url\":\"https:\\/\\/www.youtube.com\\/watch?v=jeioEVOZSy4\"}]','off','off','on','off','off','[null,null]','2020-09-15 06:24:26','{\"from_fees\":\"1000\",\"to_fees\":\"70000\"}',NULL,'[{\"question\":\"How can I book an appointment with a doctor in  Hospital,?\",\"answer\":\"to book an appointment with a top doctor in Hospital Or, you can also call at 0345-0435621 from 9AM to 11PM to book your appointment.\"},{\"question\":\"Which specialists are available at Hospital?\",\"answer\":\"Gynecologist in Khairunnisa Hospital\\r\\nObstetrician in Khairunnisa Hospital\\r\\nGastroenterologist in Khairunnisa Hospital\\r\\nDiabetologist in Khairunnisa Hospital\\r\\nCardiologist in Khairunnisa Hospital\\r\\nInternal Medicine Specialist in Khairunnisa Hospital\"}]','{\"hospital_icu\":true,\"hospital_emergency\":true,\"hospital_ventilator\":true,\"hospital_24_service\":true,\"ambulance\":false,\"waiting_lounge\":false,\"laboratory\":true,\"pharmacy\":true,\"blood_bank\":false,\"atm\":false,\"car_parking\":false,\"cafeteria\":true}',NULL,NULL,NULL,NULL,NULL,NULL),(191,277,NULL,NULL,'[{\"title\":\"Lorem Ipsum is simply dummy text of the printing and\"},{\"title\":\"Lorem Ipsum is simply dummy text of the printing and\"},{\"title\":\"Lorem Ipsum is simply dummy text of the printing and\"}]',NULL,'{\"1\":{\"title\":\"Lorem Ipsum is simply dumm\",\"year\":\"2020\"}}',NULL,'chugtai-medical-center-multan.jpg','1600411083-download (5).jpg',NULL,NULL,NULL,NULL,NULL,NULL,NULL,NULL,NULL,NULL,NULL,NULL,NULL,'{\"registration_number\":\"65656565\",\"registration_document\":\"1599131445-9.jpg\"}',NULL,NULL,NULL,NULL,'[\"1599131433-8.jpg\"]','main street road',NULL,NULL,0,NULL,NULL,'[\"tue\",\"wed\",\"thu\",\"sat\"]','{\"start_time\":\"11:49\",\"end_time\":\"22:48\"}',NULL,600,NULL,'2020-09-03 11:10:33','2020-09-18 06:38:03','[\"1599131471-1.jpg\",\"1600410818-download (6).jpg\",\"1600410818-download (7).jpg\",\"1600410818-download (8).jpg\",\"1600410818-download (9).jpg\"]','[{\"url\":\"https:\\/\\/www.youtube.com\\/watch?v=jeioEVOZSy4\"},{\"url\":\"https:\\/\\/www.youtube.com\\/watch?v=jeioEVOZSy4\"},{\"url\":\"https:\\/\\/www.youtube.com\\/watch?v=jeioEVOZSy4\"}]','off','off','on','off','off','[null,null]','2020-09-15 06:24:38','{\"from_fees\":\"1000\",\"to_fees\":\"8000\"}',NULL,'[{\"question\":\"How can I book an appointment with a doctor in  Hospital,?\",\"answer\":\"to book an appointment with a top doctor in Hospital Or, you can also call at 0345-0435621 from 9AM to 11PM to book your appointment.\"},{\"question\":\"Which specialists are available at Hospital?\",\"answer\":\"Gynecologist in Khairunnisa Hospital\\r\\nObstetrician in Khairunnisa Hospital\\r\\nGastroenterologist in Khairunnisa Hospital\\r\\nDiabetologist in Khairunnisa Hospital\\r\\nCardiologist in Khairunnisa Hospital\\r\\nInternal Medicine Specialist in Khairunnisa Hospital\"}]','{\"hospital_icu\":true,\"hospital_emergency\":true,\"hospital_ventilator\":true,\"hospital_24_service\":true,\"ambulance\":true,\"waiting_lounge\":false,\"laboratory\":false,\"pharmacy\":true,\"blood_bank\":true,\"atm\":true,\"car_parking\":false,\"cafeteria\":false}',NULL,NULL,NULL,NULL,NULL,NULL),(192,281,NULL,NULL,'[{\"title\":\"Lorem Ipsum is simply dummy text of the printing and\"},{\"title\":\"Lorem Ipsum is simply dummy text of the printing and\"},{\"title\":\"Lorem Ipsum is simply dummy text of the printing and\"}]',NULL,'{\"1\":{\"title\":\"Lorem Ipsum is simply dummy\",\"year\":\"2020\"}}',NULL,'evercare-hospital-lahore.jpg','1600411069-download (14).jpg',NULL,NULL,'Lorem Ipsum is simply dummy text of the printing and',NULL,'Lorem Ipsum is simply dummy text of the printing and',NULL,NULL,NULL,NULL,NULL,NULL,NULL,NULL,'{\"registration_number\":\"5656565\",\"registration_document\":\"9.jpg\"}',NULL,NULL,NULL,NULL,'[\"1599131525-a.jpg\"]','main street road',NULL,NULL,0,NULL,NULL,'[\"mon\",\"tue\",\"wed\",\"sat\",\"sun\"]','{\"start_time\":\"02:52\",\"end_time\":\"13:51\"}',NULL,600,NULL,'2020-09-03 11:12:05','2020-09-18 06:37:49','[\"1599131598-b.jpg\",\"1600410828-download (11).jpg\",\"1600410828-download (12).jpg\",\"1600410828-download (13).jpg\",\"1600410828-download (14).jpg\"]','[{\"url\":\"https:\\/\\/www.youtube.com\\/watch?v=jeioEVOZSy4\"},{\"url\":\"https:\\/\\/www.youtube.com\\/watch?v=jeioEVOZSy4\"},{\"url\":\"https:\\/\\/www.youtube.com\\/watch?v=jeioEVOZSy4\"}]','off','off','on','off','off','[null,null]','2020-09-15 06:24:52','{\"from_fees\":\"1000\",\"to_fees\":\"8000\"}',NULL,'[{\"question\":\"How can I book an appointment with a doctor in  Hospital,?\",\"answer\":\"to book an appointment with a top doctor in Hospital Or, you can also call at 0345-0435621 from 9AM to 11PM to book your appointment.\"},{\"question\":\"Which specialists are available at Hospital?\",\"answer\":\"Gynecologist in Khairunnisa Hospital\\r\\nObstetrician in Khairunnisa Hospital\\r\\nGastroenterologist in Khairunnisa Hospital\\r\\nDiabetologist in Khairunnisa Hospital\\r\\nCardiologist in Khairunnisa Hospital\\r\\nInternal Medicine Specialist in Khairunnisa Hospital\"}]','{\"hospital_icu\":true,\"hospital_emergency\":true,\"hospital_ventilator\":true,\"hospital_24_service\":true,\"ambulance\":false,\"waiting_lounge\":true,\"laboratory\":true,\"pharmacy\":true,\"blood_bank\":true,\"atm\":false,\"car_parking\":false,\"cafeteria\":true}',NULL,NULL,NULL,NULL,NULL,NULL),(193,282,NULL,NULL,'[{\"title\":\"Lorem Ipsum is simply dummy text of the printing and\"},{\"title\":\"Lorem Ipsum is simply dummy text of the printing and\"},{\"title\":\"Lorem Ipsum is simply dummy text of the printing and\"}]',NULL,'{\"1\":{\"title\":\"Lorem Ipsum is simply dummy te\",\"year\":\"2020\"}}',NULL,'family-hospital-rawalpindi.jpg','1600411056-download (7).jpg',NULL,NULL,NULL,NULL,NULL,NULL,NULL,NULL,NULL,NULL,NULL,NULL,NULL,'{\"registration_number\":\"34343434\",\"registration_document\":\"1599131692-9.jpg\"}',NULL,NULL,NULL,NULL,'[\"1599131680-a.jpg\"]','main street road',NULL,NULL,0,NULL,NULL,'[\"tue\",\"wed\",\"thu\",\"fri\",\"sat\",\"sun\"]','{\"start_time\":\"22:49\",\"end_time\":\"00:51\"}',NULL,500,NULL,'2020-09-03 11:14:40','2020-09-18 06:37:36','[\"1599131734-1.jpg\",\"1600410839-download (5).jpg\",\"1600410839-download (6).jpg\",\"1600410839-download (7).jpg\",\"1600410839-download (8).jpg\",\"1600410839-download (9).jpg\"]','[{\"url\":\"https:\\/\\/www.youtube.com\\/watch?v=jeioEVOZSy4\"},{\"url\":\"https:\\/\\/www.youtube.com\\/watch?v=jeioEVOZSy4\"},{\"url\":\"https:\\/\\/www.youtube.com\\/watch?v=jeioEVOZSy4\"}]','off','off','on','off','off','[null,null]','2020-09-15 06:25:05','{\"from_fees\":\"1000\",\"to_fees\":\"80000\"}',NULL,'[{\"question\":\"How can I book an appointment with a doctor in  Hospital,?\",\"answer\":\"to book an appointment with a top doctor in Hospital Or, you can also call at 0345-0435621 from 9AM to 11PM to book your appointment.\"},{\"question\":\"Which specialists are available at Hospital?\",\"answer\":\"Gynecologist in Khairunnisa Hospital\\r\\nObstetrician in Khairunnisa Hospital\\r\\nGastroenterologist in Khairunnisa Hospital\\r\\nDiabetologist in Khairunnisa Hospital\\r\\nCardiologist in Khairunnisa Hospital\\r\\nInternal Medicine Specialist in Khairunnisa Hospital\"}]','{\"hospital_icu\":true,\"hospital_emergency\":true,\"hospital_ventilator\":true,\"hospital_24_service\":true,\"ambulance\":false,\"waiting_lounge\":true,\"laboratory\":true,\"pharmacy\":false,\"blood_bank\":false,\"atm\":false,\"car_parking\":true,\"cafeteria\":true}',NULL,NULL,NULL,NULL,NULL,NULL),(194,286,NULL,NULL,'[{\"title\":\"Lorem Ipsum is simply dummy text of the printing and\"},{\"title\":\"Lorem Ipsum is simply dummy text of the printing and\"},{\"title\":\"Lorem Ipsum is simply dummy text of the printing and\"}]',NULL,'{\"1\":{\"title\":\"Lorem Ipsum is simply dummy tex\",\"year\":\"2020\"}}',NULL,'farooq-hospital-karachi.jpg','1600411044-download (11).jpg',NULL,NULL,NULL,NULL,NULL,NULL,NULL,NULL,NULL,NULL,NULL,NULL,NULL,'{\"registration_number\":\"332232332\",\"registration_document\":\"1599131824-b.jpg\"}',NULL,NULL,NULL,NULL,'[\"7.jpg\"]','main street road',NULL,NULL,0,NULL,NULL,'[\"tue\",\"wed\",\"thu\",\"sat\",\"sun\"]','24-hour',NULL,600,NULL,'2020-09-03 11:16:51','2020-09-18 06:37:24','[\"1599131852-8.jpg\",\"1600410848-download (5).jpg\",\"1600410848-download (6).jpg\",\"1600410848-download (7).jpg\",\"1600410848-download (8).jpg\",\"1600410848-download (9).jpg\"]','[{\"url\":\"https:\\/\\/www.youtube.com\\/watch?v=jeioEVOZSy4\"},{\"url\":\"https:\\/\\/www.youtube.com\\/watch?v=jeioEVOZSy4\"},{\"url\":\"https:\\/\\/www.youtube.com\\/watch?v=jeioEVOZSy4\"}]','off','off','on','off','off','[null,null]','2020-09-15 06:25:15','{\"from_fees\":\"2000\",\"to_fees\":\"12000\"}',NULL,'[{\"question\":\"How can I book an appointment with a doctor in  Hospital,?\",\"answer\":\"to book an appointment with a top doctor in Hospital Or, you can also call at 0345-0435621 from 9AM to 11PM to book your appointment.\"},{\"question\":\"Which specialists are available at Hospital?\",\"answer\":\"Gynecologist in Khairunnisa Hospital\\r\\nObstetrician in Khairunnisa Hospital\\r\\nGastroenterologist in Khairunnisa Hospital\\r\\nDiabetologist in Khairunnisa Hospital\\r\\nCardiologist in Khairunnisa Hospital\\r\\nInternal Medicine Specialist in Khairunnisa Hospital\"}]','{\"hospital_icu\":true,\"hospital_emergency\":true,\"hospital_ventilator\":true,\"hospital_24_service\":true,\"ambulance\":true,\"waiting_lounge\":false,\"laboratory\":false,\"pharmacy\":true,\"blood_bank\":true,\"atm\":false,\"car_parking\":false,\"cafeteria\":true}',NULL,NULL,NULL,NULL,NULL,NULL),(195,NULL,NULL,NULL,NULL,NULL,NULL,NULL,NULL,NULL,NULL,NULL,NULL,NULL,NULL,NULL,NULL,NULL,NULL,NULL,NULL,NULL,NULL,NULL,NULL,NULL,NULL,NULL,NULL,NULL,NULL,NULL,0,NULL,NULL,NULL,NULL,NULL,NULL,NULL,'2020-09-03 11:21:44','2020-09-03 11:21:44',NULL,NULL,NULL,NULL,NULL,NULL,NULL,NULL,NULL,NULL,NULL,'[{\"question\":\"Lorem Ipsum is simply dummy text of the printing and\",\"answer\":\"Lorem Ipsum is simply dummy text of the printing and\"},{\"question\":\"Lorem Ipsum is simply dummy text of the printing and\",\"answer\":\"Lorem Ipsum is simply dummy text of the printing and\"}]',NULL,NULL,NULL,NULL,NULL,NULL,NULL),(196,134,NULL,NULL,'[{\"title\":\"reliable turnaround times.\"},{\"title\":\"accurate testing with fast\"},{\"title\":\"To be the best medical laboratory by offering high quality, efficient\"}]',NULL,'{\"1\":{\"title\":\"To be the best medical laboratory by offering high quality,\",\"year\":\"2020\"}}',NULL,'al-razi-healthcare-lablab-lahore.jpg','1600411789-download (16).jpg',NULL,NULL,'Lorem Ipsum is simply dummy text of the printing and',NULL,'Lorem Ipsum is simply dummy text of the printing and',NULL,NULL,NULL,NULL,NULL,NULL,NULL,NULL,'{\"registration_number\":\"545454545454\",\"registration_document\":\"8.jpg\"}',NULL,NULL,NULL,NULL,'[\"1599132150-8.jpg\"]','main road',NULL,NULL,0,NULL,NULL,NULL,'{\"start_time\":\"01:03\",\"end_time\":\"17:05\"}',NULL,400,NULL,'2020-09-03 11:21:56','2020-09-18 06:49:49','[\"1599132116-8.jpg\",\"1600326093-6.jpg\",\"1600326093-7.jpg\",\"1600326093-8.jpg\",\"1600326093-9.jpg\"]','[{\"url\":\"https:\\/\\/www.youtube.com\\/watch?v=jeioEVOZSy4\"},{\"url\":\"https:\\/\\/www.youtube.com\\/watch?v=jeioEVOZSy4\"},{\"url\":\"https:\\/\\/www.youtube.com\\/watch?v=jeioEVOZSy4\"},{\"url\":\"https:\\/\\/www.youtube.com\\/watch?v=jeioEVOZSy4\"},{\"url\":\"https:\\/\\/www.youtube.com\\/watch?v=jeioEVOZSy4\"}]','off','off','on','off','off','[null,null]','2020-09-03 12:41:26','{\"from_fees\":\"1000\",\"to_fees\":\"80000\"}',NULL,'[{\"question\":\"What is the experience of  Hospital Laboratory?\",\"answer\":\"Hospital Laboratory has 6 years of experience.\"},{\"question\":\"How much does  Lab charge & how do I pay?\",\"answer\":\"You will pay at the reception when you visit the doctor. There are no additional charges when you book through DoctorFindy\"}]',NULL,NULL,NULL,NULL,NULL,NULL,NULL),(197,135,NULL,NULL,'[{\"title\":\"reliable turnaround times.\"},{\"title\":\"accurate testing with fast\"},{\"title\":\"To be the best medical laboratory by offering high quality, efficient\"}]',NULL,'{\"1\":{\"title\":\"To be the best medical laboratory by offering high quality,\",\"year\":\"2020\"}}',NULL,'alnoor-diagnostic-centre-lab-islamabad.jpg','1600411806-download (19).jpg',NULL,NULL,'Lorem Ipsum is simply dummy text of the printing and',NULL,'Lorem Ipsum is simply dummy text of the printing and',NULL,NULL,NULL,NULL,NULL,NULL,NULL,NULL,'{\"registration_number\":\"5545545454\",\"registration_document\":\"1599132231-4.jpg\"}',NULL,NULL,NULL,NULL,'[\"1599132244-8.jpg\"]','main road',NULL,NULL,0,NULL,NULL,NULL,'{\"start_time\":\"02:06\",\"end_time\":\"13:01\"}',NULL,500,NULL,'2020-09-03 11:23:07','2020-09-18 06:50:06','[\"1600411542-download (15).jpg\",\"1600411542-download (17).jpg\",\"1600411542-download (18).jpg\",\"1600411542-download (19).jpg\",\"1600411542-download.jpg\"]','[{\"url\":\"https:\\/\\/www.youtube.com\\/watch?v=jeioEVOZSy4\"},{\"url\":\"https:\\/\\/www.youtube.com\\/watch?v=jeioEVOZSy4\"},{\"url\":\"https:\\/\\/www.youtube.com\\/watch?v=jeioEVOZSy4\"}]','off','off','on','off','off','[null,null]','2020-09-15 06:32:52','{\"from_fees\":\"1000\",\"to_fees\":\"90000\"}',NULL,'[{\"question\":\"What is the experience of  Hospital Laboratory?\",\"answer\":\"Hospital Laboratory has 6 years of experience.\"},{\"question\":\"How much does  Lab charge & how do I pay?\",\"answer\":\"You will pay at the reception when you visit the doctor. There are no additional charges when you book through DoctorFindy\"}]',NULL,NULL,NULL,NULL,NULL,NULL,NULL),(198,NULL,NULL,NULL,NULL,NULL,NULL,NULL,NULL,NULL,NULL,NULL,NULL,NULL,NULL,NULL,NULL,NULL,NULL,NULL,NULL,NULL,NULL,NULL,NULL,NULL,NULL,NULL,NULL,NULL,NULL,NULL,0,NULL,NULL,NULL,NULL,NULL,NULL,NULL,'2020-09-03 11:24:34','2020-09-03 11:24:34',NULL,NULL,NULL,NULL,NULL,NULL,NULL,NULL,NULL,NULL,NULL,'[{\"question\":\"Lorem Ipsum is simply dummy text of the printing and\",\"answer\":\"Lorem Ipsum is simply dummy text of the printing and\"},{\"question\":\"Lorem Ipsum is simply dummy text of the printing and\",\"answer\":\"Lorem Ipsum is simply dummy text of the printing and\"}]',NULL,NULL,NULL,NULL,NULL,NULL,NULL),(199,137,NULL,NULL,'[{\"title\":\"reliable turnaround times.\"},{\"title\":\"accurate testing with fast\"},{\"title\":\"To be the best medical laboratory by offering high quality, efficient\"}]',NULL,'{\"1\":{\"title\":\"To be the best medical laboratory by offering high quality,\",\"year\":\"2020\"}}',NULL,'punjab-clinic-of-radiology-lab-rawalpindi.jpg','1600411821-download (16).jpg',NULL,NULL,NULL,NULL,NULL,NULL,NULL,NULL,NULL,NULL,NULL,NULL,NULL,'{\"registration_number\":\"4444443443333\",\"registration_document\":\"1599132312-b.jpg\"}',NULL,NULL,NULL,NULL,'[\"1599132332-4.jpg\"]','main road',NULL,NULL,0,NULL,NULL,NULL,'{\"start_time\":\"03:03\",\"end_time\":\"13:01\"}',NULL,500,NULL,'2020-09-03 11:24:51','2020-09-18 06:50:21','{\"0\":\"1600326151-7.jpg\",\"1\":\"1600326151-6.jpg\",\"3\":\"1600326151-8.jpg\",\"4\":\"1600326151-9.jpg\"}','[{\"url\":\"https:\\/\\/www.youtube.com\\/watch?v=jeioEVOZSy4\"},{\"url\":\"https:\\/\\/www.youtube.com\\/watch?v=jeioEVOZSy4\"},{\"url\":\"https:\\/\\/www.youtube.com\\/watch?v=jeioEVOZSy4\"}]','off','off','on','off','off','[null,null]','2020-09-15 06:33:03','{\"from_fees\":\"1000\",\"to_fees\":\"80000\"}',NULL,'[{\"question\":\"What is the experience of  Hospital Laboratory?\",\"answer\":\"Hospital Laboratory has 6 years of experience.\"},{\"question\":\"How much does  Lab charge & how do I pay?\",\"answer\":\"You will pay at the reception when you visit the doctor. There are no additional charges when you book through DoctorFindy\"}]',NULL,NULL,NULL,NULL,NULL,NULL,NULL),(200,NULL,NULL,NULL,NULL,NULL,NULL,NULL,NULL,NULL,NULL,NULL,NULL,NULL,NULL,NULL,NULL,NULL,NULL,NULL,NULL,NULL,NULL,NULL,NULL,NULL,NULL,NULL,NULL,NULL,NULL,NULL,0,NULL,NULL,NULL,NULL,NULL,NULL,NULL,'2020-09-03 11:26:24','2020-09-03 11:26:24',NULL,NULL,NULL,NULL,NULL,NULL,NULL,NULL,NULL,NULL,NULL,'[{\"question\":\"Lorem Ipsum is simply dummy text of the printing and\",\"answer\":\"Lorem Ipsum is simply dummy text of the printing and\"},{\"question\":\"Lorem Ipsum is simply dummy text of the printing and\",\"answer\":\"Lorem Ipsum is simply dummy text of the printing and\"}]',NULL,NULL,NULL,NULL,NULL,NULL,NULL),(201,136,NULL,NULL,'[{\"title\":\"To be the best medical laboratory by offering high quality, efficient\"},{\"title\":\"accurate testing with fast\"},{\"title\":\"reliable turnaround times.\"}]',NULL,'{\"1\":{\"title\":\"To be the best medical laboratory by offering high quality,\",\"year\":\"2020\"}}',NULL,'shalamar-hospital-lab-multan.jpg','1600411837-download (18).jpg',NULL,NULL,'Lorem Ipsum is simply dummy text of the printing and',NULL,'Lorem Ipsum is simply dummy text of the printing and',NULL,NULL,NULL,NULL,NULL,NULL,NULL,NULL,'{\"registration_number\":\"23232323\",\"registration_document\":\"1599132426-a.jpg\"}',NULL,NULL,NULL,NULL,'[\"1599132441-a.jpg\"]','main road',NULL,NULL,0,NULL,NULL,NULL,'{\"start_time\":\"17:05\",\"end_time\":\"02:02\"}',NULL,500,NULL,'2020-09-03 11:26:42','2020-09-18 06:50:37','[\"1600411571-download (15).jpg\",\"1600411571-download (16).jpg\",\"1600411571-download (17).jpg\",\"1600411571-download (18).jpg\",\"1600411571-download (19).jpg\"]','[{\"url\":\"https:\\/\\/www.youtube.com\\/watch?v=jeioEVOZSy4\"},{\"url\":\"https:\\/\\/www.youtube.com\\/watch?v=jeioEVOZSy4\"},{\"url\":\"https:\\/\\/www.youtube.com\\/watch?v=jeioEVOZSy4\"}]','off','off','on','off','off','[null,null]','2020-09-15 06:33:12','{\"from_fees\":\"100\",\"to_fees\":\"10000\"}',NULL,'[{\"question\":\"What is the experience of  Hospital Laboratory?\",\"answer\":\"Hospital Laboratory has 6 years of experience.\"},{\"question\":\"How much does  Lab charge & how do I pay?\",\"answer\":\"You will pay at the reception when you visit the doctor. There are no additional charges when you book through DoctorFindy\"}]',NULL,NULL,NULL,NULL,NULL,NULL,NULL);
/*!40000 ALTER TABLE `user_metas` ENABLE KEYS */;
UNLOCK TABLES;

--
-- Table structure for table `user_procedure`
--

DROP TABLE IF EXISTS `user_procedure`;
/*!40101 SET @saved_cs_client     = @@character_set_client */;
/*!50503 SET character_set_client = utf8mb4 */;
CREATE TABLE `user_procedure` (
  `id` int NOT NULL AUTO_INCREMENT,
  `prodedure_id` varchar(50) DEFAULT NULL,
  `user_id` varchar(50) DEFAULT NULL,
  `created_at` timestamp NULL DEFAULT NULL,
  `updated_at` timestamp NULL DEFAULT NULL,
  PRIMARY KEY (`id`)
) ENGINE=InnoDB AUTO_INCREMENT=625 DEFAULT CHARSET=latin1;
/*!40101 SET character_set_client = @saved_cs_client */;

--
-- Dumping data for table `user_procedure`
--

LOCK TABLES `user_procedure` WRITE;
/*!40000 ALTER TABLE `user_procedure` DISABLE KEYS */;
INSERT INTO `user_procedure` VALUES (140,'45','221',NULL,NULL),(141,'45','275',NULL,NULL),(158,'54','282',NULL,NULL),(159,'54','222',NULL,NULL),(165,'58','218',NULL,NULL),(166,'58','281',NULL,NULL),(169,'60','219',NULL,NULL),(170,'60','281',NULL,NULL),(171,'61','219',NULL,NULL),(172,'61','281',NULL,NULL),(173,'62','218',NULL,NULL),(174,'62','282',NULL,NULL),(175,'63','219',NULL,NULL),(176,'63','281',NULL,NULL),(177,'64','219',NULL,NULL),(178,'64','282',NULL,NULL),(181,'66','219',NULL,NULL),(182,'66','281',NULL,NULL),(183,'67','219',NULL,NULL),(184,'67','281',NULL,NULL),(189,'70','219',NULL,NULL),(190,'70','281',NULL,NULL),(191,'71','246',NULL,NULL),(192,'71','281',NULL,NULL),(193,'72','219',NULL,NULL),(194,'72','281',NULL,NULL),(201,'76','220',NULL,NULL),(202,'76','277',NULL,NULL),(203,'77','219',NULL,NULL),(204,'77','282',NULL,NULL),(205,'78','282',NULL,NULL),(206,'78','246',NULL,NULL),(207,'79','219',NULL,NULL),(208,'79','277',NULL,NULL),(209,'80','219',NULL,NULL),(210,'80','281',NULL,NULL),(215,'83','219',NULL,NULL),(216,'83','281',NULL,NULL),(217,'84','118',NULL,NULL),(218,'84','218',NULL,NULL),(219,'85','218',NULL,NULL),(220,'85','281',NULL,NULL),(223,'87','219',NULL,NULL),(224,'87','281',NULL,NULL),(227,'89','218',NULL,NULL),(228,'89','115',NULL,NULL),(229,'90','281',NULL,NULL),(230,'90','246',NULL,NULL),(231,'91','121',NULL,NULL),(232,'91','246',NULL,NULL),(233,'92','222',NULL,NULL),(234,'92','282',NULL,NULL),(235,'93','219',NULL,NULL),(236,'93','282',NULL,NULL),(237,'94','219',NULL,NULL),(238,'94','286',NULL,NULL),(239,'95','222',NULL,NULL),(240,'95','282',NULL,NULL),(241,'96','277',NULL,NULL),(242,'96','246',NULL,NULL),(243,'97','121',NULL,NULL),(244,'97','219',NULL,NULL),(245,'98','219',NULL,NULL),(246,'98','277',NULL,NULL),(247,'99','277',NULL,NULL),(248,'99','219',NULL,NULL),(249,'100','262',NULL,NULL),(250,'100','121',NULL,NULL),(257,'104','222',NULL,NULL),(258,'104','282',NULL,NULL),(259,'105','222',NULL,NULL),(260,'105','219',NULL,NULL),(261,'106','285',NULL,NULL),(262,'106','218',NULL,NULL),(265,'108','285',NULL,NULL),(266,'108','222',NULL,NULL),(269,'110','245',NULL,NULL),(270,'110','310',NULL,NULL),(271,'111','223',NULL,NULL),(272,'111','281',NULL,NULL),(273,'112','262',NULL,NULL),(274,'112','223',NULL,NULL),(275,'113','223',NULL,NULL),(276,'113','258',NULL,NULL),(277,'114','219',NULL,NULL),(278,'114','285',NULL,NULL),(279,'115','223',NULL,NULL),(280,'115','281',NULL,NULL),(281,'116','121',NULL,NULL),(282,'116','281',NULL,NULL),(283,'117','245',NULL,NULL),(284,'117','310',NULL,NULL),(285,'118','219',NULL,NULL),(286,'118','281',NULL,NULL),(287,'119','219',NULL,NULL),(288,'119','281',NULL,NULL),(289,'120','281',NULL,NULL),(290,'120','218',NULL,NULL),(291,'121','245',NULL,NULL),(292,'121','310',NULL,NULL),(293,'122','281',NULL,NULL),(294,'122','223',NULL,NULL),(295,'123','219',NULL,NULL),(296,'123','281',NULL,NULL),(297,'124','245',NULL,NULL),(298,'124','310',NULL,NULL),(299,'125','219',NULL,NULL),(300,'125','281',NULL,NULL),(301,'126','219',NULL,NULL),(302,'126','258',NULL,NULL),(303,'127','245',NULL,NULL),(304,'127','310',NULL,NULL),(305,'128','219',NULL,NULL),(306,'128','223',NULL,NULL),(307,'129','121',NULL,NULL),(308,'129','220',NULL,NULL),(309,'130','245',NULL,NULL),(310,'130','310',NULL,NULL),(311,'131','223',NULL,NULL),(312,'131','282',NULL,NULL),(313,'132','219',NULL,NULL),(314,'132','258',NULL,NULL),(315,'133','262',NULL,NULL),(316,'133','223',NULL,NULL),(317,'134','219',NULL,NULL),(318,'134','258',NULL,NULL),(319,'135','262',NULL,NULL),(320,'135','223',NULL,NULL),(321,'136','262',NULL,NULL),(322,'136','223',NULL,NULL),(323,'137','245',NULL,NULL),(324,'137','261',NULL,NULL),(325,'138','222',NULL,NULL),(326,'138','282',NULL,NULL),(327,'139','286',NULL,NULL),(328,'139','222',NULL,NULL),(329,'140','219',NULL,NULL),(330,'140','258',NULL,NULL),(331,'141','121',NULL,NULL),(332,'141','221',NULL,NULL),(333,'142','262',NULL,NULL),(334,'142','223',NULL,NULL),(337,'144','223',NULL,NULL),(338,'144','281',NULL,NULL),(339,'145','219',NULL,NULL),(340,'145','281',NULL,NULL),(341,'146','219',NULL,NULL),(342,'146','258',NULL,NULL),(343,'147','219',NULL,NULL),(344,'147','281',NULL,NULL),(347,'149','223',NULL,NULL),(348,'149','258',NULL,NULL),(349,'150','262',NULL,NULL),(350,'150','285',NULL,NULL),(351,'151','223',NULL,NULL),(352,'151','277',NULL,NULL),(353,'152','277',NULL,NULL),(354,'152','119',NULL,NULL),(357,'154','245',NULL,NULL),(358,'154','219',NULL,NULL),(361,'156','245',NULL,NULL),(362,'156','266',NULL,NULL),(363,'157','219',NULL,NULL),(364,'157','119',NULL,NULL),(365,'158','219',NULL,NULL),(366,'158','266',NULL,NULL),(367,'159','219',NULL,NULL),(368,'159','119',NULL,NULL),(369,'160','119',NULL,NULL),(370,'160','222',NULL,NULL),(371,'161','119',NULL,NULL),(372,'161','245',NULL,NULL),(373,'162','223',NULL,NULL),(374,'162','258',NULL,NULL),(375,'163','119',NULL,NULL),(376,'163','266',NULL,NULL),(377,'164','219',NULL,NULL),(378,'164','266',NULL,NULL),(379,'165','223',NULL,NULL),(380,'165','258',NULL,NULL),(381,'166','261',NULL,NULL),(382,'166','245',NULL,NULL),(383,'167','121',NULL,NULL),(384,'167','221',NULL,NULL),(385,'168','223',NULL,NULL),(386,'168','258',NULL,NULL),(387,'169','119',NULL,NULL),(388,'169','222',NULL,NULL),(389,'170','121',NULL,NULL),(390,'170','221',NULL,NULL),(391,'171','219',NULL,NULL),(392,'171','223',NULL,NULL),(393,'172','223',NULL,NULL),(394,'172','281',NULL,NULL),(395,'173','281',NULL,NULL),(396,'173','219',NULL,NULL),(397,'174','219',NULL,NULL),(398,'174','245',NULL,NULL),(399,'175','281',NULL,NULL),(400,'176','219',NULL,NULL),(401,'176','281',NULL,NULL),(402,'177','245',NULL,NULL),(403,'178','245',NULL,NULL),(404,'178','275',NULL,NULL),(405,'179','219',NULL,NULL),(406,'179','281',NULL,NULL),(407,'180','245',NULL,NULL),(408,'180','275',NULL,NULL),(409,'181','219',NULL,NULL),(410,'181','281',NULL,NULL),(411,'182','219',NULL,NULL),(412,'182','281',NULL,NULL),(413,'183','219',NULL,NULL),(414,'183','281',NULL,NULL),(415,'184','218',NULL,NULL),(416,'184','281',NULL,NULL),(417,'185','219',NULL,NULL),(418,'185','281',NULL,NULL),(419,'186','219',NULL,NULL),(420,'186','277',NULL,NULL),(421,'187','281',NULL,NULL),(422,'187','246',NULL,NULL),(423,'188','121',NULL,NULL),(424,'188','281',NULL,NULL),(425,'189','219',NULL,NULL),(426,'189','281',NULL,NULL),(427,'190','262',NULL,NULL),(428,'190','285',NULL,NULL),(429,'191','111',NULL,NULL),(430,'191','245',NULL,NULL),(431,'192','112',NULL,NULL),(432,'192','245',NULL,NULL),(433,'193','113',NULL,NULL),(434,'193','281',NULL,NULL),(435,'194','113',NULL,NULL),(436,'194','281',NULL,NULL),(437,'195','219',NULL,NULL),(438,'195','281',NULL,NULL),(439,'196','223',NULL,NULL),(440,'196','258',NULL,NULL),(441,'197','281',NULL,NULL),(442,'197','245',NULL,NULL),(443,'198','219',NULL,NULL),(444,'198','281',NULL,NULL),(445,'199','223',NULL,NULL),(446,'199','281',NULL,NULL),(447,'200','245',NULL,NULL),(448,'200','273',NULL,NULL),(449,'201','275',NULL,NULL),(450,'201','310',NULL,NULL),(451,'202','277',NULL,NULL),(452,'202','281',NULL,NULL),(453,'203','246',NULL,NULL),(454,'203','281',NULL,NULL),(455,'204','223',NULL,NULL),(456,'204','258',NULL,NULL),(457,'205','111',NULL,NULL),(458,'205','263',NULL,NULL),(459,'206','112',NULL,NULL),(460,'206','263',NULL,NULL),(461,'207','113',NULL,NULL),(462,'207','263',NULL,NULL),(463,'208','113',NULL,NULL),(464,'208','263',NULL,NULL),(465,'209','120',NULL,NULL),(466,'209','263',NULL,NULL),(467,'210','111',NULL,NULL),(468,'210','281',NULL,NULL),(469,'211','219',NULL,NULL),(470,'211','281',NULL,NULL),(471,'212','119',NULL,NULL),(472,'212','222',NULL,NULL),(473,'213','245',NULL,NULL),(474,'213','222',NULL,NULL),(475,'214','119',NULL,NULL),(476,'214','266',NULL,NULL),(477,'215','118',NULL,NULL),(478,'215','281',NULL,NULL),(479,'216','262',NULL,NULL),(480,'216','281',NULL,NULL),(481,'217','245',NULL,NULL),(482,'217','273',NULL,NULL),(483,'218','220',NULL,NULL),(484,'218','267',NULL,NULL),(485,'219','121',NULL,NULL),(486,'219','221',NULL,NULL),(487,'220','246',NULL,NULL),(488,'220','281',NULL,NULL),(489,'221','222',NULL,NULL),(490,'221','282',NULL,NULL),(491,'222','222',NULL,NULL),(492,'222','286',NULL,NULL),(493,'223','245',NULL,NULL),(494,'223','310',NULL,NULL),(495,'224','219',NULL,NULL),(496,'224','281',NULL,NULL),(497,'225','223',NULL,NULL),(498,'225','258',NULL,NULL),(499,'226','245',NULL,NULL),(500,'226','275',NULL,NULL),(501,'227','219',NULL,NULL),(502,'227','281',NULL,NULL),(503,'228','219',NULL,NULL),(504,'228','281',NULL,NULL),(505,'229','281',NULL,NULL),(506,'229','219',NULL,NULL),(507,'230','261',NULL,NULL),(508,'230','310',NULL,NULL),(509,'231','281',NULL,NULL),(510,'231','121',NULL,NULL),(511,'232','246',NULL,NULL),(512,'232','266',NULL,NULL),(513,'233','245',NULL,NULL),(514,'233','275',NULL,NULL),(515,'234','219',NULL,NULL),(516,'234','281',NULL,NULL),(517,'235','219',NULL,NULL),(518,'235','121',NULL,NULL),(519,'236','219',NULL,NULL),(520,'236','258',NULL,NULL),(521,'237','222',NULL,NULL),(522,'237','282',NULL,NULL),(525,'239','222',NULL,NULL),(526,'239','266',NULL,NULL),(527,'240','119',NULL,NULL),(528,'240','266',NULL,NULL),(529,'241','119',NULL,NULL),(530,'241','222',NULL,NULL),(531,'242','111',NULL,NULL),(532,'242','263',NULL,NULL),(533,'243','281',NULL,NULL),(534,'243','121',NULL,NULL),(535,'244','245',NULL,NULL),(536,'244','310',NULL,NULL),(539,'246','219',NULL,NULL),(540,'246','281',NULL,NULL),(541,'247','119',NULL,NULL),(542,'247','245',NULL,NULL),(543,'248','119',NULL,NULL),(544,'248','266',NULL,NULL),(545,'249','245',NULL,NULL),(546,'249','275',NULL,NULL),(547,'250','222',NULL,NULL),(548,'250','282',NULL,NULL),(549,'251','222',NULL,NULL),(550,'251','286',NULL,NULL),(553,'253','219',NULL,NULL),(554,'253','281',NULL,NULL),(555,'238','220',NULL,NULL),(556,'238','281',NULL,NULL),(557,'245','219',NULL,NULL),(558,'245','281',NULL,NULL),(559,'47','281',NULL,NULL),(560,'47','246',NULL,NULL),(562,'254','219',NULL,NULL),(563,'254','118',NULL,NULL),(599,'46','275',NULL,NULL),(600,'53','282',NULL,NULL),(601,'53','222',NULL,NULL),(602,'52','281',NULL,NULL),(603,'52','222',NULL,NULL),(604,'50','281',NULL,NULL),(605,'49','281',NULL,NULL),(606,'40','281',NULL,NULL),(607,'39','267',NULL,NULL),(609,'35','270',NULL,NULL),(611,'33','275',NULL,NULL),(612,'38','267',NULL,NULL),(621,'34','270',NULL,NULL),(622,'34','278',NULL,NULL),(623,'37','279',NULL,NULL),(624,'37','278',NULL,NULL);
/*!40000 ALTER TABLE `user_procedure` ENABLE KEYS */;
UNLOCK TABLES;

--
-- Table structure for table `user_service`
--

DROP TABLE IF EXISTS `user_service`;
/*!40101 SET @saved_cs_client     = @@character_set_client */;
/*!50503 SET character_set_client = utf8mb4 */;
CREATE TABLE `user_service` (
  `id` bigint unsigned NOT NULL AUTO_INCREMENT,
  `user_id` int NOT NULL,
  `service_id` int NOT NULL,
  `speciality` int NOT NULL,
  `type` varchar(191) CHARACTER SET utf8mb4 COLLATE utf8mb4_unicode_ci DEFAULT NULL,
  `created_at` timestamp NULL DEFAULT NULL,
  `updated_at` timestamp NULL DEFAULT NULL,
  PRIMARY KEY (`id`)
) ENGINE=InnoDB AUTO_INCREMENT=721 DEFAULT CHARSET=utf8mb4 COLLATE=utf8mb4_unicode_ci;
/*!40101 SET character_set_client = @saved_cs_client */;

--
-- Dumping data for table `user_service`
--

LOCK TABLES `user_service` WRITE;
/*!40000 ALTER TABLE `user_service` DISABLE KEYS */;
INSERT INTO `user_service` VALUES (196,20,11,5,'hospital','2020-01-15 13:15:56','2020-01-15 13:15:56'),(197,20,3,5,'hospital','2020-01-15 13:15:56','2020-01-15 13:15:56'),(200,20,13,1,'hospital','2020-01-15 13:15:56','2020-01-15 13:15:56'),(201,20,10,4,'hospital','2020-01-15 13:15:56','2020-01-15 13:15:56'),(203,20,14,4,'hospital','2020-01-15 13:15:56','2020-01-15 13:15:56'),(207,26,2,6,'hospital',NULL,NULL),(208,26,2,13,'hospital',NULL,NULL),(476,275,13,1,'hospital',NULL,NULL),(481,270,13,1,'hospital',NULL,NULL),(484,267,4,2,'hospital',NULL,NULL),(487,277,13,1,'hospital',NULL,NULL),(488,278,13,1,'hospital',NULL,NULL),(489,279,13,1,'hospital',NULL,NULL),(491,281,4,2,'hospital',NULL,NULL),(492,282,13,1,'hospital',NULL,NULL),(494,284,13,1,'hospital',NULL,NULL),(497,286,13,1,'hospital',NULL,NULL),(699,240,13,1,'doctor',NULL,NULL),(700,240,14,4,'doctor',NULL,NULL),(701,235,6,3,'doctor',NULL,NULL),(702,235,4,2,'doctor',NULL,NULL),(703,248,6,3,'doctor',NULL,NULL),(704,248,14,2,'doctor',NULL,NULL),(705,253,11,5,'doctor',NULL,NULL),(706,253,11,34,'doctor',NULL,NULL),(707,237,10,3,'doctor',NULL,NULL),(708,237,3,2,'doctor',NULL,NULL),(709,224,4,3,'doctor',NULL,NULL),(711,244,25,30,'doctor',NULL,NULL),(712,244,25,2,'doctor',NULL,NULL),(713,241,6,3,'doctor',NULL,NULL),(714,241,2,6,'doctor',NULL,NULL),(717,251,16,31,'doctor',NULL,NULL),(718,251,11,5,'doctor',NULL,NULL),(719,222,25,30,'doctor',NULL,NULL),(720,222,13,1,'doctor',NULL,NULL);
/*!40000 ALTER TABLE `user_service` ENABLE KEYS */;
UNLOCK TABLES;

--
-- Table structure for table `user_speciality`
--

DROP TABLE IF EXISTS `user_speciality`;
/*!40101 SET @saved_cs_client     = @@character_set_client */;
/*!50503 SET character_set_client = utf8mb4 */;
CREATE TABLE `user_speciality` (
  `id` bigint unsigned NOT NULL AUTO_INCREMENT,
  `user_id` int NOT NULL,
  `speciality_id` int NOT NULL,
  `created_at` timestamp NULL DEFAULT NULL,
  `updated_at` timestamp NULL DEFAULT NULL,
  PRIMARY KEY (`id`)
) ENGINE=InnoDB AUTO_INCREMENT=391 DEFAULT CHARSET=utf8mb4 COLLATE=utf8mb4_unicode_ci;
/*!40101 SET character_set_client = @saved_cs_client */;

--
-- Dumping data for table `user_speciality`
--

LOCK TABLES `user_speciality` WRITE;
/*!40000 ALTER TABLE `user_speciality` DISABLE KEYS */;
INSERT INTO `user_speciality` VALUES (1,42,12,NULL,NULL),(38,55,5,NULL,NULL),(42,11,5,NULL,NULL),(46,50,5,NULL,NULL),(54,9,5,NULL,NULL),(58,8,5,NULL,NULL),(62,5,5,NULL,NULL),(66,44,5,NULL,NULL),(70,6,5,NULL,NULL),(76,7,5,NULL,NULL),(80,10,5,NULL,NULL),(92,3,5,NULL,NULL),(98,127,6,NULL,NULL),(102,129,5,NULL,NULL),(104,4,2,NULL,NULL),(107,2,2,NULL,NULL),(147,275,1,NULL,NULL),(148,274,2,NULL,NULL),(149,273,1,NULL,NULL),(150,272,1,NULL,NULL),(151,271,2,NULL,NULL),(152,270,1,NULL,NULL),(153,269,2,NULL,NULL),(154,268,1,NULL,NULL),(155,267,2,NULL,NULL),(156,257,1,NULL,NULL),(157,276,1,NULL,NULL),(158,277,1,NULL,NULL),(159,278,1,NULL,NULL),(160,279,1,NULL,NULL),(161,280,1,NULL,NULL),(162,281,2,NULL,NULL),(163,282,1,NULL,NULL),(164,283,1,NULL,NULL),(165,284,1,NULL,NULL),(166,285,1,NULL,NULL),(167,258,1,NULL,NULL),(168,286,1,NULL,NULL),(169,259,2,NULL,NULL),(170,260,1,NULL,NULL),(172,266,1,NULL,NULL),(175,217,8,NULL,NULL),(299,308,2,NULL,NULL),(300,308,6,NULL,NULL),(325,239,2,NULL,NULL),(326,239,4,NULL,NULL),(327,256,2,NULL,NULL),(328,256,4,NULL,NULL),(329,221,2,NULL,NULL),(330,221,4,NULL,NULL),(331,218,2,NULL,NULL),(332,218,4,NULL,NULL),(333,242,2,NULL,NULL),(334,242,4,NULL,NULL),(335,249,2,NULL,NULL),(336,249,4,NULL,NULL),(337,250,2,NULL,NULL),(338,250,4,NULL,NULL),(339,219,2,NULL,NULL),(340,219,4,NULL,NULL),(341,254,2,NULL,NULL),(342,254,4,NULL,NULL),(343,246,1,NULL,NULL),(344,246,8,NULL,NULL),(345,238,1,NULL,NULL),(346,238,8,NULL,NULL),(347,255,1,NULL,NULL),(348,255,8,NULL,NULL),(349,236,1,NULL,NULL),(350,236,8,NULL,NULL),(351,252,1,NULL,NULL),(352,252,8,NULL,NULL),(353,247,1,NULL,NULL),(354,247,8,NULL,NULL),(355,220,1,NULL,NULL),(356,220,8,NULL,NULL),(357,245,1,NULL,NULL),(358,245,8,NULL,NULL),(359,223,1,NULL,NULL),(360,223,8,NULL,NULL),(361,310,1,NULL,NULL),(362,310,8,NULL,NULL),(363,309,2,NULL,NULL),(364,309,31,NULL,NULL),(365,243,2,NULL,NULL),(366,243,31,NULL,NULL),(369,240,1,NULL,NULL),(370,240,4,NULL,NULL),(371,235,3,NULL,NULL),(372,235,2,NULL,NULL),(373,248,3,NULL,NULL),(374,248,2,NULL,NULL),(375,253,5,NULL,NULL),(376,253,34,NULL,NULL),(377,237,3,NULL,NULL),(378,237,2,NULL,NULL),(379,224,3,NULL,NULL),(381,244,30,NULL,NULL),(382,244,2,NULL,NULL),(383,241,3,NULL,NULL),(384,241,6,NULL,NULL),(387,251,31,NULL,NULL),(388,251,5,NULL,NULL),(389,222,30,NULL,NULL),(390,222,1,NULL,NULL);
/*!40000 ALTER TABLE `user_speciality` ENABLE KEYS */;
UNLOCK TABLES;

--
-- Table structure for table `users`
--

DROP TABLE IF EXISTS `users`;
/*!40101 SET @saved_cs_client     = @@character_set_client */;
/*!50503 SET character_set_client = utf8mb4 */;
CREATE TABLE `users` (
  `id` bigint unsigned NOT NULL AUTO_INCREMENT,
  `first_name` varchar(191) CHARACTER SET utf8mb4 COLLATE utf8mb4_unicode_ci NOT NULL,
  `last_name` varchar(191) CHARACTER SET utf8mb4 COLLATE utf8mb4_unicode_ci NOT NULL,
  `slug` varchar(191) CHARACTER SET utf8mb4 COLLATE utf8mb4_unicode_ci NOT NULL,
  `email` varchar(191) CHARACTER SET utf8mb4 COLLATE utf8mb4_unicode_ci DEFAULT NULL,
  `password` varchar(191) CHARACTER SET utf8mb4 COLLATE utf8mb4_unicode_ci NOT NULL,
  `location_id` int DEFAULT NULL,
  `verification_code` varchar(191) CHARACTER SET utf8mb4 COLLATE utf8mb4_unicode_ci DEFAULT NULL,
  `user_verified` tinyint DEFAULT NULL,
  `package_expiry` varchar(191) CHARACTER SET utf8mb4 COLLATE utf8mb4_unicode_ci DEFAULT NULL,
  `remember_token` varchar(100) CHARACTER SET utf8mb4 COLLATE utf8mb4_unicode_ci DEFAULT NULL,
  `created_at` timestamp NULL DEFAULT NULL,
  `updated_at` timestamp NULL DEFAULT NULL,
  `phone_number` varchar(191) COLLATE utf8mb4_unicode_ci DEFAULT NULL,
  `assistant_phone_number` varchar(191) CHARACTER SET utf8mb4 COLLATE utf8mb4_unicode_ci DEFAULT NULL,
  `provider` varchar(191) COLLATE utf8mb4_unicode_ci DEFAULT NULL,
  `provider_id` varchar(191) COLLATE utf8mb4_unicode_ci DEFAULT NULL,
  `area_id` int DEFAULT NULL,
  `exceed_time` timestamp NULL DEFAULT NULL,
  PRIMARY KEY (`id`),
  UNIQUE KEY `users_slug_unique` (`slug`),
  UNIQUE KEY `users_email_unique` (`email`),
  UNIQUE KEY `191` (`phone_number`)
) ENGINE=InnoDB AUTO_INCREMENT=333 DEFAULT CHARSET=utf8mb4 COLLATE=utf8mb4_unicode_ci;
/*!40101 SET character_set_client = @saved_cs_client */;

--
-- Dumping data for table `users`
--

LOCK TABLES `users` WRITE;
/*!40000 ALTER TABLE `users` DISABLE KEYS */;
INSERT INTO `users` VALUES (1,'mr.','david','mr-david','admin@msnsoft.com','$2y$10$Q.lkZfqNYwOc1A0llUM0..stUh9AcEE1PofJYBbh6U6DUrVUgzxK.',1,'877727',1,NULL,'xfLm1cNnjm8aTMtmyuaGIlYAHj9HL3l1UIUBVlWfneOAN6LAP5YJPut0XzqY','2020-01-15 13:15:48','2020-09-18 05:13:52',NULL,NULL,NULL,NULL,NULL,'2020-09-18 05:13:52'),(4,'Jhon','Xavier','jhon-xavier','alexa2@amentotech.com','$2y$10$L6zOAdqaqukUF1Iw9NfDhO9BOiQ7yrcAzyC6/ISKY.K9kLmizPmKq',1,NULL,1,NULL,'n8HoNtmgOA5NuVv2AOEPPr4c8kEEkzkCH1vXfU7qQtaxVtd0gWsHLJ59tCPg','2020-01-15 13:15:48','2020-06-19 09:45:28',NULL,NULL,NULL,NULL,NULL,NULL),(20,'St. Denwer','Hospital','st-denwer-hospital','hospitals@msnsoft.com','$2y$10$L6zOAdqaqukUF1Iw9NfDhO9BOiQ7yrcAzyC6/ISKY.K9kLmizPmKq',1,NULL,1,NULL,NULL,'2020-01-15 13:15:49','2020-07-07 07:48:23',NULL,NULL,NULL,NULL,NULL,NULL),(21,'new','Clarke','new-clarke','clarke@amentotech.com','$2y$10$L6zOAdqaqukUF1Iw9NfDhO9BOiQ7yrcAzyC6/ISKY.K9kLmizPmKq',7,'GPKH',1,'2020-02-14 13:15:49',NULL,'2020-01-15 13:15:49','2020-03-10 06:29:15',NULL,NULL,NULL,NULL,NULL,NULL),(22,'Georgia','Baker','georgia-baker','baker@amentotech.com','$2y$10$L6zOAdqaqukUF1Iw9NfDhO9BOiQ7yrcAzyC6/ISKY.K9kLmizPmKq',1,'MSNSOFT',1,'2020-02-14 13:15:49',NULL,'2020-01-15 13:15:49','2020-07-09 10:49:02',NULL,NULL,NULL,NULL,NULL,NULL),(23,'Ralph','Davis','ralph-davis','davis@amentotech.com','$2y$10$L6zOAdqaqukUF1Iw9NfDhO9BOiQ7yrcAzyC6/ISKY.K9kLmizPmKq',8,NULL,1,'2020-02-14 13:15:49',NULL,'2020-01-15 13:15:49','2020-06-03 11:52:21',NULL,NULL,NULL,NULL,NULL,NULL),(24,'test','Xavier','test-xavier','patient1@msnsoft.com','$2y$10$L6zOAdqaqukUF1Iw9NfDhO9BOiQ7yrcAzyC6/ISKY.K9kLmizPmKq',1,'MSNSOFT',1,NULL,NULL,'2020-01-15 13:15:49','2020-07-09 10:58:34',NULL,NULL,NULL,NULL,NULL,NULL),(38,'Muhammad','Nasar','muhammad-nasar','maliksikander11@gmail.com','$2y$10$L6zOAdqaqukUF1Iw9NfDhO9BOiQ7yrcAzyC6/ISKY.K9kLmizPmKq',3,'C6I9',0,NULL,NULL,'2020-03-02 11:08:09','2020-03-02 11:11:52',NULL,NULL,NULL,NULL,NULL,NULL),(39,'Muhammad','Nasar','muhammad-nasar-1','sikander.nasar@outlook.com','$2y$10$L6zOAdqaqukUF1Iw9NfDhO9BOiQ7yrcAzyC6/ISKY.K9kLmizPmKq',2,'4ZIJ',0,NULL,NULL,'2020-03-02 12:36:19','2020-03-02 12:39:05',NULL,NULL,NULL,NULL,NULL,NULL),(41,'Muhammad','Nasar','muhammad-nasar-2','msn@gmail.com','$2y$10$L6zOAdqaqukUF1Iw9NfDhO9BOiQ7yrcAzyC6/ISKY.K9kLmizPmKq',5,'L0H2',0,NULL,NULL,'2020-03-04 15:25:06','2020-03-04 15:25:06',NULL,NULL,NULL,NULL,NULL,NULL),(66,'Hassan','Mehmood Hospital','hassan-mehmood-hospital','hassandg@gmail.com','$2y$10$L6zOAdqaqukUF1Iw9NfDhO9BOiQ7yrcAzyC6/ISKY.K9kLmizPmKq',NULL,NULL,0,NULL,NULL,'2020-03-24 12:44:17','2020-03-24 12:44:17',NULL,NULL,NULL,NULL,NULL,NULL),(70,'Salman','Haider','salman-haider','hinahoney228@gmail.com','$2y$10$L6zOAdqaqukUF1Iw9NfDhO9BOiQ7yrcAzyC6/ISKY.K9kLmizPmKq',NULL,NULL,NULL,NULL,NULL,'2020-03-30 05:28:29','2020-03-30 05:28:29',NULL,NULL,'facebook','2840902979357655',NULL,NULL),(98,'usman','usman','usman-usman','musman@gmail.com','$2y$10$L6zOAdqaqukUF1Iw9NfDhO9BOiQ7yrcAzyC6/ISKY.K9kLmizPmKq',1,NULL,0,NULL,NULL,'2020-04-02 14:11:35','2020-05-13 07:07:35','03204439559',NULL,NULL,NULL,NULL,NULL),(111,'mr','harry','mr-harry-2',NULL,'$2y$10$5ZfQKesQFXjJ/1e/ZPXwjObFBquROpfxVPV.TVu/J/y.Y0hYJTo4K',NULL,'MSNSOFT',NULL,NULL,NULL,'2020-04-13 07:02:59','2020-04-13 07:02:59','03786756444',NULL,NULL,NULL,NULL,NULL),(112,'mr','potter','mr-potter',NULL,'$2y$10$f9hmeIAAZMtyBGJcoQfhxOYeI7OnibqeWIL5H3QvcSH3UIJ8lyWza',NULL,'MSNSOFT',NULL,NULL,NULL,'2020-04-13 07:06:14','2020-04-13 07:06:14','03564545454',NULL,NULL,NULL,NULL,NULL),(113,'mr','horin','mr-horin',NULL,'$2y$10$YYmGyZIn200JNacC/rvPu.2.jjxpcZgvJc.ja.wTgwvyzqYKfTG8e',NULL,'MSNSOFT',NULL,NULL,NULL,'2020-04-13 07:09:19','2020-04-13 07:09:19','03567787656',NULL,NULL,NULL,NULL,NULL),(115,'hello','User','hello-user',NULL,'$2y$10$EyGAX6ZS7j1BaQUET32CV.xzKvP7.VnjiULoxWR4BiwUxtFm2LZAG',NULL,'MSNSOFT',NULL,NULL,NULL,'2020-04-13 08:17:42','2020-04-13 08:17:42','03123123121',NULL,NULL,NULL,NULL,NULL),(118,'gfhgfhgft','User','gfhgfhgft-user',NULL,'$2y$10$mDYTo7fIykCRl9uEzLuLAOHrdABy3hOS5q3Uk/TxoR/qPJnXXHWNK',NULL,'MSNSOFT',NULL,NULL,NULL,'2020-04-13 10:59:19','2020-04-13 10:59:19','77767787877',NULL,NULL,NULL,NULL,NULL),(119,'new','users','new-users',NULL,'$2y$10$/CF0HMl6Zj/8Ei4dnqs.BOUmnnr4H9ATVigjB7/70rkiIA5xbCfq2',NULL,'MSNSOFT',NULL,NULL,NULL,'2020-04-13 11:07:42','2020-04-13 11:07:42','03455454545',NULL,NULL,NULL,NULL,NULL),(120,'mr','zeen','mr-zeen',NULL,'$2y$10$G7jQ7k5huPFJABmxrFKro.6YrZ85oQImHYNdd3HjGXRYkkY8wLp3W',NULL,'MSNSOFT',NULL,NULL,NULL,'2020-04-13 12:06:01','2020-04-13 12:06:01','+923358733954',NULL,NULL,NULL,NULL,NULL),(121,'dcdefefe','User','dcdefefe-user',NULL,'$2y$10$pMo5a6fyA2/v7a7PgHifZ.hZZInXcCehbjoUIG9l6KBsVR6jJUKiK',NULL,'MSNSOFT',NULL,NULL,NULL,'2020-04-13 12:08:06','2020-04-13 12:08:06','03358733965',NULL,NULL,NULL,NULL,NULL),(130,'Ahmad','Shahid','ahmad-shahid','ahmadshahid@gmail.com','$2y$10$VMVOR5HEy0pVPvPK2A7Dm.Io3aRF2PYJpXSdR7/epjrUd5ilHYt7i',NULL,NULL,0,NULL,NULL,'2020-04-21 11:36:54','2020-05-15 10:14:45','03204439555',NULL,NULL,NULL,NULL,NULL),(134,'Al Razi Healthcare','LabLab','al-razi-healthcare-lablab','lab@msnsoft.com','$2y$10$uzhHp5qQn81h62GdUqiF4.L9/qIlgHqxoVZeLx0g982BqMRrUaBqS',1,'7ES3',0,NULL,NULL,'2020-05-05 13:14:17','2020-09-15 06:32:50','03334567564',NULL,NULL,NULL,159,NULL),(135,'Alnoor Diagnostic Centre','lab','alnoor-diagnostic-centre-lab','new_life_lab@gmail.com','$2y$10$oNtjXU/vJEK310B8/cq4nOZ5jvwjy60JZYWIPTkBnnfjd.HEvX7tu',3,'DV1M',0,NULL,NULL,'2020-05-05 13:15:55','2020-09-15 06:33:00','03023423123',NULL,NULL,NULL,155,NULL),(136,'Shalamar Hospital','lab','shalamar-hospital-lab','sunlight_lab@gamil.com','$2y$10$us0M7oFl3j5fcC7dHgfheephUdhRu4OqPE7fwDhFPrschqMrCAM2G',5,NULL,0,NULL,NULL,'2020-05-05 13:25:34','2020-09-15 06:33:19','0303445675',NULL,NULL,NULL,157,NULL),(137,'Punjab Clinic of Radiology','lab','punjab-clinic-of-radiology-lab','Punjab@msnsoft.com','$2y$10$5vTbXrh.hI41NrOpG4WxOezkidaK0sjQBv7Bs43DJq.hYBmvjUe4a',4,NULL,0,NULL,NULL,'2020-05-06 06:59:00','2020-09-15 06:33:09','0304545344',NULL,NULL,NULL,156,NULL),(222,'Dr. Fawad Nasrullah','Fawad Nasrullah','dr-fawad-nasrullah-fawad-nasrullah','nasrullah@msnsoft.com','$2y$10$gYakEP8AeyBfa1HDa1nuQu8mj7aPwAo9eT/.yT3Po5cop106q5YSG',3,NULL,0,'2020-07-02 05:19:07',NULL,'2020-06-22 05:19:07','2020-09-15 06:31:53','0323454533','0323454533',NULL,NULL,155,NULL),(224,'Dr.','Athar Mehmood','dr-athar-mehmood','mehmood@msnsoft.com','$2y$10$VYtvnjBW.1tjPjsCinJuSOK99CZ7C5E0VbcXlO91W/yeOE5nYZnNy',1,NULL,0,'2020-07-02 05:20:54',NULL,'2020-06-22 05:20:54','2020-09-15 06:31:15','0356453421','0356453421',NULL,NULL,138,NULL),(235,'Dr.','Aisha Ghias','dr-aisha-ghias','doctor@msnsoft.com','$2y$10$3nRpc9l4IlK1QkoXLIW9tuKm5JWNWXwyN/Ozy3Ek9Iz2RDWq/RqSq',2,NULL,0,'2020-07-02 06:57:04',NULL,'2020-06-22 06:57:04','2020-09-21 05:56:05','03009900990','03009900990',NULL,NULL,154,NULL),(237,'Dr.','Anita Kazi','dr-anita-kazi','Kazi@msnsoft.com','$2y$10$CkRd9HiNg2EO8AQygmVewOTL.Xp7TEWtKIfeMlm7RnSGCPy697jNa',5,NULL,0,'2020-07-02 06:58:51',NULL,'2020-06-22 06:58:51','2020-09-15 06:31:07','0300990099009','0300990099009',NULL,NULL,157,NULL),(240,'Dr.','Abdul Raheem Qureshi','dr-abdul-raheem-qureshi','Qureshi@msnsoft.com','$2y$10$mtAtfX3vIxWByOHwkUo6DeW78U3u3WcMXZv.kzNHWL2qEdXqhD3ci',1,NULL,0,'2020-07-02 07:03:51',NULL,'2020-06-22 07:03:51','2020-09-14 13:27:23','03444949201','03444949201',NULL,NULL,138,NULL),(241,'Dr.','Fahad Rafiq Butt','dr-fahad-rafiq-butt','butt@msnsoft.com','$2y$10$Es6czmp6h9iKlB1P9.1NRe0fOm9iBWIUE.hPweGZ.3ufJ8X2El2Uq',6,NULL,0,'2020-07-02 07:04:48',NULL,'2020-06-22 07:04:48','2020-09-15 06:31:36','03003499345','03003499345',NULL,NULL,161,NULL),(244,'Dr.','Atif Ikram','dr-atif-ikram','Ikram@msnsoft.com','$2y$10$y0Qt2XuUPMgSJ5lsSMKs7.fcXgZrC2BNV4Q0gdzJ9NUWxy9fDOBim',5,NULL,0,'2020-07-02 07:07:07',NULL,'2020-06-22 07:07:07','2020-09-15 06:31:27','03049090900','03049090900',NULL,NULL,157,NULL),(248,'Dr.','Amjad Sk Durrani','dr-amjad-sk-durrani','Durrani@msnsoft.com','$2y$10$BJKPNxktZisAxrdUmS0FzuI4E7JIRMKkpwtOPfNiNsq5ZNtdWGlt6',3,NULL,0,'2020-07-02 07:10:06',NULL,'2020-06-22 07:10:06','2020-09-15 06:30:50','03499022900','03499022900',NULL,NULL,155,NULL),(251,'Dr.','Fatima Khanum','dr-fatima-khanum','Khanum@msnsoft.com','$2y$10$yyhJ5va0lZ0s/sjZE/o/aOR6ECNfxd1LHlPf0wMtWl2Zr.64.F6Bi',79,NULL,0,'2020-07-02 07:12:23',NULL,'2020-06-22 07:12:23','2020-09-15 06:31:44','03009988888','03009988888',NULL,NULL,163,NULL),(253,'Dr.','Ammar Hameed Khan','dr-ammar-hameed-khan','Khan@msnsoft.com','$2y$10$JMcJuGvkTJYSe8iVkfNQAuXgfo5OvMpfrD74p8sGfQpWJFCyalhe.',4,NULL,0,'2020-07-02 07:14:14',NULL,'2020-06-22 07:14:14','2020-09-15 06:30:59','03399090909','03399090909',NULL,NULL,156,NULL),(267,'Ahsan','Mumtaz Hospital','ahsan-mumtaz-hospital','Mumtaz@msnsoft.com','$2y$10$Z7fEqFtOj7FOsMsQwQ9AIu/hk7/10ezwGyA6Jv0Ig8I.xCzZopOhi',3,NULL,0,NULL,NULL,'2020-06-22 07:29:45','2020-09-15 06:23:33','03001234343','03001234343',NULL,NULL,155,NULL),(270,'Ammar Medical','Complex Hospital','ammar-medical-complex-hospital','Complex2@msnsoft.com','$2y$10$Cz/1GlJ3Ungo9qw7aZxlzeKQiGgsgh1rDI2kq9E/sUSEPiUyeolYm',3,NULL,0,NULL,NULL,'2020-06-22 07:32:03','2020-09-15 06:24:34','03009877898','03009877898',NULL,NULL,155,NULL),(275,'Al Razi Health','Care Hospital','al-razi-health-care-hospital','hospital@msnsoft.com','$2y$10$eBj/bcBDkSnh9TBmpoWEtuwcRBzDAwDtpIBRWfaYNyxbFCRR7I8WC',4,NULL,0,NULL,NULL,'2020-06-22 07:35:53','2020-09-15 06:23:50','03003434343','03003434343',NULL,NULL,156,NULL),(277,'Chugtai','Medical Center','chugtai-medical-center','Medical3@msnsoft.com','$2y$10$n6pZUWopO61LWelf6pNDf.xQr1aj/FjdSXw3hW0oOnJLNhh2bHij.',5,NULL,0,NULL,NULL,'2020-06-22 07:37:25','2020-09-15 06:24:50','03009800543','03009800543',NULL,NULL,157,NULL),(278,'Amber','Medical Center','amber-medical-center','Medical4@msnsoft.com','$2y$10$6rqvlGACe.ywffAdA1zW4OIfM7uQzirg/qo.mw672zgb5ghfJn6M.',1,NULL,0,NULL,NULL,'2020-06-22 07:38:06','2020-09-15 06:24:22','03007654345',NULL,NULL,NULL,139,NULL),(279,'Al-Shafi','Hospital','al-shafi-hospital','Shafi12@msnsoft.com','$2y$10$NghilWmtCt2B9fp.bZ8a1e4ljgQOrK9yOiS2sDbYasWkjq73w.dlG',5,NULL,0,NULL,NULL,'2020-06-22 07:38:58','2020-09-15 06:24:04','03005445544','03005445544',NULL,NULL,157,NULL),(281,'Evercare','Hospital','evercare-hospital','Evercare@msnsoft.com','$2y$10$jp6M7wcU9WTptGDWBoKZNOp4i0u9ibfdmZn70jFet9mjRD0vrB6h.',1,NULL,0,NULL,NULL,'2020-06-22 07:40:17','2020-09-15 06:25:02','03004334433','03004334433',NULL,NULL,153,NULL),(282,'Family','Hospital','family-hospital','Family@msnsoft.com','$2y$10$PlgJ5NgGXfS4Eu2pXEJV6edlE9YVwQtSrszc2A.t/kH24Ne31B/Im',4,NULL,0,NULL,NULL,'2020-06-22 07:41:06','2020-09-15 06:25:12','03009877878','03009877878',NULL,NULL,156,NULL),(284,'Aadil','Hospital','aadil-hospital','aadil@msnsoft.com','$2y$10$0RDdashG0.u4TL8dT4I9E..U.UNZL3wUgO7WZKZprgXxsLvpDFURK',1,NULL,0,NULL,NULL,'2020-06-22 07:42:33','2020-09-15 06:23:20','03006544565','03006544565',NULL,NULL,152,NULL),(286,'Farooq','Hospital','farooq-hospital','Farooq@msnsoft.com','$2y$10$2qv/9hUHJR1AP1CcGimrr.OzrxLHikU.Kh5Up8Rsl4vW16U1n9tbm',2,NULL,0,NULL,NULL,'2020-06-22 07:44:04','2020-09-15 06:25:22','03008766787','03008766787',NULL,NULL,154,NULL),(321,'Guest','User','guest-user',NULL,'$2y$10$oek0lHot41urFN2CQCwOOecJaWrnnsn4vduoQy4Z2DeW94qZ0EWoe',NULL,NULL,NULL,NULL,NULL,'2020-07-15 07:55:55','2020-07-21 13:35:23','03004400444',NULL,NULL,NULL,NULL,NULL),(322,'Guest','User','guest-user-1',NULL,'$2y$10$7v9KJ0ztva7xksTXGPuWaefKHb0VPAV8JNxBKa6yySWSY2vI20E5C',NULL,NULL,NULL,NULL,NULL,'2020-07-17 14:09:20','2020-07-21 07:24:35','03447546583',NULL,NULL,NULL,NULL,NULL),(323,'Guest','User','guest-user-2',NULL,'$2y$10$csG7YWA3sNBTetBE8lMCreprrjCp9R70tHmTZ0fFaQ04.KU5YGeNW',NULL,NULL,NULL,NULL,NULL,'2020-07-22 14:58:20','2020-07-22 14:58:32','hhbhbhbhbhb',NULL,NULL,NULL,NULL,NULL),(324,'Guest','User','guest-user-3',NULL,'$2y$10$sVnX0yjhCNnQJ8dE4lo6LOlqXPZVQJpxT6i.MwmYNQvv4CRMF3.Je',NULL,'MSNSOFT',NULL,NULL,NULL,'2020-07-23 11:56:50','2020-07-23 11:56:50','03126020228',NULL,NULL,NULL,NULL,NULL),(325,'Guest','User','guest-user-4',NULL,'$2y$10$/irc8B87fgPizbd19P1TZOyMIWG8KwLyc8faT9usXqNnXysuttbCO',NULL,NULL,NULL,NULL,NULL,'2020-07-23 11:58:19','2020-07-23 12:02:40','923126020228',NULL,NULL,NULL,NULL,NULL),(326,'Guest','User','guest-user-5',NULL,'$2y$10$RebK3.1YouMSWHTwTeP2NuBSxPjR72xnKcrvwI3M0b/uE/18f0076',NULL,NULL,NULL,NULL,NULL,'2020-07-23 12:04:51','2020-07-23 14:03:50','923447546583',NULL,NULL,NULL,NULL,'2020-07-23 12:10:42'),(327,'Guest','User','guest-user-6',NULL,'$2y$10$ZGd8eLMHcKTneisKEiM5pe9PwLo.GAYGjnpXLCmi4jstswUQsIaIu',NULL,NULL,NULL,NULL,NULL,'2020-07-23 12:58:31','2020-08-11 11:31:36','923417666305',NULL,NULL,NULL,NULL,NULL),(328,'Guest','User','guest-user-7',NULL,'$2y$10$UHH6IylqcuIt6pjGs9mThOob56OzdgLNW331VctTk.6QUoXliWCw.',NULL,'kV3R0IGUgzM836kJrYFWN5HSP9RNBEB9',NULL,NULL,NULL,'2020-07-23 13:41:16','2020-09-18 05:16:55','923358733954',NULL,NULL,NULL,NULL,NULL),(329,'Guest','User','guest-user-8',NULL,'$2y$10$3.9qLcodlozkzGdExkFb3.ouvCjJuVXgKO70UmSPan8WEKzTRwKo6',NULL,'R6S3GJx49go2GiqmVw9WgkbznXINV32Z',NULL,NULL,NULL,'2020-07-23 13:43:43','2020-09-21 07:09:44','923014116930',NULL,NULL,NULL,NULL,NULL),(330,'Guest','User','guest-user-9',NULL,'$2y$10$bLxs/zUOd5Doa1y5Gufwi.m0nCkpJwxywC3EWJsWQmADtD5OVof/a',NULL,'376351',NULL,NULL,NULL,'2020-07-23 14:01:26','2020-07-23 14:01:26','923011416930',NULL,NULL,NULL,NULL,NULL);
/*!40000 ALTER TABLE `users` ENABLE KEYS */;
UNLOCK TABLES;

--
-- Table structure for table `vaccination_alerts`
--

DROP TABLE IF EXISTS `vaccination_alerts`;
/*!40101 SET @saved_cs_client     = @@character_set_client */;
/*!50503 SET character_set_client = utf8mb4 */;
CREATE TABLE `vaccination_alerts` (
  `id` int NOT NULL AUTO_INCREMENT,
  `title` varchar(191) DEFAULT NULL,
  `vaccination_id` varchar(191) DEFAULT NULL,
  `start_date` varchar(191) DEFAULT NULL,
  `end_date` varchar(191) DEFAULT NULL,
  `start_time` varchar(191) DEFAULT NULL,
  `end_time` varchar(191) DEFAULT NULL,
  `url` varchar(191) DEFAULT NULL,
  `alert_parents` varchar(191) DEFAULT NULL,
  `created_at` timestamp NULL DEFAULT NULL,
  `updated_at` timestamp NULL DEFAULT NULL,
  PRIMARY KEY (`id`)
) ENGINE=InnoDB AUTO_INCREMENT=9 DEFAULT CHARSET=latin1;
/*!40101 SET character_set_client = @saved_cs_client */;

--
-- Dumping data for table `vaccination_alerts`
--

LOCK TABLES `vaccination_alerts` WRITE;
/*!40000 ALTER TABLE `vaccination_alerts` DISABLE KEYS */;
INSERT INTO `vaccination_alerts` VALUES (7,'first testing','6','2020-07-21','2020-07-25','07:22','06:21','https://dev.msnsoft.org/','on','2020-07-23 12:20:48','2020-07-23 12:20:48');
/*!40000 ALTER TABLE `vaccination_alerts` ENABLE KEYS */;
UNLOCK TABLES;

--
-- Table structure for table `vaccination_locations`
--

DROP TABLE IF EXISTS `vaccination_locations`;
/*!40101 SET @saved_cs_client     = @@character_set_client */;
/*!50503 SET character_set_client = utf8mb4 */;
CREATE TABLE `vaccination_locations` (
  `id` int NOT NULL AUTO_INCREMENT,
  `vaccination_id` varchar(50) DEFAULT NULL,
  `city` varchar(50) DEFAULT NULL,
  `hospital_id` varchar(50) DEFAULT NULL,
  `hospital_address` varchar(50) DEFAULT NULL,
  `room` varchar(50) DEFAULT NULL,
  `phone_no` varchar(50) DEFAULT NULL,
  `start_time` varchar(50) DEFAULT NULL,
  `end_time` varchar(50) DEFAULT NULL,
  `days` varchar(191) DEFAULT NULL,
  `created_at` timestamp NULL DEFAULT NULL,
  `updated_at` timestamp NULL DEFAULT NULL,
  PRIMARY KEY (`id`)
) ENGINE=InnoDB AUTO_INCREMENT=12 DEFAULT CHARSET=latin1;
/*!40101 SET character_set_client = @saved_cs_client */;

--
-- Dumping data for table `vaccination_locations`
--

LOCK TABLES `vaccination_locations` WRITE;
/*!40000 ALTER TABLE `vaccination_locations` DISABLE KEYS */;
INSERT INTO `vaccination_locations` VALUES (10,'6','1','257','main road','23','03002323230','07:20','09:22','[\"tuesday\",\"wednesday\",\"thurday\",\"sunday\"]','2020-07-23 12:18:42','2020-07-23 12:18:42');
/*!40000 ALTER TABLE `vaccination_locations` ENABLE KEYS */;
UNLOCK TABLES;

--
-- Table structure for table `vaccinations`
--

DROP TABLE IF EXISTS `vaccinations`;
/*!40101 SET @saved_cs_client     = @@character_set_client */;
/*!50503 SET character_set_client = utf8mb4 */;
CREATE TABLE `vaccinations` (
  `id` int NOT NULL AUTO_INCREMENT,
  `name` varchar(50) DEFAULT NULL,
  `description` text,
  `url` varchar(50) DEFAULT NULL,
  `duration` varchar(50) DEFAULT NULL,
  `created_at` timestamp NULL DEFAULT NULL,
  `updated_at` timestamp NULL DEFAULT NULL,
  PRIMARY KEY (`id`)
) ENGINE=InnoDB AUTO_INCREMENT=9 DEFAULT CHARSET=latin1;
/*!40101 SET character_set_client = @saved_cs_client */;

--
-- Dumping data for table `vaccinations`
--

LOCK TABLES `vaccinations` WRITE;
/*!40000 ALTER TABLE `vaccinations` DISABLE KEYS */;
INSERT INTO `vaccinations` VALUES (6,'first testing','<p>hello every one</p>','https://dev.msnsoft.org/','2 month','2020-07-23 12:16:54','2020-07-23 12:16:54'),(8,'testing 2','<p>hello</p>','hello','hello','2020-07-23 12:17:30','2020-07-23 12:17:30');
/*!40000 ALTER TABLE `vaccinations` ENABLE KEYS */;
UNLOCK TABLES;
/*!40103 SET TIME_ZONE=@OLD_TIME_ZONE */;

/*!40101 SET SQL_MODE=@OLD_SQL_MODE */;
/*!40014 SET FOREIGN_KEY_CHECKS=@OLD_FOREIGN_KEY_CHECKS */;
/*!40014 SET UNIQUE_CHECKS=@OLD_UNIQUE_CHECKS */;
/*!40101 SET CHARACTER_SET_CLIENT=@OLD_CHARACTER_SET_CLIENT */;
/*!40101 SET CHARACTER_SET_RESULTS=@OLD_CHARACTER_SET_RESULTS */;
/*!40101 SET COLLATION_CONNECTION=@OLD_COLLATION_CONNECTION */;
/*!40111 SET SQL_NOTES=@OLD_SQL_NOTES */;

-- Dump completed on 2020-09-21 16:17:01
